id,audio_path,lyrics_path,song,genre
000_30_things_i_learned_before_turning_30_00,audio/000_30_things_i_learned_before_turning_30_00.mp3,lyrics/000_30_things_i_learned_before_turning_30_00.txt,30,pop
000_30_things_i_learned_before_turning_30_01,audio/000_30_things_i_learned_before_turning_30_01.mp3,lyrics/000_30_things_i_learned_before_turning_30_01.txt,30,pop
000_30_things_i_learned_before_turning_30_02,audio/000_30_things_i_learned_before_turning_30_02.mp3,lyrics/000_30_things_i_learned_before_turning_30_02.txt,30,pop
000_30_things_i_learned_before_turning_30_03,audio/000_30_things_i_learned_before_turning_30_03.mp3,lyrics/000_30_things_i_learned_before_turning_30_03.txt,30,pop
000_30_things_i_learned_before_turning_30_04,audio/000_30_things_i_learned_before_turning_30_04.mp3,lyrics/000_30_things_i_learned_before_turning_30_04.txt,30,pop
000_30_things_i_learned_before_turning_30_05,audio/000_30_things_i_learned_before_turning_30_05.mp3,lyrics/000_30_things_i_learned_before_turning_30_05.txt,30,pop
000_30_things_i_learned_before_turning_30_06,audio/000_30_things_i_learned_before_turning_30_06.mp3,lyrics/000_30_things_i_learned_before_turning_30_06.txt,30,pop
000_cardigan_00,audio/000_cardigan_00.mp3,lyrics/000_cardigan_00.txt,cardigan,pop
000_cardigan_01,audio/000_cardigan_01.mp3,lyrics/000_cardigan_01.txt,cardigan,pop
000_cardigan_02,audio/000_cardigan_02.mp3,lyrics/000_cardigan_02.txt,cardigan,pop
000_cardigan_03,audio/000_cardigan_03.mp3,lyrics/000_cardigan_03.txt,cardigan,pop
000_cardigan_04,audio/000_cardigan_04.mp3,lyrics/000_cardigan_04.txt,cardigan,pop
000_cardigan_05,audio/000_cardigan_05.mp3,lyrics/000_cardigan_05.txt,cardigan,pop
000_cardigan_06,audio/000_cardigan_06.mp3,lyrics/000_cardigan_06.txt,cardigan,pop
000_cardigan_07,audio/000_cardigan_07.mp3,lyrics/000_cardigan_07.txt,cardigan,pop
000_cardigan_08,audio/000_cardigan_08.mp3,lyrics/000_cardigan_08.txt,cardigan,pop
000_cardigan_09,audio/000_cardigan_09.mp3,lyrics/000_cardigan_09.txt,cardigan,pop
001_afterglow_00,audio/001_afterglow_00.mp3,lyrics/001_afterglow_00.txt,afterglow,folk
001_afterglow_01,audio/001_afterglow_01.mp3,lyrics/001_afterglow_01.txt,afterglow,folk
001_afterglow_02,audio/001_afterglow_02.mp3,lyrics/001_afterglow_02.txt,afterglow,folk
001_afterglow_03,audio/001_afterglow_03.mp3,lyrics/001_afterglow_03.txt,afterglow,folk
001_afterglow_04,audio/001_afterglow_04.mp3,lyrics/001_afterglow_04.txt,afterglow,folk
001_afterglow_05,audio/001_afterglow_05.mp3,lyrics/001_afterglow_05.txt,afterglow,folk
001_afterglow_06,audio/001_afterglow_06.mp3,lyrics/001_afterglow_06.txt,afterglow,folk
001_afterglow_07,audio/001_afterglow_07.mp3,lyrics/001_afterglow_07.txt,afterglow,folk
002_all_you_had_to_do_was_stay_00,audio/002_all_you_had_to_do_was_stay_00.mp3,lyrics/002_all_you_had_to_do_was_stay_00.txt,all,rock
002_all_you_had_to_do_was_stay_01,audio/002_all_you_had_to_do_was_stay_01.mp3,lyrics/002_all_you_had_to_do_was_stay_01.txt,all,rock
002_all_you_had_to_do_was_stay_02,audio/002_all_you_had_to_do_was_stay_02.mp3,lyrics/002_all_you_had_to_do_was_stay_02.txt,all,rock
002_all_you_had_to_do_was_stay_03,audio/002_all_you_had_to_do_was_stay_03.mp3,lyrics/002_all_you_had_to_do_was_stay_03.txt,all,rock
002_all_you_had_to_do_was_stay_04,audio/002_all_you_had_to_do_was_stay_04.mp3,lyrics/002_all_you_had_to_do_was_stay_04.txt,all,rock
002_all_you_had_to_do_was_stay_05,audio/002_all_you_had_to_do_was_stay_05.mp3,lyrics/002_all_you_had_to_do_was_stay_05.txt,all,rock
002_all_you_had_to_do_was_stay_06,audio/002_all_you_had_to_do_was_stay_06.mp3,lyrics/002_all_you_had_to_do_was_stay_06.txt,all,rock
003_august_the_long_pond_studio_sessions_00,audio/003_august_the_long_pond_studio_sessions_00.mp3,lyrics/003_august_the_long_pond_studio_sessions_00.txt,august,rock
003_august_the_long_pond_studio_sessions_01,audio/003_august_the_long_pond_studio_sessions_01.mp3,lyrics/003_august_the_long_pond_studio_sessions_01.txt,august,rock
003_august_the_long_pond_studio_sessions_02,audio/003_august_the_long_pond_studio_sessions_02.mp3,lyrics/003_august_the_long_pond_studio_sessions_02.txt,august,rock
003_august_the_long_pond_studio_sessions_03,audio/003_august_the_long_pond_studio_sessions_03.mp3,lyrics/003_august_the_long_pond_studio_sessions_03.txt,august,rock
003_august_the_long_pond_studio_sessions_04,audio/003_august_the_long_pond_studio_sessions_04.mp3,lyrics/003_august_the_long_pond_studio_sessions_04.txt,august,rock
003_august_the_long_pond_studio_sessions_05,audio/003_august_the_long_pond_studio_sessions_05.mp3,lyrics/003_august_the_long_pond_studio_sessions_05.txt,august,rock
003_august_the_long_pond_studio_sessions_06,audio/003_august_the_long_pond_studio_sessions_06.mp3,lyrics/003_august_the_long_pond_studio_sessions_06.txt,august,rock
003_august_the_long_pond_studio_sessions_07,audio/003_august_the_long_pond_studio_sessions_07.mp3,lyrics/003_august_the_long_pond_studio_sessions_07.txt,august,rock
003_august_the_long_pond_studio_sessions_08,audio/003_august_the_long_pond_studio_sessions_08.mp3,lyrics/003_august_the_long_pond_studio_sessions_08.txt,august,rock
004_bad_bloodshouldve_said_no_00,audio/004_bad_bloodshouldve_said_no_00.mp3,lyrics/004_bad_bloodshouldve_said_no_00.txt,bad,rock
004_bad_bloodshouldve_said_no_01,audio/004_bad_bloodshouldve_said_no_01.mp3,lyrics/004_bad_bloodshouldve_said_no_01.txt,bad,rock
004_bad_bloodshouldve_said_no_02,audio/004_bad_bloodshouldve_said_no_02.mp3,lyrics/004_bad_bloodshouldve_said_no_02.txt,bad,rock
004_bad_bloodshouldve_said_no_03,audio/004_bad_bloodshouldve_said_no_03.mp3,lyrics/004_bad_bloodshouldve_said_no_03.txt,bad,rock
004_bad_bloodshouldve_said_no_04,audio/004_bad_bloodshouldve_said_no_04.mp3,lyrics/004_bad_bloodshouldve_said_no_04.txt,bad,rock
004_bad_bloodshouldve_said_no_05,audio/004_bad_bloodshouldve_said_no_05.mp3,lyrics/004_bad_bloodshouldve_said_no_05.txt,bad,rock
004_bad_bloodshouldve_said_no_06,audio/004_bad_bloodshouldve_said_no_06.mp3,lyrics/004_bad_bloodshouldve_said_no_06.txt,bad,rock
004_bad_bloodshouldve_said_no_07,audio/004_bad_bloodshouldve_said_no_07.mp3,lyrics/004_bad_bloodshouldve_said_no_07.txt,bad,rock
005_betty_the_long_pond_studio_sessions_00,audio/005_betty_the_long_pond_studio_sessions_00.mp3,lyrics/005_betty_the_long_pond_studio_sessions_00.txt,betty,pop
005_betty_the_long_pond_studio_sessions_01,audio/005_betty_the_long_pond_studio_sessions_01.mp3,lyrics/005_betty_the_long_pond_studio_sessions_01.txt,betty,pop
005_betty_the_long_pond_studio_sessions_02,audio/005_betty_the_long_pond_studio_sessions_02.mp3,lyrics/005_betty_the_long_pond_studio_sessions_02.txt,betty,pop
005_betty_the_long_pond_studio_sessions_03,audio/005_betty_the_long_pond_studio_sessions_03.mp3,lyrics/005_betty_the_long_pond_studio_sessions_03.txt,betty,pop
005_betty_the_long_pond_studio_sessions_04,audio/005_betty_the_long_pond_studio_sessions_04.mp3,lyrics/005_betty_the_long_pond_studio_sessions_04.txt,betty,pop
005_betty_the_long_pond_studio_sessions_05,audio/005_betty_the_long_pond_studio_sessions_05.mp3,lyrics/005_betty_the_long_pond_studio_sessions_05.txt,betty,pop
005_betty_the_long_pond_studio_sessions_06,audio/005_betty_the_long_pond_studio_sessions_06.mp3,lyrics/005_betty_the_long_pond_studio_sessions_06.txt,betty,pop
005_betty_the_long_pond_studio_sessions_07,audio/005_betty_the_long_pond_studio_sessions_07.mp3,lyrics/005_betty_the_long_pond_studio_sessions_07.txt,betty,pop
005_betty_the_long_pond_studio_sessions_08,audio/005_betty_the_long_pond_studio_sessions_08.mp3,lyrics/005_betty_the_long_pond_studio_sessions_08.txt,betty,pop
005_betty_the_long_pond_studio_sessions_09,audio/005_betty_the_long_pond_studio_sessions_09.mp3,lyrics/005_betty_the_long_pond_studio_sessions_09.txt,betty,pop
006_billboard_woman_of_the_decade_speech_00,audio/006_billboard_woman_of_the_decade_speech_00.mp3,lyrics/006_billboard_woman_of_the_decade_speech_00.txt,billboard,R&B
006_billboard_woman_of_the_decade_speech_01,audio/006_billboard_woman_of_the_decade_speech_01.mp3,lyrics/006_billboard_woman_of_the_decade_speech_01.txt,billboard,R&B
006_billboard_woman_of_the_decade_speech_02,audio/006_billboard_woman_of_the_decade_speech_02.mp3,lyrics/006_billboard_woman_of_the_decade_speech_02.txt,billboard,R&B
006_billboard_woman_of_the_decade_speech_03,audio/006_billboard_woman_of_the_decade_speech_03.mp3,lyrics/006_billboard_woman_of_the_decade_speech_03.txt,billboard,R&B
006_billboard_woman_of_the_decade_speech_04,audio/006_billboard_woman_of_the_decade_speech_04.mp3,lyrics/006_billboard_woman_of_the_decade_speech_04.txt,billboard,R&B
006_billboard_woman_of_the_decade_speech_05,audio/006_billboard_woman_of_the_decade_speech_05.mp3,lyrics/006_billboard_woman_of_the_decade_speech_05.txt,billboard,R&B
006_billboard_woman_of_the_decade_speech_06,audio/006_billboard_woman_of_the_decade_speech_06.mp3,lyrics/006_billboard_woman_of_the_decade_speech_06.txt,billboard,R&B
006_billboard_woman_of_the_decade_speech_07,audio/006_billboard_woman_of_the_decade_speech_07.mp3,lyrics/006_billboard_woman_of_the_decade_speech_07.txt,billboard,R&B
006_billboard_woman_of_the_decade_speech_08,audio/006_billboard_woman_of_the_decade_speech_08.mp3,lyrics/006_billboard_woman_of_the_decade_speech_08.txt,billboard,R&B
007_blank_space_00,audio/007_blank_space_00.mp3,lyrics/007_blank_space_00.txt,blank,pop
007_blank_space_01,audio/007_blank_space_01.mp3,lyrics/007_blank_space_01.txt,blank,pop
007_blank_space_02,audio/007_blank_space_02.mp3,lyrics/007_blank_space_02.txt,blank,pop
007_blank_space_03,audio/007_blank_space_03.mp3,lyrics/007_blank_space_03.txt,blank,pop
007_blank_space_04,audio/007_blank_space_04.mp3,lyrics/007_blank_space_04.txt,blank,pop
007_blank_space_05,audio/007_blank_space_05.mp3,lyrics/007_blank_space_05.txt,blank,pop
007_blank_space_06,audio/007_blank_space_06.mp3,lyrics/007_blank_space_06.txt,blank,pop
007_blank_space_07,audio/007_blank_space_07.mp3,lyrics/007_blank_space_07.txt,blank,pop
007_blank_space_08,audio/007_blank_space_08.mp3,lyrics/007_blank_space_08.txt,blank,pop
007_blank_space_09,audio/007_blank_space_09.mp3,lyrics/007_blank_space_09.txt,blank,pop
008_breathless_00,audio/008_breathless_00.mp3,lyrics/008_breathless_00.txt,breathless,R&B
008_breathless_01,audio/008_breathless_01.mp3,lyrics/008_breathless_01.txt,breathless,R&B
008_breathless_02,audio/008_breathless_02.mp3,lyrics/008_breathless_02.txt,breathless,R&B
008_breathless_03,audio/008_breathless_03.mp3,lyrics/008_breathless_03.txt,breathless,R&B
008_breathless_04,audio/008_breathless_04.mp3,lyrics/008_breathless_04.txt,breathless,R&B
008_breathless_05,audio/008_breathless_05.mp3,lyrics/008_breathless_05.txt,breathless,R&B
008_breathless_06,audio/008_breathless_06.mp3,lyrics/008_breathless_06.txt,breathless,R&B
008_breathless_07,audio/008_breathless_07.mp3,lyrics/008_breathless_07.txt,breathless,R&B
009_champagne_problems_00,audio/009_champagne_problems_00.mp3,lyrics/009_champagne_problems_00.txt,champagne,country
009_champagne_problems_01,audio/009_champagne_problems_01.mp3,lyrics/009_champagne_problems_01.txt,champagne,country
009_champagne_problems_02,audio/009_champagne_problems_02.mp3,lyrics/009_champagne_problems_02.txt,champagne,country
009_champagne_problems_03,audio/009_champagne_problems_03.mp3,lyrics/009_champagne_problems_03.txt,champagne,country
009_champagne_problems_04,audio/009_champagne_problems_04.mp3,lyrics/009_champagne_problems_04.txt,champagne,country
009_champagne_problems_05,audio/009_champagne_problems_05.mp3,lyrics/009_champagne_problems_05.txt,champagne,country
009_champagne_problems_06,audio/009_champagne_problems_06.mp3,lyrics/009_champagne_problems_06.txt,champagne,country
009_champagne_problems_07,audio/009_champagne_problems_07.mp3,lyrics/009_champagne_problems_07.txt,champagne,country
009_champagne_problems_08,audio/009_champagne_problems_08.mp3,lyrics/009_champagne_problems_08.txt,champagne,country
010_change_00,audio/010_change_00.mp3,lyrics/010_change_00.txt,change,pop
010_change_01,audio/010_change_01.mp3,lyrics/010_change_01.txt,change,pop
010_change_02,audio/010_change_02.mp3,lyrics/010_change_02.txt,change,pop
010_change_03,audio/010_change_03.mp3,lyrics/010_change_03.txt,change,pop
010_change_04,audio/010_change_04.mp3,lyrics/010_change_04.txt,change,pop
010_change_05,audio/010_change_05.mp3,lyrics/010_change_05.txt,change,pop
010_change_06,audio/010_change_06.mp3,lyrics/010_change_06.txt,change,pop
010_change_07,audio/010_change_07.mp3,lyrics/010_change_07.txt,change,pop
010_change_08,audio/010_change_08.mp3,lyrics/010_change_08.txt,change,pop
010_change_09,audio/010_change_09.mp3,lyrics/010_change_09.txt,change,pop
011_clean_00,audio/011_clean_00.mp3,lyrics/011_clean_00.txt,clean,pop
011_clean_01,audio/011_clean_01.mp3,lyrics/011_clean_01.txt,clean,pop
011_clean_02,audio/011_clean_02.mp3,lyrics/011_clean_02.txt,clean,pop
011_clean_03,audio/011_clean_03.mp3,lyrics/011_clean_03.txt,clean,pop
011_clean_04,audio/011_clean_04.mp3,lyrics/011_clean_04.txt,clean,pop
011_clean_05,audio/011_clean_05.mp3,lyrics/011_clean_05.txt,clean,pop
011_clean_06,audio/011_clean_06.mp3,lyrics/011_clean_06.txt,clean,pop
011_clean_07,audio/011_clean_07.mp3,lyrics/011_clean_07.txt,clean,pop
011_clean_08,audio/011_clean_08.mp3,lyrics/011_clean_08.txt,clean,pop
011_clean_09,audio/011_clean_09.mp3,lyrics/011_clean_09.txt,clean,pop
012_come_in_with_the_rain_00,audio/012_come_in_with_the_rain_00.mp3,lyrics/012_come_in_with_the_rain_00.txt,come,pop
012_come_in_with_the_rain_01,audio/012_come_in_with_the_rain_01.mp3,lyrics/012_come_in_with_the_rain_01.txt,come,pop
012_come_in_with_the_rain_02,audio/012_come_in_with_the_rain_02.mp3,lyrics/012_come_in_with_the_rain_02.txt,come,pop
012_come_in_with_the_rain_03,audio/012_come_in_with_the_rain_03.mp3,lyrics/012_come_in_with_the_rain_03.txt,come,pop
012_come_in_with_the_rain_04,audio/012_come_in_with_the_rain_04.mp3,lyrics/012_come_in_with_the_rain_04.txt,come,pop
012_come_in_with_the_rain_05,audio/012_come_in_with_the_rain_05.mp3,lyrics/012_come_in_with_the_rain_05.txt,come,pop
012_come_in_with_the_rain_06,audio/012_come_in_with_the_rain_06.mp3,lyrics/012_come_in_with_the_rain_06.txt,come,pop
012_come_in_with_the_rain_07,audio/012_come_in_with_the_rain_07.mp3,lyrics/012_come_in_with_the_rain_07.txt,come,pop
013_cornelia_street_live_from_paris_00,audio/013_cornelia_street_live_from_paris_00.mp3,lyrics/013_cornelia_street_live_from_paris_00.txt,cornelia,rock
013_cornelia_street_live_from_paris_01,audio/013_cornelia_street_live_from_paris_01.mp3,lyrics/013_cornelia_street_live_from_paris_01.txt,cornelia,rock
013_cornelia_street_live_from_paris_02,audio/013_cornelia_street_live_from_paris_02.mp3,lyrics/013_cornelia_street_live_from_paris_02.txt,cornelia,rock
013_cornelia_street_live_from_paris_03,audio/013_cornelia_street_live_from_paris_03.mp3,lyrics/013_cornelia_street_live_from_paris_03.txt,cornelia,rock
013_cornelia_street_live_from_paris_04,audio/013_cornelia_street_live_from_paris_04.mp3,lyrics/013_cornelia_street_live_from_paris_04.txt,cornelia,rock
013_cornelia_street_live_from_paris_05,audio/013_cornelia_street_live_from_paris_05.mp3,lyrics/013_cornelia_street_live_from_paris_05.txt,cornelia,rock
013_cornelia_street_live_from_paris_06,audio/013_cornelia_street_live_from_paris_06.mp3,lyrics/013_cornelia_street_live_from_paris_06.txt,cornelia,rock
013_cornelia_street_live_from_paris_07,audio/013_cornelia_street_live_from_paris_07.mp3,lyrics/013_cornelia_street_live_from_paris_07.txt,cornelia,rock
013_cornelia_street_live_from_paris_08,audio/013_cornelia_street_live_from_paris_08.mp3,lyrics/013_cornelia_street_live_from_paris_08.txt,cornelia,rock
013_cornelia_street_live_from_paris_09,audio/013_cornelia_street_live_from_paris_09.mp3,lyrics/013_cornelia_street_live_from_paris_09.txt,cornelia,rock
014_crazier_00,audio/014_crazier_00.mp3,lyrics/014_crazier_00.txt,crazier,rock
014_crazier_01,audio/014_crazier_01.mp3,lyrics/014_crazier_01.txt,crazier,rock
014_crazier_02,audio/014_crazier_02.mp3,lyrics/014_crazier_02.txt,crazier,rock
014_crazier_03,audio/014_crazier_03.mp3,lyrics/014_crazier_03.txt,crazier,rock
014_crazier_04,audio/014_crazier_04.mp3,lyrics/014_crazier_04.txt,crazier,rock
014_crazier_05,audio/014_crazier_05.mp3,lyrics/014_crazier_05.txt,crazier,rock
014_crazier_06,audio/014_crazier_06.mp3,lyrics/014_crazier_06.txt,crazier,rock
015_cruel_summer_00,audio/015_cruel_summer_00.mp3,lyrics/015_cruel_summer_00.txt,cruel,R&B
015_cruel_summer_01,audio/015_cruel_summer_01.mp3,lyrics/015_cruel_summer_01.txt,cruel,R&B
015_cruel_summer_02,audio/015_cruel_summer_02.mp3,lyrics/015_cruel_summer_02.txt,cruel,R&B
015_cruel_summer_03,audio/015_cruel_summer_03.mp3,lyrics/015_cruel_summer_03.txt,cruel,R&B
015_cruel_summer_04,audio/015_cruel_summer_04.mp3,lyrics/015_cruel_summer_04.txt,cruel,R&B
015_cruel_summer_05,audio/015_cruel_summer_05.mp3,lyrics/015_cruel_summer_05.txt,cruel,R&B
016_daylight_00,audio/016_daylight_00.mp3,lyrics/016_daylight_00.txt,daylight,R&B
016_daylight_01,audio/016_daylight_01.mp3,lyrics/016_daylight_01.txt,daylight,R&B
016_daylight_02,audio/016_daylight_02.mp3,lyrics/016_daylight_02.txt,daylight,R&B
016_daylight_03,audio/016_daylight_03.mp3,lyrics/016_daylight_03.txt,daylight,R&B
016_daylight_04,audio/016_daylight_04.mp3,lyrics/016_daylight_04.txt,daylight,R&B
016_daylight_05,audio/016_daylight_05.mp3,lyrics/016_daylight_05.txt,daylight,R&B
016_daylight_06,audio/016_daylight_06.mp3,lyrics/016_daylight_06.txt,daylight,R&B
016_daylight_07,audio/016_daylight_07.mp3,lyrics/016_daylight_07.txt,daylight,R&B
016_daylight_08,audio/016_daylight_08.mp3,lyrics/016_daylight_08.txt,daylight,R&B
016_daylight_09,audio/016_daylight_09.mp3,lyrics/016_daylight_09.txt,daylight,R&B
017_death_by_a_thousand_cuts_00,audio/017_death_by_a_thousand_cuts_00.mp3,lyrics/017_death_by_a_thousand_cuts_00.txt,death,pop
017_death_by_a_thousand_cuts_01,audio/017_death_by_a_thousand_cuts_01.mp3,lyrics/017_death_by_a_thousand_cuts_01.txt,death,pop
017_death_by_a_thousand_cuts_02,audio/017_death_by_a_thousand_cuts_02.mp3,lyrics/017_death_by_a_thousand_cuts_02.txt,death,pop
017_death_by_a_thousand_cuts_03,audio/017_death_by_a_thousand_cuts_03.mp3,lyrics/017_death_by_a_thousand_cuts_03.txt,death,pop
017_death_by_a_thousand_cuts_04,audio/017_death_by_a_thousand_cuts_04.mp3,lyrics/017_death_by_a_thousand_cuts_04.txt,death,pop
017_death_by_a_thousand_cuts_05,audio/017_death_by_a_thousand_cuts_05.mp3,lyrics/017_death_by_a_thousand_cuts_05.txt,death,pop
017_death_by_a_thousand_cuts_06,audio/017_death_by_a_thousand_cuts_06.mp3,lyrics/017_death_by_a_thousand_cuts_06.txt,death,pop
018_delicate_radio_disney_version_00,audio/018_delicate_radio_disney_version_00.mp3,lyrics/018_delicate_radio_disney_version_00.txt,delicate,R&B
018_delicate_radio_disney_version_01,audio/018_delicate_radio_disney_version_01.mp3,lyrics/018_delicate_radio_disney_version_01.txt,delicate,R&B
018_delicate_radio_disney_version_02,audio/018_delicate_radio_disney_version_02.mp3,lyrics/018_delicate_radio_disney_version_02.txt,delicate,R&B
018_delicate_radio_disney_version_03,audio/018_delicate_radio_disney_version_03.mp3,lyrics/018_delicate_radio_disney_version_03.txt,delicate,R&B
018_delicate_radio_disney_version_04,audio/018_delicate_radio_disney_version_04.mp3,lyrics/018_delicate_radio_disney_version_04.txt,delicate,R&B
018_delicate_radio_disney_version_05,audio/018_delicate_radio_disney_version_05.mp3,lyrics/018_delicate_radio_disney_version_05.txt,delicate,R&B
018_delicate_radio_disney_version_06,audio/018_delicate_radio_disney_version_06.mp3,lyrics/018_delicate_radio_disney_version_06.txt,delicate,R&B
018_delicate_radio_disney_version_07,audio/018_delicate_radio_disney_version_07.mp3,lyrics/018_delicate_radio_disney_version_07.txt,delicate,R&B
019_end_game_00,audio/019_end_game_00.mp3,lyrics/019_end_game_00.txt,end,rock
019_end_game_01,audio/019_end_game_01.mp3,lyrics/019_end_game_01.txt,end,rock
019_end_game_02,audio/019_end_game_02.mp3,lyrics/019_end_game_02.txt,end,rock
019_end_game_03,audio/019_end_game_03.mp3,lyrics/019_end_game_03.txt,end,rock
019_end_game_04,audio/019_end_game_04.mp3,lyrics/019_end_game_04.txt,end,rock
019_end_game_05,audio/019_end_game_05.mp3,lyrics/019_end_game_05.txt,end,rock
019_end_game_06,audio/019_end_game_06.mp3,lyrics/019_end_game_06.txt,end,rock
019_end_game_07,audio/019_end_game_07.mp3,lyrics/019_end_game_07.txt,end,rock
019_end_game_08,audio/019_end_game_08.mp3,lyrics/019_end_game_08.txt,end,rock
020_exile_00,audio/020_exile_00.mp3,lyrics/020_exile_00.txt,exile,R&B
020_exile_01,audio/020_exile_01.mp3,lyrics/020_exile_01.txt,exile,R&B
020_exile_02,audio/020_exile_02.mp3,lyrics/020_exile_02.txt,exile,R&B
020_exile_03,audio/020_exile_03.mp3,lyrics/020_exile_03.txt,exile,R&B
020_exile_04,audio/020_exile_04.mp3,lyrics/020_exile_04.txt,exile,R&B
020_exile_05,audio/020_exile_05.mp3,lyrics/020_exile_05.txt,exile,R&B
020_exile_06,audio/020_exile_06.mp3,lyrics/020_exile_06.txt,exile,R&B
020_exile_07,audio/020_exile_07.mp3,lyrics/020_exile_07.txt,exile,R&B
020_exile_08,audio/020_exile_08.mp3,lyrics/020_exile_08.txt,exile,R&B
020_exile_09,audio/020_exile_09.mp3,lyrics/020_exile_09.txt,exile,R&B
020_exile_10,audio/020_exile_10.mp3,lyrics/020_exile_10.txt,exile,R&B
021_false_god_00,audio/021_false_god_00.mp3,lyrics/021_false_god_00.txt,false,country
021_false_god_01,audio/021_false_god_01.mp3,lyrics/021_false_god_01.txt,false,country
021_false_god_02,audio/021_false_god_02.mp3,lyrics/021_false_god_02.txt,false,country
021_false_god_03,audio/021_false_god_03.mp3,lyrics/021_false_god_03.txt,false,country
021_false_god_04,audio/021_false_god_04.mp3,lyrics/021_false_god_04.txt,false,country
021_false_god_05,audio/021_false_god_05.mp3,lyrics/021_false_god_05.txt,false,country
021_false_god_06,audio/021_false_god_06.mp3,lyrics/021_false_god_06.txt,false,country
022_fearless_00,audio/022_fearless_00.mp3,lyrics/022_fearless_00.txt,fearless,rock
022_fearless_01,audio/022_fearless_01.mp3,lyrics/022_fearless_01.txt,fearless,rock
022_fearless_02,audio/022_fearless_02.mp3,lyrics/022_fearless_02.txt,fearless,rock
022_fearless_03,audio/022_fearless_03.mp3,lyrics/022_fearless_03.txt,fearless,rock
022_fearless_04,audio/022_fearless_04.mp3,lyrics/022_fearless_04.txt,fearless,rock
022_fearless_05,audio/022_fearless_05.mp3,lyrics/022_fearless_05.txt,fearless,rock
022_fearless_06,audio/022_fearless_06.mp3,lyrics/022_fearless_06.txt,fearless,rock
022_fearless_07,audio/022_fearless_07.mp3,lyrics/022_fearless_07.txt,fearless,rock
022_fearless_08,audio/022_fearless_08.mp3,lyrics/022_fearless_08.txt,fearless,rock
023_fifteen_00,audio/023_fifteen_00.mp3,lyrics/023_fifteen_00.txt,fifteen,country
023_fifteen_01,audio/023_fifteen_01.mp3,lyrics/023_fifteen_01.txt,fifteen,country
023_fifteen_02,audio/023_fifteen_02.mp3,lyrics/023_fifteen_02.txt,fifteen,country
023_fifteen_03,audio/023_fifteen_03.mp3,lyrics/023_fifteen_03.txt,fifteen,country
023_fifteen_04,audio/023_fifteen_04.mp3,lyrics/023_fifteen_04.txt,fifteen,country
023_fifteen_05,audio/023_fifteen_05.mp3,lyrics/023_fifteen_05.txt,fifteen,country
023_fifteen_06,audio/023_fifteen_06.mp3,lyrics/023_fifteen_06.txt,fifteen,country
023_fifteen_07,audio/023_fifteen_07.mp3,lyrics/023_fifteen_07.txt,fifteen,country
023_fifteen_08,audio/023_fifteen_08.mp3,lyrics/023_fifteen_08.txt,fifteen,country
023_fifteen_09,audio/023_fifteen_09.mp3,lyrics/023_fifteen_09.txt,fifteen,country
024_forever_always_00,audio/024_forever_always_00.mp3,lyrics/024_forever_always_00.txt,forever,R&B
024_forever_always_01,audio/024_forever_always_01.mp3,lyrics/024_forever_always_01.txt,forever,R&B
024_forever_always_02,audio/024_forever_always_02.mp3,lyrics/024_forever_always_02.txt,forever,R&B
024_forever_always_03,audio/024_forever_always_03.mp3,lyrics/024_forever_always_03.txt,forever,R&B
024_forever_always_04,audio/024_forever_always_04.mp3,lyrics/024_forever_always_04.txt,forever,R&B
024_forever_always_05,audio/024_forever_always_05.mp3,lyrics/024_forever_always_05.txt,forever,R&B
024_forever_always_06,audio/024_forever_always_06.mp3,lyrics/024_forever_always_06.txt,forever,R&B
024_forever_always_07,audio/024_forever_always_07.mp3,lyrics/024_forever_always_07.txt,forever,R&B
025_hey_stephen_00,audio/025_hey_stephen_00.mp3,lyrics/025_hey_stephen_00.txt,hey,folk
025_hey_stephen_01,audio/025_hey_stephen_01.mp3,lyrics/025_hey_stephen_01.txt,hey,folk
025_hey_stephen_02,audio/025_hey_stephen_02.mp3,lyrics/025_hey_stephen_02.txt,hey,folk
025_hey_stephen_03,audio/025_hey_stephen_03.mp3,lyrics/025_hey_stephen_03.txt,hey,folk
025_hey_stephen_04,audio/025_hey_stephen_04.mp3,lyrics/025_hey_stephen_04.txt,hey,folk
025_hey_stephen_05,audio/025_hey_stephen_05.mp3,lyrics/025_hey_stephen_05.txt,hey,folk
025_hey_stephen_06,audio/025_hey_stephen_06.mp3,lyrics/025_hey_stephen_06.txt,hey,folk
025_hey_stephen_07,audio/025_hey_stephen_07.mp3,lyrics/025_hey_stephen_07.txt,hey,folk
025_hey_stephen_08,audio/025_hey_stephen_08.mp3,lyrics/025_hey_stephen_08.txt,hey,folk
026_how_you_get_the_girl_00,audio/026_how_you_get_the_girl_00.mp3,lyrics/026_how_you_get_the_girl_00.txt,how,pop
026_how_you_get_the_girl_01,audio/026_how_you_get_the_girl_01.mp3,lyrics/026_how_you_get_the_girl_01.txt,how,pop
026_how_you_get_the_girl_02,audio/026_how_you_get_the_girl_02.mp3,lyrics/026_how_you_get_the_girl_02.txt,how,pop
026_how_you_get_the_girl_03,audio/026_how_you_get_the_girl_03.mp3,lyrics/026_how_you_get_the_girl_03.txt,how,pop
026_how_you_get_the_girl_04,audio/026_how_you_get_the_girl_04.mp3,lyrics/026_how_you_get_the_girl_04.txt,how,pop
026_how_you_get_the_girl_05,audio/026_how_you_get_the_girl_05.mp3,lyrics/026_how_you_get_the_girl_05.txt,how,pop
026_how_you_get_the_girl_06,audio/026_how_you_get_the_girl_06.mp3,lyrics/026_how_you_get_the_girl_06.txt,how,pop
026_how_you_get_the_girl_07,audio/026_how_you_get_the_girl_07.mp3,lyrics/026_how_you_get_the_girl_07.txt,how,pop
026_how_you_get_the_girl_08,audio/026_how_you_get_the_girl_08.mp3,lyrics/026_how_you_get_the_girl_08.txt,how,pop
027_i_forgot_that_you_existed_00,audio/027_i_forgot_that_you_existed_00.mp3,lyrics/027_i_forgot_that_you_existed_00.txt,i,rock
027_i_forgot_that_you_existed_01,audio/027_i_forgot_that_you_existed_01.mp3,lyrics/027_i_forgot_that_you_existed_01.txt,i,rock
027_i_forgot_that_you_existed_02,audio/027_i_forgot_that_you_existed_02.mp3,lyrics/027_i_forgot_that_you_existed_02.txt,i,rock
027_i_forgot_that_you_existed_03,audio/027_i_forgot_that_you_existed_03.mp3,lyrics/027_i_forgot_that_you_existed_03.txt,i,rock
027_i_forgot_that_you_existed_04,audio/027_i_forgot_that_you_existed_04.mp3,lyrics/027_i_forgot_that_you_existed_04.txt,i,rock
027_i_forgot_that_you_existed_05,audio/027_i_forgot_that_you_existed_05.mp3,lyrics/027_i_forgot_that_you_existed_05.txt,i,rock
028_i_know_places_00,audio/028_i_know_places_00.mp3,lyrics/028_i_know_places_00.txt,i,rock
028_i_know_places_01,audio/028_i_know_places_01.mp3,lyrics/028_i_know_places_01.txt,i,rock
028_i_know_places_02,audio/028_i_know_places_02.mp3,lyrics/028_i_know_places_02.txt,i,rock
028_i_know_places_03,audio/028_i_know_places_03.mp3,lyrics/028_i_know_places_03.txt,i,rock
028_i_know_places_04,audio/028_i_know_places_04.mp3,lyrics/028_i_know_places_04.txt,i,rock
028_i_know_places_05,audio/028_i_know_places_05.mp3,lyrics/028_i_know_places_05.txt,i,rock
028_i_know_places_06,audio/028_i_know_places_06.mp3,lyrics/028_i_know_places_06.txt,i,rock
029_i_think_he_knows_00,audio/029_i_think_he_knows_00.mp3,lyrics/029_i_think_he_knows_00.txt,i,rock
029_i_think_he_knows_01,audio/029_i_think_he_knows_01.mp3,lyrics/029_i_think_he_knows_01.txt,i,rock
029_i_think_he_knows_02,audio/029_i_think_he_knows_02.mp3,lyrics/029_i_think_he_knows_02.txt,i,rock
029_i_think_he_knows_03,audio/029_i_think_he_knows_03.mp3,lyrics/029_i_think_he_knows_03.txt,i,rock
029_i_think_he_knows_04,audio/029_i_think_he_knows_04.mp3,lyrics/029_i_think_he_knows_04.txt,i,rock
029_i_think_he_knows_05,audio/029_i_think_he_knows_05.mp3,lyrics/029_i_think_he_knows_05.txt,i,rock
030_jump_then_fall_00,audio/030_jump_then_fall_00.mp3,lyrics/030_jump_then_fall_00.txt,jump,country
030_jump_then_fall_01,audio/030_jump_then_fall_01.mp3,lyrics/030_jump_then_fall_01.txt,jump,country
030_jump_then_fall_02,audio/030_jump_then_fall_02.mp3,lyrics/030_jump_then_fall_02.txt,jump,country
030_jump_then_fall_03,audio/030_jump_then_fall_03.mp3,lyrics/030_jump_then_fall_03.txt,jump,country
030_jump_then_fall_04,audio/030_jump_then_fall_04.mp3,lyrics/030_jump_then_fall_04.txt,jump,country
030_jump_then_fall_05,audio/030_jump_then_fall_05.mp3,lyrics/030_jump_then_fall_05.txt,jump,country
030_jump_then_fall_06,audio/030_jump_then_fall_06.mp3,lyrics/030_jump_then_fall_06.txt,jump,country
030_jump_then_fall_07,audio/030_jump_then_fall_07.mp3,lyrics/030_jump_then_fall_07.txt,jump,country
031_london_boy_00,audio/031_london_boy_00.mp3,lyrics/031_london_boy_00.txt,london,folk
031_london_boy_01,audio/031_london_boy_01.mp3,lyrics/031_london_boy_01.txt,london,folk
031_london_boy_02,audio/031_london_boy_02.mp3,lyrics/031_london_boy_02.txt,london,folk
031_london_boy_03,audio/031_london_boy_03.mp3,lyrics/031_london_boy_03.txt,london,folk
031_london_boy_04,audio/031_london_boy_04.mp3,lyrics/031_london_boy_04.txt,london,folk
031_london_boy_05,audio/031_london_boy_05.mp3,lyrics/031_london_boy_05.txt,london,folk
031_london_boy_06,audio/031_london_boy_06.mp3,lyrics/031_london_boy_06.txt,london,folk
032_look_what_you_made_me_do_00,audio/032_look_what_you_made_me_do_00.mp3,lyrics/032_look_what_you_made_me_do_00.txt,look,folk
032_look_what_you_made_me_do_01,audio/032_look_what_you_made_me_do_01.mp3,lyrics/032_look_what_you_made_me_do_01.txt,look,folk
032_look_what_you_made_me_do_02,audio/032_look_what_you_made_me_do_02.mp3,lyrics/032_look_what_you_made_me_do_02.txt,look,folk
032_look_what_you_made_me_do_03,audio/032_look_what_you_made_me_do_03.mp3,lyrics/032_look_what_you_made_me_do_03.txt,look,folk
032_look_what_you_made_me_do_04,audio/032_look_what_you_made_me_do_04.mp3,lyrics/032_look_what_you_made_me_do_04.txt,look,folk
032_look_what_you_made_me_do_05,audio/032_look_what_you_made_me_do_05.mp3,lyrics/032_look_what_you_made_me_do_05.txt,look,folk
032_look_what_you_made_me_do_06,audio/032_look_what_you_made_me_do_06.mp3,lyrics/032_look_what_you_made_me_do_06.txt,look,folk
032_look_what_you_made_me_do_07,audio/032_look_what_you_made_me_do_07.mp3,lyrics/032_look_what_you_made_me_do_07.txt,look,folk
032_look_what_you_made_me_do_08,audio/032_look_what_you_made_me_do_08.mp3,lyrics/032_look_what_you_made_me_do_08.txt,look,folk
033_love_story_-_2020_re-recording_snippet_00,audio/033_love_story_-_2020_re-recording_snippet_00.mp3,lyrics/033_love_story_-_2020_re-recording_snippet_00.txt,love,rock
033_love_story_-_2020_re-recording_snippet_01,audio/033_love_story_-_2020_re-recording_snippet_01.mp3,lyrics/033_love_story_-_2020_re-recording_snippet_01.txt,love,rock
033_love_story_-_2020_re-recording_snippet_02,audio/033_love_story_-_2020_re-recording_snippet_02.mp3,lyrics/033_love_story_-_2020_re-recording_snippet_02.txt,love,rock
033_love_story_-_2020_re-recording_snippet_03,audio/033_love_story_-_2020_re-recording_snippet_03.mp3,lyrics/033_love_story_-_2020_re-recording_snippet_03.txt,love,rock
033_love_story_-_2020_re-recording_snippet_04,audio/033_love_story_-_2020_re-recording_snippet_04.mp3,lyrics/033_love_story_-_2020_re-recording_snippet_04.txt,love,rock
033_love_story_-_2020_re-recording_snippet_05,audio/033_love_story_-_2020_re-recording_snippet_05.mp3,lyrics/033_love_story_-_2020_re-recording_snippet_05.txt,love,rock
033_love_story_-_2020_re-recording_snippet_06,audio/033_love_story_-_2020_re-recording_snippet_06.mp3,lyrics/033_love_story_-_2020_re-recording_snippet_06.txt,love,rock
033_love_story_-_2020_re-recording_snippet_07,audio/033_love_story_-_2020_re-recording_snippet_07.mp3,lyrics/033_love_story_-_2020_re-recording_snippet_07.txt,love,rock
034_lover_00,audio/034_lover_00.mp3,lyrics/034_lover_00.txt,lover,rock
034_lover_01,audio/034_lover_01.mp3,lyrics/034_lover_01.txt,lover,rock
034_lover_02,audio/034_lover_02.mp3,lyrics/034_lover_02.txt,lover,rock
034_lover_03,audio/034_lover_03.mp3,lyrics/034_lover_03.txt,lover,rock
034_lover_04,audio/034_lover_04.mp3,lyrics/034_lover_04.txt,lover,rock
034_lover_05,audio/034_lover_05.mp3,lyrics/034_lover_05.txt,lover,rock
034_lover_06,audio/034_lover_06.mp3,lyrics/034_lover_06.txt,lover,rock
034_lover_07,audio/034_lover_07.mp3,lyrics/034_lover_07.txt,lover,rock
035_lover_first_dance_remix_00,audio/035_lover_first_dance_remix_00.mp3,lyrics/035_lover_first_dance_remix_00.txt,lover,rock
035_lover_first_dance_remix_01,audio/035_lover_first_dance_remix_01.mp3,lyrics/035_lover_first_dance_remix_01.txt,lover,rock
035_lover_first_dance_remix_02,audio/035_lover_first_dance_remix_02.mp3,lyrics/035_lover_first_dance_remix_02.txt,lover,rock
035_lover_first_dance_remix_03,audio/035_lover_first_dance_remix_03.mp3,lyrics/035_lover_first_dance_remix_03.txt,lover,rock
035_lover_first_dance_remix_04,audio/035_lover_first_dance_remix_04.mp3,lyrics/035_lover_first_dance_remix_04.txt,lover,rock
035_lover_first_dance_remix_05,audio/035_lover_first_dance_remix_05.mp3,lyrics/035_lover_first_dance_remix_05.txt,lover,rock
035_lover_first_dance_remix_06,audio/035_lover_first_dance_remix_06.mp3,lyrics/035_lover_first_dance_remix_06.txt,lover,rock
035_lover_first_dance_remix_07,audio/035_lover_first_dance_remix_07.mp3,lyrics/035_lover_first_dance_remix_07.txt,lover,rock
036_me_live_from_paris_00,audio/036_me_live_from_paris_00.mp3,lyrics/036_me_live_from_paris_00.txt,me,folk
036_me_live_from_paris_01,audio/036_me_live_from_paris_01.mp3,lyrics/036_me_live_from_paris_01.txt,me,folk
036_me_live_from_paris_02,audio/036_me_live_from_paris_02.mp3,lyrics/036_me_live_from_paris_02.txt,me,folk
036_me_live_from_paris_03,audio/036_me_live_from_paris_03.mp3,lyrics/036_me_live_from_paris_03.txt,me,folk
036_me_live_from_paris_04,audio/036_me_live_from_paris_04.mp3,lyrics/036_me_live_from_paris_04.txt,me,folk
036_me_live_from_paris_05,audio/036_me_live_from_paris_05.mp3,lyrics/036_me_live_from_paris_05.txt,me,folk
036_me_live_from_paris_06,audio/036_me_live_from_paris_06.mp3,lyrics/036_me_live_from_paris_06.txt,me,folk
036_me_live_from_paris_07,audio/036_me_live_from_paris_07.mp3,lyrics/036_me_live_from_paris_07.txt,me,folk
036_me_live_from_paris_08,audio/036_me_live_from_paris_08.mp3,lyrics/036_me_live_from_paris_08.txt,me,folk
037_miss_americana_the_heartbreak_prince_00,audio/037_miss_americana_the_heartbreak_prince_00.mp3,lyrics/037_miss_americana_the_heartbreak_prince_00.txt,miss,pop
037_miss_americana_the_heartbreak_prince_01,audio/037_miss_americana_the_heartbreak_prince_01.mp3,lyrics/037_miss_americana_the_heartbreak_prince_01.txt,miss,pop
037_miss_americana_the_heartbreak_prince_02,audio/037_miss_americana_the_heartbreak_prince_02.mp3,lyrics/037_miss_americana_the_heartbreak_prince_02.txt,miss,pop
037_miss_americana_the_heartbreak_prince_03,audio/037_miss_americana_the_heartbreak_prince_03.mp3,lyrics/037_miss_americana_the_heartbreak_prince_03.txt,miss,pop
037_miss_americana_the_heartbreak_prince_04,audio/037_miss_americana_the_heartbreak_prince_04.mp3,lyrics/037_miss_americana_the_heartbreak_prince_04.txt,miss,pop
037_miss_americana_the_heartbreak_prince_05,audio/037_miss_americana_the_heartbreak_prince_05.mp3,lyrics/037_miss_americana_the_heartbreak_prince_05.txt,miss,pop
037_miss_americana_the_heartbreak_prince_06,audio/037_miss_americana_the_heartbreak_prince_06.mp3,lyrics/037_miss_americana_the_heartbreak_prince_06.txt,miss,pop
037_miss_americana_the_heartbreak_prince_07,audio/037_miss_americana_the_heartbreak_prince_07.mp3,lyrics/037_miss_americana_the_heartbreak_prince_07.txt,miss,pop
038_my_tears_ricochet_00,audio/038_my_tears_ricochet_00.mp3,lyrics/038_my_tears_ricochet_00.txt,my,pop
038_my_tears_ricochet_01,audio/038_my_tears_ricochet_01.mp3,lyrics/038_my_tears_ricochet_01.txt,my,pop
038_my_tears_ricochet_02,audio/038_my_tears_ricochet_02.mp3,lyrics/038_my_tears_ricochet_02.txt,my,pop
038_my_tears_ricochet_03,audio/038_my_tears_ricochet_03.mp3,lyrics/038_my_tears_ricochet_03.txt,my,pop
038_my_tears_ricochet_04,audio/038_my_tears_ricochet_04.mp3,lyrics/038_my_tears_ricochet_04.txt,my,pop
038_my_tears_ricochet_05,audio/038_my_tears_ricochet_05.mp3,lyrics/038_my_tears_ricochet_05.txt,my,pop
038_my_tears_ricochet_06,audio/038_my_tears_ricochet_06.mp3,lyrics/038_my_tears_ricochet_06.txt,my,pop
038_my_tears_ricochet_07,audio/038_my_tears_ricochet_07.mp3,lyrics/038_my_tears_ricochet_07.txt,my,pop
038_my_tears_ricochet_08,audio/038_my_tears_ricochet_08.mp3,lyrics/038_my_tears_ricochet_08.txt,my,pop
039_new_romantics_00,audio/039_new_romantics_00.mp3,lyrics/039_new_romantics_00.txt,new,country
039_new_romantics_01,audio/039_new_romantics_01.mp3,lyrics/039_new_romantics_01.txt,new,country
039_new_romantics_02,audio/039_new_romantics_02.mp3,lyrics/039_new_romantics_02.txt,new,country
039_new_romantics_03,audio/039_new_romantics_03.mp3,lyrics/039_new_romantics_03.txt,new,country
039_new_romantics_04,audio/039_new_romantics_04.mp3,lyrics/039_new_romantics_04.txt,new,country
039_new_romantics_05,audio/039_new_romantics_05.mp3,lyrics/039_new_romantics_05.txt,new,country
039_new_romantics_06,audio/039_new_romantics_06.mp3,lyrics/039_new_romantics_06.txt,new,country
039_new_romantics_07,audio/039_new_romantics_07.mp3,lyrics/039_new_romantics_07.txt,new,country
040_out_of_the_woods_00,audio/040_out_of_the_woods_00.mp3,lyrics/040_out_of_the_woods_00.txt,out,pop
040_out_of_the_woods_01,audio/040_out_of_the_woods_01.mp3,lyrics/040_out_of_the_woods_01.txt,out,pop
040_out_of_the_woods_02,audio/040_out_of_the_woods_02.mp3,lyrics/040_out_of_the_woods_02.txt,out,pop
040_out_of_the_woods_03,audio/040_out_of_the_woods_03.mp3,lyrics/040_out_of_the_woods_03.txt,out,pop
040_out_of_the_woods_04,audio/040_out_of_the_woods_04.mp3,lyrics/040_out_of_the_woods_04.txt,out,pop
040_out_of_the_woods_05,audio/040_out_of_the_woods_05.mp3,lyrics/040_out_of_the_woods_05.txt,out,pop
040_out_of_the_woods_06,audio/040_out_of_the_woods_06.mp3,lyrics/040_out_of_the_woods_06.txt,out,pop
040_out_of_the_woods_07,audio/040_out_of_the_woods_07.mp3,lyrics/040_out_of_the_woods_07.txt,out,pop
041_paper_rings_00,audio/041_paper_rings_00.mp3,lyrics/041_paper_rings_00.txt,paper,folk
041_paper_rings_01,audio/041_paper_rings_01.mp3,lyrics/041_paper_rings_01.txt,paper,folk
041_paper_rings_02,audio/041_paper_rings_02.mp3,lyrics/041_paper_rings_02.txt,paper,folk
041_paper_rings_03,audio/041_paper_rings_03.mp3,lyrics/041_paper_rings_03.txt,paper,folk
041_paper_rings_04,audio/041_paper_rings_04.mp3,lyrics/041_paper_rings_04.txt,paper,folk
041_paper_rings_05,audio/041_paper_rings_05.mp3,lyrics/041_paper_rings_05.txt,paper,folk
041_paper_rings_06,audio/041_paper_rings_06.mp3,lyrics/041_paper_rings_06.txt,paper,folk
041_paper_rings_07,audio/041_paper_rings_07.mp3,lyrics/041_paper_rings_07.txt,paper,folk
042_ready_for_it_bloodpop_remix_00,audio/042_ready_for_it_bloodpop_remix_00.mp3,lyrics/042_ready_for_it_bloodpop_remix_00.txt,ready,folk
042_ready_for_it_bloodpop_remix_01,audio/042_ready_for_it_bloodpop_remix_01.mp3,lyrics/042_ready_for_it_bloodpop_remix_01.txt,ready,folk
042_ready_for_it_bloodpop_remix_02,audio/042_ready_for_it_bloodpop_remix_02.mp3,lyrics/042_ready_for_it_bloodpop_remix_02.txt,ready,folk
042_ready_for_it_bloodpop_remix_03,audio/042_ready_for_it_bloodpop_remix_03.mp3,lyrics/042_ready_for_it_bloodpop_remix_03.txt,ready,folk
042_ready_for_it_bloodpop_remix_04,audio/042_ready_for_it_bloodpop_remix_04.mp3,lyrics/042_ready_for_it_bloodpop_remix_04.txt,ready,folk
042_ready_for_it_bloodpop_remix_05,audio/042_ready_for_it_bloodpop_remix_05.mp3,lyrics/042_ready_for_it_bloodpop_remix_05.txt,ready,folk
042_ready_for_it_bloodpop_remix_06,audio/042_ready_for_it_bloodpop_remix_06.mp3,lyrics/042_ready_for_it_bloodpop_remix_06.txt,ready,folk
042_ready_for_it_bloodpop_remix_07,audio/042_ready_for_it_bloodpop_remix_07.mp3,lyrics/042_ready_for_it_bloodpop_remix_07.txt,ready,folk
043_shake_it_off_00,audio/043_shake_it_off_00.mp3,lyrics/043_shake_it_off_00.txt,shake,R&B
043_shake_it_off_01,audio/043_shake_it_off_01.mp3,lyrics/043_shake_it_off_01.txt,shake,R&B
043_shake_it_off_02,audio/043_shake_it_off_02.mp3,lyrics/043_shake_it_off_02.txt,shake,R&B
043_shake_it_off_03,audio/043_shake_it_off_03.mp3,lyrics/043_shake_it_off_03.txt,shake,R&B
043_shake_it_off_04,audio/043_shake_it_off_04.mp3,lyrics/043_shake_it_off_04.txt,shake,R&B
043_shake_it_off_05,audio/043_shake_it_off_05.mp3,lyrics/043_shake_it_off_05.txt,shake,R&B
043_shake_it_off_06,audio/043_shake_it_off_06.mp3,lyrics/043_shake_it_off_06.txt,shake,R&B
043_shake_it_off_07,audio/043_shake_it_off_07.mp3,lyrics/043_shake_it_off_07.txt,shake,R&B
044_style_00,audio/044_style_00.mp3,lyrics/044_style_00.txt,style,folk
044_style_01,audio/044_style_01.mp3,lyrics/044_style_01.txt,style,folk
044_style_02,audio/044_style_02.mp3,lyrics/044_style_02.txt,style,folk
044_style_03,audio/044_style_03.mp3,lyrics/044_style_03.txt,style,folk
044_style_04,audio/044_style_04.mp3,lyrics/044_style_04.txt,style,folk
044_style_05,audio/044_style_05.mp3,lyrics/044_style_05.txt,style,folk
044_style_06,audio/044_style_06.mp3,lyrics/044_style_06.txt,style,folk
044_style_07,audio/044_style_07.mp3,lyrics/044_style_07.txt,style,folk
045_superstar_00,audio/045_superstar_00.mp3,lyrics/045_superstar_00.txt,superstar,pop
045_superstar_01,audio/045_superstar_01.mp3,lyrics/045_superstar_01.txt,superstar,pop
045_superstar_02,audio/045_superstar_02.mp3,lyrics/045_superstar_02.txt,superstar,pop
045_superstar_03,audio/045_superstar_03.mp3,lyrics/045_superstar_03.txt,superstar,pop
045_superstar_04,audio/045_superstar_04.mp3,lyrics/045_superstar_04.txt,superstar,pop
045_superstar_05,audio/045_superstar_05.mp3,lyrics/045_superstar_05.txt,superstar,pop
045_superstar_06,audio/045_superstar_06.mp3,lyrics/045_superstar_06.txt,superstar,pop
045_superstar_07,audio/045_superstar_07.mp3,lyrics/045_superstar_07.txt,superstar,pop
045_superstar_08,audio/045_superstar_08.mp3,lyrics/045_superstar_08.txt,superstar,pop
046_the_1_00,audio/046_the_1_00.mp3,lyrics/046_the_1_00.txt,the,country
046_the_1_01,audio/046_the_1_01.mp3,lyrics/046_the_1_01.txt,the,country
046_the_1_02,audio/046_the_1_02.mp3,lyrics/046_the_1_02.txt,the,country
046_the_1_03,audio/046_the_1_03.mp3,lyrics/046_the_1_03.txt,the,country
046_the_1_04,audio/046_the_1_04.mp3,lyrics/046_the_1_04.txt,the,country
046_the_1_05,audio/046_the_1_05.mp3,lyrics/046_the_1_05.txt,the,country
046_the_1_06,audio/046_the_1_06.mp3,lyrics/046_the_1_06.txt,the,country
046_the_1_07,audio/046_the_1_07.mp3,lyrics/046_the_1_07.txt,the,country
047_the_archer_00,audio/047_the_archer_00.mp3,lyrics/047_the_archer_00.txt,the,country
047_the_archer_01,audio/047_the_archer_01.mp3,lyrics/047_the_archer_01.txt,the,country
047_the_archer_02,audio/047_the_archer_02.mp3,lyrics/047_the_archer_02.txt,the,country
047_the_archer_03,audio/047_the_archer_03.mp3,lyrics/047_the_archer_03.txt,the,country
047_the_archer_04,audio/047_the_archer_04.mp3,lyrics/047_the_archer_04.txt,the,country
047_the_archer_05,audio/047_the_archer_05.mp3,lyrics/047_the_archer_05.txt,the,country
047_the_archer_06,audio/047_the_archer_06.mp3,lyrics/047_the_archer_06.txt,the,country
047_the_archer_07,audio/047_the_archer_07.mp3,lyrics/047_the_archer_07.txt,the,country
048_the_best_day_00,audio/048_the_best_day_00.mp3,lyrics/048_the_best_day_00.txt,the,country
048_the_best_day_01,audio/048_the_best_day_01.mp3,lyrics/048_the_best_day_01.txt,the,country
048_the_best_day_02,audio/048_the_best_day_02.mp3,lyrics/048_the_best_day_02.txt,the,country
048_the_best_day_03,audio/048_the_best_day_03.mp3,lyrics/048_the_best_day_03.txt,the,country
048_the_best_day_04,audio/048_the_best_day_04.mp3,lyrics/048_the_best_day_04.txt,the,country
048_the_best_day_05,audio/048_the_best_day_05.mp3,lyrics/048_the_best_day_05.txt,the,country
048_the_best_day_06,audio/048_the_best_day_06.mp3,lyrics/048_the_best_day_06.txt,the,country
048_the_best_day_07,audio/048_the_best_day_07.mp3,lyrics/048_the_best_day_07.txt,the,country
048_the_best_day_08,audio/048_the_best_day_08.mp3,lyrics/048_the_best_day_08.txt,the,country
049_the_man_live_from_paris_00,audio/049_the_man_live_from_paris_00.mp3,lyrics/049_the_man_live_from_paris_00.txt,the,country
049_the_man_live_from_paris_01,audio/049_the_man_live_from_paris_01.mp3,lyrics/049_the_man_live_from_paris_01.txt,the,country
049_the_man_live_from_paris_02,audio/049_the_man_live_from_paris_02.mp3,lyrics/049_the_man_live_from_paris_02.txt,the,country
049_the_man_live_from_paris_03,audio/049_the_man_live_from_paris_03.mp3,lyrics/049_the_man_live_from_paris_03.txt,the,country
049_the_man_live_from_paris_04,audio/049_the_man_live_from_paris_04.mp3,lyrics/049_the_man_live_from_paris_04.txt,the,country
049_the_man_live_from_paris_05,audio/049_the_man_live_from_paris_05.mp3,lyrics/049_the_man_live_from_paris_05.txt,the,country
049_the_man_live_from_paris_06,audio/049_the_man_live_from_paris_06.mp3,lyrics/049_the_man_live_from_paris_06.txt,the,country
050_the_other_side_of_the_door_00,audio/050_the_other_side_of_the_door_00.mp3,lyrics/050_the_other_side_of_the_door_00.txt,the,country
050_the_other_side_of_the_door_01,audio/050_the_other_side_of_the_door_01.mp3,lyrics/050_the_other_side_of_the_door_01.txt,the,country
050_the_other_side_of_the_door_02,audio/050_the_other_side_of_the_door_02.mp3,lyrics/050_the_other_side_of_the_door_02.txt,the,country
050_the_other_side_of_the_door_03,audio/050_the_other_side_of_the_door_03.mp3,lyrics/050_the_other_side_of_the_door_03.txt,the,country
050_the_other_side_of_the_door_04,audio/050_the_other_side_of_the_door_04.mp3,lyrics/050_the_other_side_of_the_door_04.txt,the,country
050_the_other_side_of_the_door_05,audio/050_the_other_side_of_the_door_05.mp3,lyrics/050_the_other_side_of_the_door_05.txt,the,country
050_the_other_side_of_the_door_06,audio/050_the_other_side_of_the_door_06.mp3,lyrics/050_the_other_side_of_the_door_06.txt,the,country
050_the_other_side_of_the_door_07,audio/050_the_other_side_of_the_door_07.mp3,lyrics/050_the_other_side_of_the_door_07.txt,the,country
051_the_way_i_loved_you_00,audio/051_the_way_i_loved_you_00.mp3,lyrics/051_the_way_i_loved_you_00.txt,the,country
051_the_way_i_loved_you_01,audio/051_the_way_i_loved_you_01.mp3,lyrics/051_the_way_i_loved_you_01.txt,the,country
051_the_way_i_loved_you_02,audio/051_the_way_i_loved_you_02.mp3,lyrics/051_the_way_i_loved_you_02.txt,the,country
051_the_way_i_loved_you_03,audio/051_the_way_i_loved_you_03.mp3,lyrics/051_the_way_i_loved_you_03.txt,the,country
051_the_way_i_loved_you_04,audio/051_the_way_i_loved_you_04.mp3,lyrics/051_the_way_i_loved_you_04.txt,the,country
051_the_way_i_loved_you_05,audio/051_the_way_i_loved_you_05.mp3,lyrics/051_the_way_i_loved_you_05.txt,the,country
051_the_way_i_loved_you_06,audio/051_the_way_i_loved_you_06.mp3,lyrics/051_the_way_i_loved_you_06.txt,the,country
051_the_way_i_loved_you_07,audio/051_the_way_i_loved_you_07.mp3,lyrics/051_the_way_i_loved_you_07.txt,the,country
051_the_way_i_loved_you_08,audio/051_the_way_i_loved_you_08.mp3,lyrics/051_the_way_i_loved_you_08.txt,the,country
052_this_love_00,audio/052_this_love_00.mp3,lyrics/052_this_love_00.txt,this,R&B
052_this_love_01,audio/052_this_love_01.mp3,lyrics/052_this_love_01.txt,this,R&B
052_this_love_02,audio/052_this_love_02.mp3,lyrics/052_this_love_02.txt,this,R&B
052_this_love_03,audio/052_this_love_03.mp3,lyrics/052_this_love_03.txt,this,R&B
052_this_love_04,audio/052_this_love_04.mp3,lyrics/052_this_love_04.txt,this,R&B
052_this_love_05,audio/052_this_love_05.mp3,lyrics/052_this_love_05.txt,this,R&B
052_this_love_06,audio/052_this_love_06.mp3,lyrics/052_this_love_06.txt,this,R&B
052_this_love_07,audio/052_this_love_07.mp3,lyrics/052_this_love_07.txt,this,R&B
052_this_love_08,audio/052_this_love_08.mp3,lyrics/052_this_love_08.txt,this,R&B
053_welcome_to_new_york_00,audio/053_welcome_to_new_york_00.mp3,lyrics/053_welcome_to_new_york_00.txt,welcome,pop
053_welcome_to_new_york_01,audio/053_welcome_to_new_york_01.mp3,lyrics/053_welcome_to_new_york_01.txt,welcome,pop
053_welcome_to_new_york_02,audio/053_welcome_to_new_york_02.mp3,lyrics/053_welcome_to_new_york_02.txt,welcome,pop
053_welcome_to_new_york_03,audio/053_welcome_to_new_york_03.mp3,lyrics/053_welcome_to_new_york_03.txt,welcome,pop
053_welcome_to_new_york_04,audio/053_welcome_to_new_york_04.mp3,lyrics/053_welcome_to_new_york_04.txt,welcome,pop
053_welcome_to_new_york_05,audio/053_welcome_to_new_york_05.mp3,lyrics/053_welcome_to_new_york_05.txt,welcome,pop
053_welcome_to_new_york_06,audio/053_welcome_to_new_york_06.mp3,lyrics/053_welcome_to_new_york_06.txt,welcome,pop
053_welcome_to_new_york_07,audio/053_welcome_to_new_york_07.mp3,lyrics/053_welcome_to_new_york_07.txt,welcome,pop
054_white_horse_00,audio/054_white_horse_00.mp3,lyrics/054_white_horse_00.txt,white,country
054_white_horse_01,audio/054_white_horse_01.mp3,lyrics/054_white_horse_01.txt,white,country
054_white_horse_02,audio/054_white_horse_02.mp3,lyrics/054_white_horse_02.txt,white,country
054_white_horse_03,audio/054_white_horse_03.mp3,lyrics/054_white_horse_03.txt,white,country
054_white_horse_04,audio/054_white_horse_04.mp3,lyrics/054_white_horse_04.txt,white,country
054_white_horse_05,audio/054_white_horse_05.mp3,lyrics/054_white_horse_05.txt,white,country
054_white_horse_06,audio/054_white_horse_06.mp3,lyrics/054_white_horse_06.txt,white,country
054_white_horse_07,audio/054_white_horse_07.mp3,lyrics/054_white_horse_07.txt,white,country
055_wildest_dreams_r3hab_remix_00,audio/055_wildest_dreams_r3hab_remix_00.mp3,lyrics/055_wildest_dreams_r3hab_remix_00.txt,wildest,pop
055_wildest_dreams_r3hab_remix_01,audio/055_wildest_dreams_r3hab_remix_01.mp3,lyrics/055_wildest_dreams_r3hab_remix_01.txt,wildest,pop
055_wildest_dreams_r3hab_remix_02,audio/055_wildest_dreams_r3hab_remix_02.mp3,lyrics/055_wildest_dreams_r3hab_remix_02.txt,wildest,pop
055_wildest_dreams_r3hab_remix_03,audio/055_wildest_dreams_r3hab_remix_03.mp3,lyrics/055_wildest_dreams_r3hab_remix_03.txt,wildest,pop
055_wildest_dreams_r3hab_remix_04,audio/055_wildest_dreams_r3hab_remix_04.mp3,lyrics/055_wildest_dreams_r3hab_remix_04.txt,wildest,pop
055_wildest_dreams_r3hab_remix_05,audio/055_wildest_dreams_r3hab_remix_05.mp3,lyrics/055_wildest_dreams_r3hab_remix_05.txt,wildest,pop
055_wildest_dreams_r3hab_remix_06,audio/055_wildest_dreams_r3hab_remix_06.mp3,lyrics/055_wildest_dreams_r3hab_remix_06.txt,wildest,pop
055_wildest_dreams_r3hab_remix_07,audio/055_wildest_dreams_r3hab_remix_07.mp3,lyrics/055_wildest_dreams_r3hab_remix_07.txt,wildest,pop
056_you_are_in_love_00,audio/056_you_are_in_love_00.mp3,lyrics/056_you_are_in_love_00.txt,you,R&B
056_you_are_in_love_01,audio/056_you_are_in_love_01.mp3,lyrics/056_you_are_in_love_01.txt,you,R&B
056_you_are_in_love_02,audio/056_you_are_in_love_02.mp3,lyrics/056_you_are_in_love_02.txt,you,R&B
056_you_are_in_love_03,audio/056_you_are_in_love_03.mp3,lyrics/056_you_are_in_love_03.txt,you,R&B
056_you_are_in_love_04,audio/056_you_are_in_love_04.mp3,lyrics/056_you_are_in_love_04.txt,you,R&B
056_you_are_in_love_05,audio/056_you_are_in_love_05.mp3,lyrics/056_you_are_in_love_05.txt,you,R&B
056_you_are_in_love_06,audio/056_you_are_in_love_06.mp3,lyrics/056_you_are_in_love_06.txt,you,R&B
056_you_are_in_love_07,audio/056_you_are_in_love_07.mp3,lyrics/056_you_are_in_love_07.txt,you,R&B
056_you_are_in_love_08,audio/056_you_are_in_love_08.mp3,lyrics/056_you_are_in_love_08.txt,you,R&B
057_you_belong_with_me_00,audio/057_you_belong_with_me_00.mp3,lyrics/057_you_belong_with_me_00.txt,you,R&B
057_you_belong_with_me_01,audio/057_you_belong_with_me_01.mp3,lyrics/057_you_belong_with_me_01.txt,you,R&B
057_you_belong_with_me_02,audio/057_you_belong_with_me_02.mp3,lyrics/057_you_belong_with_me_02.txt,you,R&B
057_you_belong_with_me_03,audio/057_you_belong_with_me_03.mp3,lyrics/057_you_belong_with_me_03.txt,you,R&B
057_you_belong_with_me_04,audio/057_you_belong_with_me_04.mp3,lyrics/057_you_belong_with_me_04.txt,you,R&B
057_you_belong_with_me_05,audio/057_you_belong_with_me_05.mp3,lyrics/057_you_belong_with_me_05.txt,you,R&B
057_you_belong_with_me_06,audio/057_you_belong_with_me_06.mp3,lyrics/057_you_belong_with_me_06.txt,you,R&B
057_you_belong_with_me_07,audio/057_you_belong_with_me_07.mp3,lyrics/057_you_belong_with_me_07.txt,you,R&B
058_you_need_to_calm_down_00,audio/058_you_need_to_calm_down_00.mp3,lyrics/058_you_need_to_calm_down_00.txt,you,R&B
058_you_need_to_calm_down_01,audio/058_you_need_to_calm_down_01.mp3,lyrics/058_you_need_to_calm_down_01.txt,you,R&B
058_you_need_to_calm_down_02,audio/058_you_need_to_calm_down_02.mp3,lyrics/058_you_need_to_calm_down_02.txt,you,R&B
058_you_need_to_calm_down_03,audio/058_you_need_to_calm_down_03.mp3,lyrics/058_you_need_to_calm_down_03.txt,you,R&B
058_you_need_to_calm_down_04,audio/058_you_need_to_calm_down_04.mp3,lyrics/058_you_need_to_calm_down_04.txt,you,R&B
058_you_need_to_calm_down_05,audio/058_you_need_to_calm_down_05.mp3,lyrics/058_you_need_to_calm_down_05.txt,you,R&B
058_you_need_to_calm_down_06,audio/058_you_need_to_calm_down_06.mp3,lyrics/058_you_need_to_calm_down_06.txt,you,R&B
058_you_need_to_calm_down_07,audio/058_you_need_to_calm_down_07.mp3,lyrics/058_you_need_to_calm_down_07.txt,you,R&B
059_youre_not_sorry_csi_remix_00,audio/059_youre_not_sorry_csi_remix_00.mp3,lyrics/059_youre_not_sorry_csi_remix_00.txt,youre,folk
059_youre_not_sorry_csi_remix_01,audio/059_youre_not_sorry_csi_remix_01.mp3,lyrics/059_youre_not_sorry_csi_remix_01.txt,youre,folk
059_youre_not_sorry_csi_remix_02,audio/059_youre_not_sorry_csi_remix_02.mp3,lyrics/059_youre_not_sorry_csi_remix_02.txt,youre,folk
059_youre_not_sorry_csi_remix_03,audio/059_youre_not_sorry_csi_remix_03.mp3,lyrics/059_youre_not_sorry_csi_remix_03.txt,youre,folk
059_youre_not_sorry_csi_remix_04,audio/059_youre_not_sorry_csi_remix_04.mp3,lyrics/059_youre_not_sorry_csi_remix_04.txt,youre,folk
059_youre_not_sorry_csi_remix_05,audio/059_youre_not_sorry_csi_remix_05.mp3,lyrics/059_youre_not_sorry_csi_remix_05.txt,youre,folk
059_youre_not_sorry_csi_remix_06,audio/059_youre_not_sorry_csi_remix_06.mp3,lyrics/059_youre_not_sorry_csi_remix_06.txt,youre,folk
059_youre_not_sorry_csi_remix_07,audio/059_youre_not_sorry_csi_remix_07.mp3,lyrics/059_youre_not_sorry_csi_remix_07.txt,youre,folk
059_youre_not_sorry_csi_remix_08,audio/059_youre_not_sorry_csi_remix_08.mp3,lyrics/059_youre_not_sorry_csi_remix_08.txt,youre,folk
005_betty_00,audio/005_betty_00.mp3,lyrics/005_betty_00.txt,betty,pop
005_betty_01,audio/005_betty_01.mp3,lyrics/005_betty_01.txt,betty,pop
005_betty_02,audio/005_betty_02.mp3,lyrics/005_betty_02.txt,betty,pop
005_betty_03,audio/005_betty_03.mp3,lyrics/005_betty_03.txt,betty,pop
005_betty_04,audio/005_betty_04.mp3,lyrics/005_betty_04.txt,betty,pop
005_betty_05,audio/005_betty_05.mp3,lyrics/005_betty_05.txt,betty,pop
005_betty_06,audio/005_betty_06.mp3,lyrics/005_betty_06.txt,betty,pop
005_betty_07,audio/005_betty_07.mp3,lyrics/005_betty_07.txt,betty,pop
005_betty_08,audio/005_betty_08.mp3,lyrics/005_betty_08.txt,betty,pop
005_betty_09,audio/005_betty_09.mp3,lyrics/005_betty_09.txt,betty,pop
009_august_00,audio/009_august_00.mp3,lyrics/009_august_00.txt,august,rock
009_august_01,audio/009_august_01.mp3,lyrics/009_august_01.txt,august,rock
009_august_02,audio/009_august_02.mp3,lyrics/009_august_02.txt,august,rock
009_august_03,audio/009_august_03.mp3,lyrics/009_august_03.txt,august,rock
009_august_04,audio/009_august_04.mp3,lyrics/009_august_04.txt,august,rock
009_august_05,audio/009_august_05.mp3,lyrics/009_august_05.txt,august,rock
009_august_06,audio/009_august_06.mp3,lyrics/009_august_06.txt,august,rock
009_august_07,audio/009_august_07.mp3,lyrics/009_august_07.txt,august,rock
009_august_08,audio/009_august_08.mp3,lyrics/009_august_08.txt,august,rock
010_ready_for_it_00,audio/010_ready_for_it_00.mp3,lyrics/010_ready_for_it_00.txt,ready,folk
010_ready_for_it_01,audio/010_ready_for_it_01.mp3,lyrics/010_ready_for_it_01.txt,ready,folk
010_ready_for_it_02,audio/010_ready_for_it_02.mp3,lyrics/010_ready_for_it_02.txt,ready,folk
010_ready_for_it_03,audio/010_ready_for_it_03.mp3,lyrics/010_ready_for_it_03.txt,ready,folk
010_ready_for_it_04,audio/010_ready_for_it_04.mp3,lyrics/010_ready_for_it_04.txt,ready,folk
010_ready_for_it_05,audio/010_ready_for_it_05.mp3,lyrics/010_ready_for_it_05.txt,ready,folk
010_ready_for_it_06,audio/010_ready_for_it_06.mp3,lyrics/010_ready_for_it_06.txt,ready,folk
013_willow_00,audio/013_willow_00.mp3,lyrics/013_willow_00.txt,willow,electronic
013_willow_01,audio/013_willow_01.mp3,lyrics/013_willow_01.txt,willow,electronic
013_willow_02,audio/013_willow_02.mp3,lyrics/013_willow_02.txt,willow,electronic
013_willow_03,audio/013_willow_03.mp3,lyrics/013_willow_03.txt,willow,electronic
013_willow_04,audio/013_willow_04.mp3,lyrics/013_willow_04.txt,willow,electronic
013_willow_05,audio/013_willow_05.mp3,lyrics/013_willow_05.txt,willow,electronic
013_willow_06,audio/013_willow_06.mp3,lyrics/013_willow_06.txt,willow,electronic
015_invisible_string_00,audio/015_invisible_string_00.mp3,lyrics/015_invisible_string_00.txt,invisible,pop
015_invisible_string_01,audio/015_invisible_string_01.mp3,lyrics/015_invisible_string_01.txt,invisible,pop
015_invisible_string_02,audio/015_invisible_string_02.mp3,lyrics/015_invisible_string_02.txt,invisible,pop
015_invisible_string_03,audio/015_invisible_string_03.mp3,lyrics/015_invisible_string_03.txt,invisible,pop
015_invisible_string_04,audio/015_invisible_string_04.mp3,lyrics/015_invisible_string_04.txt,invisible,pop
015_invisible_string_05,audio/015_invisible_string_05.mp3,lyrics/015_invisible_string_05.txt,invisible,pop
015_invisible_string_06,audio/015_invisible_string_06.mp3,lyrics/015_invisible_string_06.txt,invisible,pop
015_invisible_string_07,audio/015_invisible_string_07.mp3,lyrics/015_invisible_string_07.txt,invisible,pop
016_the_last_great_american_dynasty_00,audio/016_the_last_great_american_dynasty_00.mp3,lyrics/016_the_last_great_american_dynasty_00.txt,the,country
016_the_last_great_american_dynasty_01,audio/016_the_last_great_american_dynasty_01.mp3,lyrics/016_the_last_great_american_dynasty_01.txt,the,country
016_the_last_great_american_dynasty_02,audio/016_the_last_great_american_dynasty_02.mp3,lyrics/016_the_last_great_american_dynasty_02.txt,the,country
016_the_last_great_american_dynasty_03,audio/016_the_last_great_american_dynasty_03.mp3,lyrics/016_the_last_great_american_dynasty_03.txt,the,country
016_the_last_great_american_dynasty_04,audio/016_the_last_great_american_dynasty_04.mp3,lyrics/016_the_last_great_american_dynasty_04.txt,the,country
016_the_last_great_american_dynasty_05,audio/016_the_last_great_american_dynasty_05.mp3,lyrics/016_the_last_great_american_dynasty_05.txt,the,country
016_the_last_great_american_dynasty_06,audio/016_the_last_great_american_dynasty_06.mp3,lyrics/016_the_last_great_american_dynasty_06.txt,the,country
016_the_last_great_american_dynasty_07,audio/016_the_last_great_american_dynasty_07.mp3,lyrics/016_the_last_great_american_dynasty_07.txt,the,country
017_delicate_00,audio/017_delicate_00.mp3,lyrics/017_delicate_00.txt,delicate,R&B
017_delicate_01,audio/017_delicate_01.mp3,lyrics/017_delicate_01.txt,delicate,R&B
017_delicate_02,audio/017_delicate_02.mp3,lyrics/017_delicate_02.txt,delicate,R&B
017_delicate_03,audio/017_delicate_03.mp3,lyrics/017_delicate_03.txt,delicate,R&B
017_delicate_04,audio/017_delicate_04.mp3,lyrics/017_delicate_04.txt,delicate,R&B
017_delicate_05,audio/017_delicate_05.mp3,lyrics/017_delicate_05.txt,delicate,R&B
017_delicate_06,audio/017_delicate_06.mp3,lyrics/017_delicate_06.txt,delicate,R&B
017_delicate_07,audio/017_delicate_07.mp3,lyrics/017_delicate_07.txt,delicate,R&B
018_call_it_what_you_want_00,audio/018_call_it_what_you_want_00.mp3,lyrics/018_call_it_what_you_want_00.txt,call,pop
018_call_it_what_you_want_01,audio/018_call_it_what_you_want_01.mp3,lyrics/018_call_it_what_you_want_01.txt,call,pop
018_call_it_what_you_want_02,audio/018_call_it_what_you_want_02.mp3,lyrics/018_call_it_what_you_want_02.txt,call,pop
018_call_it_what_you_want_03,audio/018_call_it_what_you_want_03.mp3,lyrics/018_call_it_what_you_want_03.txt,call,pop
018_call_it_what_you_want_04,audio/018_call_it_what_you_want_04.mp3,lyrics/018_call_it_what_you_want_04.txt,call,pop
018_call_it_what_you_want_05,audio/018_call_it_what_you_want_05.mp3,lyrics/018_call_it_what_you_want_05.txt,call,pop
018_call_it_what_you_want_06,audio/018_call_it_what_you_want_06.mp3,lyrics/018_call_it_what_you_want_06.txt,call,pop
023_illicit_affairs_00,audio/023_illicit_affairs_00.mp3,lyrics/023_illicit_affairs_00.txt,illicit,electronic
023_illicit_affairs_01,audio/023_illicit_affairs_01.mp3,lyrics/023_illicit_affairs_01.txt,illicit,electronic
023_illicit_affairs_02,audio/023_illicit_affairs_02.mp3,lyrics/023_illicit_affairs_02.txt,illicit,electronic
023_illicit_affairs_03,audio/023_illicit_affairs_03.mp3,lyrics/023_illicit_affairs_03.txt,illicit,electronic
023_illicit_affairs_04,audio/023_illicit_affairs_04.mp3,lyrics/023_illicit_affairs_04.txt,illicit,electronic
023_illicit_affairs_05,audio/023_illicit_affairs_05.mp3,lyrics/023_illicit_affairs_05.txt,illicit,electronic
024_this_is_me_trying_00,audio/024_this_is_me_trying_00.mp3,lyrics/024_this_is_me_trying_00.txt,this,R&B
024_this_is_me_trying_01,audio/024_this_is_me_trying_01.mp3,lyrics/024_this_is_me_trying_01.txt,this,R&B
024_this_is_me_trying_02,audio/024_this_is_me_trying_02.mp3,lyrics/024_this_is_me_trying_02.txt,this,R&B
024_this_is_me_trying_03,audio/024_this_is_me_trying_03.mp3,lyrics/024_this_is_me_trying_03.txt,this,R&B
024_this_is_me_trying_04,audio/024_this_is_me_trying_04.mp3,lyrics/024_this_is_me_trying_04.txt,this,R&B
024_this_is_me_trying_05,audio/024_this_is_me_trying_05.mp3,lyrics/024_this_is_me_trying_05.txt,this,R&B
025_gorgeous_00,audio/025_gorgeous_00.mp3,lyrics/025_gorgeous_00.txt,gorgeous,folk
025_gorgeous_01,audio/025_gorgeous_01.mp3,lyrics/025_gorgeous_01.txt,gorgeous,folk
025_gorgeous_02,audio/025_gorgeous_02.mp3,lyrics/025_gorgeous_02.txt,gorgeous,folk
025_gorgeous_03,audio/025_gorgeous_03.mp3,lyrics/025_gorgeous_03.txt,gorgeous,folk
025_gorgeous_04,audio/025_gorgeous_04.mp3,lyrics/025_gorgeous_04.txt,gorgeous,folk
025_gorgeous_05,audio/025_gorgeous_05.mp3,lyrics/025_gorgeous_05.txt,gorgeous,folk
025_gorgeous_06,audio/025_gorgeous_06.mp3,lyrics/025_gorgeous_06.txt,gorgeous,folk
026_evermore_00,audio/026_evermore_00.mp3,lyrics/026_evermore_00.txt,evermore,rock
026_evermore_01,audio/026_evermore_01.mp3,lyrics/026_evermore_01.txt,evermore,rock
026_evermore_02,audio/026_evermore_02.mp3,lyrics/026_evermore_02.txt,evermore,rock
026_evermore_03,audio/026_evermore_03.mp3,lyrics/026_evermore_03.txt,evermore,rock
026_evermore_04,audio/026_evermore_04.mp3,lyrics/026_evermore_04.txt,evermore,rock
026_evermore_05,audio/026_evermore_05.mp3,lyrics/026_evermore_05.txt,evermore,rock
026_evermore_06,audio/026_evermore_06.mp3,lyrics/026_evermore_06.txt,evermore,rock
026_evermore_07,audio/026_evermore_07.mp3,lyrics/026_evermore_07.txt,evermore,rock
026_evermore_08,audio/026_evermore_08.mp3,lyrics/026_evermore_08.txt,evermore,rock
026_evermore_09,audio/026_evermore_09.mp3,lyrics/026_evermore_09.txt,evermore,rock
027_peace_00,audio/027_peace_00.mp3,lyrics/027_peace_00.txt,peace,rock
027_peace_01,audio/027_peace_01.mp3,lyrics/027_peace_01.txt,peace,rock
027_peace_02,audio/027_peace_02.mp3,lyrics/027_peace_02.txt,peace,rock
027_peace_03,audio/027_peace_03.mp3,lyrics/027_peace_03.txt,peace,rock
027_peace_04,audio/027_peace_04.mp3,lyrics/027_peace_04.txt,peace,rock
027_peace_05,audio/027_peace_05.mp3,lyrics/027_peace_05.txt,peace,rock
027_peace_06,audio/027_peace_06.mp3,lyrics/027_peace_06.txt,peace,rock
027_peace_07,audio/027_peace_07.mp3,lyrics/027_peace_07.txt,peace,rock
028_mad_woman_00,audio/028_mad_woman_00.mp3,lyrics/028_mad_woman_00.txt,mad,rock
028_mad_woman_01,audio/028_mad_woman_01.mp3,lyrics/028_mad_woman_01.txt,mad,rock
028_mad_woman_02,audio/028_mad_woman_02.mp3,lyrics/028_mad_woman_02.txt,mad,rock
028_mad_woman_03,audio/028_mad_woman_03.mp3,lyrics/028_mad_woman_03.txt,mad,rock
028_mad_woman_04,audio/028_mad_woman_04.mp3,lyrics/028_mad_woman_04.txt,mad,rock
028_mad_woman_05,audio/028_mad_woman_05.mp3,lyrics/028_mad_woman_05.txt,mad,rock
028_mad_woman_06,audio/028_mad_woman_06.mp3,lyrics/028_mad_woman_06.txt,mad,rock
028_mad_woman_07,audio/028_mad_woman_07.mp3,lyrics/028_mad_woman_07.txt,mad,rock
030_mirrorball_00,audio/030_mirrorball_00.mp3,lyrics/030_mirrorball_00.txt,mirrorball,electronic
030_mirrorball_01,audio/030_mirrorball_01.mp3,lyrics/030_mirrorball_01.txt,mirrorball,electronic
030_mirrorball_02,audio/030_mirrorball_02.mp3,lyrics/030_mirrorball_02.txt,mirrorball,electronic
030_mirrorball_03,audio/030_mirrorball_03.mp3,lyrics/030_mirrorball_03.txt,mirrorball,electronic
030_mirrorball_04,audio/030_mirrorball_04.mp3,lyrics/030_mirrorball_04.txt,mirrorball,electronic
030_mirrorball_05,audio/030_mirrorball_05.mp3,lyrics/030_mirrorball_05.txt,mirrorball,electronic
030_mirrorball_06,audio/030_mirrorball_06.mp3,lyrics/030_mirrorball_06.txt,mirrorball,electronic
031_dont_blame_me_00,audio/031_dont_blame_me_00.mp3,lyrics/031_dont_blame_me_00.txt,dont,pop
031_dont_blame_me_01,audio/031_dont_blame_me_01.mp3,lyrics/031_dont_blame_me_01.txt,dont,pop
031_dont_blame_me_02,audio/031_dont_blame_me_02.mp3,lyrics/031_dont_blame_me_02.txt,dont,pop
031_dont_blame_me_03,audio/031_dont_blame_me_03.mp3,lyrics/031_dont_blame_me_03.txt,dont,pop
031_dont_blame_me_04,audio/031_dont_blame_me_04.mp3,lyrics/031_dont_blame_me_04.txt,dont,pop
031_dont_blame_me_05,audio/031_dont_blame_me_05.mp3,lyrics/031_dont_blame_me_05.txt,dont,pop
031_dont_blame_me_06,audio/031_dont_blame_me_06.mp3,lyrics/031_dont_blame_me_06.txt,dont,pop
031_dont_blame_me_07,audio/031_dont_blame_me_07.mp3,lyrics/031_dont_blame_me_07.txt,dont,pop
033_dress_00,audio/033_dress_00.mp3,lyrics/033_dress_00.txt,dress,electronic
033_dress_01,audio/033_dress_01.mp3,lyrics/033_dress_01.txt,dress,electronic
033_dress_02,audio/033_dress_02.mp3,lyrics/033_dress_02.txt,dress,electronic
033_dress_03,audio/033_dress_03.mp3,lyrics/033_dress_03.txt,dress,electronic
033_dress_04,audio/033_dress_04.mp3,lyrics/033_dress_04.txt,dress,electronic
033_dress_05,audio/033_dress_05.mp3,lyrics/033_dress_05.txt,dress,electronic
033_dress_06,audio/033_dress_06.mp3,lyrics/033_dress_06.txt,dress,electronic
033_dress_07,audio/033_dress_07.mp3,lyrics/033_dress_07.txt,dress,electronic
036_happiness_00,audio/036_happiness_00.mp3,lyrics/036_happiness_00.txt,happiness,electronic
036_happiness_01,audio/036_happiness_01.mp3,lyrics/036_happiness_01.txt,happiness,electronic
036_happiness_02,audio/036_happiness_02.mp3,lyrics/036_happiness_02.txt,happiness,electronic
036_happiness_03,audio/036_happiness_03.mp3,lyrics/036_happiness_03.txt,happiness,electronic
036_happiness_04,audio/036_happiness_04.mp3,lyrics/036_happiness_04.txt,happiness,electronic
036_happiness_05,audio/036_happiness_05.mp3,lyrics/036_happiness_05.txt,happiness,electronic
036_happiness_06,audio/036_happiness_06.mp3,lyrics/036_happiness_06.txt,happiness,electronic
036_happiness_07,audio/036_happiness_07.mp3,lyrics/036_happiness_07.txt,happiness,electronic
036_happiness_08,audio/036_happiness_08.mp3,lyrics/036_happiness_08.txt,happiness,electronic
036_happiness_09,audio/036_happiness_09.mp3,lyrics/036_happiness_09.txt,happiness,electronic
037_no_body_no_crime_00,audio/037_no_body_no_crime_00.mp3,lyrics/037_no_body_no_crime_00.txt,no,hip_hop
037_no_body_no_crime_01,audio/037_no_body_no_crime_01.mp3,lyrics/037_no_body_no_crime_01.txt,no,hip_hop
037_no_body_no_crime_02,audio/037_no_body_no_crime_02.mp3,lyrics/037_no_body_no_crime_02.txt,no,hip_hop
037_no_body_no_crime_03,audio/037_no_body_no_crime_03.mp3,lyrics/037_no_body_no_crime_03.txt,no,hip_hop
037_no_body_no_crime_04,audio/037_no_body_no_crime_04.mp3,lyrics/037_no_body_no_crime_04.txt,no,hip_hop
037_no_body_no_crime_05,audio/037_no_body_no_crime_05.mp3,lyrics/037_no_body_no_crime_05.txt,no,hip_hop
037_no_body_no_crime_06,audio/037_no_body_no_crime_06.mp3,lyrics/037_no_body_no_crime_06.txt,no,hip_hop
038_getaway_car_00,audio/038_getaway_car_00.mp3,lyrics/038_getaway_car_00.txt,getaway,pop
038_getaway_car_01,audio/038_getaway_car_01.mp3,lyrics/038_getaway_car_01.txt,getaway,pop
038_getaway_car_02,audio/038_getaway_car_02.mp3,lyrics/038_getaway_car_02.txt,getaway,pop
038_getaway_car_03,audio/038_getaway_car_03.mp3,lyrics/038_getaway_car_03.txt,getaway,pop
038_getaway_car_04,audio/038_getaway_car_04.mp3,lyrics/038_getaway_car_04.txt,getaway,pop
038_getaway_car_05,audio/038_getaway_car_05.mp3,lyrics/038_getaway_car_05.txt,getaway,pop
038_getaway_car_06,audio/038_getaway_car_06.mp3,lyrics/038_getaway_car_06.txt,getaway,pop
038_getaway_car_07,audio/038_getaway_car_07.mp3,lyrics/038_getaway_car_07.txt,getaway,pop
039_epiphany_00,audio/039_epiphany_00.mp3,lyrics/039_epiphany_00.txt,epiphany,hip_hop
039_epiphany_01,audio/039_epiphany_01.mp3,lyrics/039_epiphany_01.txt,epiphany,hip_hop
039_epiphany_02,audio/039_epiphany_02.mp3,lyrics/039_epiphany_02.txt,epiphany,hip_hop
039_epiphany_03,audio/039_epiphany_03.mp3,lyrics/039_epiphany_03.txt,epiphany,hip_hop
039_epiphany_04,audio/039_epiphany_04.mp3,lyrics/039_epiphany_04.txt,epiphany,hip_hop
039_epiphany_05,audio/039_epiphany_05.mp3,lyrics/039_epiphany_05.txt,epiphany,hip_hop
039_epiphany_06,audio/039_epiphany_06.mp3,lyrics/039_epiphany_06.txt,epiphany,hip_hop
039_epiphany_07,audio/039_epiphany_07.mp3,lyrics/039_epiphany_07.txt,epiphany,hip_hop
039_epiphany_08,audio/039_epiphany_08.mp3,lyrics/039_epiphany_08.txt,epiphany,hip_hop
041_gold_rush_00,audio/041_gold_rush_00.mp3,lyrics/041_gold_rush_00.txt,gold,jazz
041_gold_rush_01,audio/041_gold_rush_01.mp3,lyrics/041_gold_rush_01.txt,gold,jazz
041_gold_rush_02,audio/041_gold_rush_02.mp3,lyrics/041_gold_rush_02.txt,gold,jazz
041_gold_rush_03,audio/041_gold_rush_03.mp3,lyrics/041_gold_rush_03.txt,gold,jazz
041_gold_rush_04,audio/041_gold_rush_04.mp3,lyrics/041_gold_rush_04.txt,gold,jazz
041_gold_rush_05,audio/041_gold_rush_05.mp3,lyrics/041_gold_rush_05.txt,gold,jazz
042_tolerate_it_00,audio/042_tolerate_it_00.mp3,lyrics/042_tolerate_it_00.txt,tolerate,pop
042_tolerate_it_01,audio/042_tolerate_it_01.mp3,lyrics/042_tolerate_it_01.txt,tolerate,pop
042_tolerate_it_02,audio/042_tolerate_it_02.mp3,lyrics/042_tolerate_it_02.txt,tolerate,pop
042_tolerate_it_03,audio/042_tolerate_it_03.mp3,lyrics/042_tolerate_it_03.txt,tolerate,pop
042_tolerate_it_04,audio/042_tolerate_it_04.mp3,lyrics/042_tolerate_it_04.txt,tolerate,pop
042_tolerate_it_05,audio/042_tolerate_it_05.mp3,lyrics/042_tolerate_it_05.txt,tolerate,pop
042_tolerate_it_06,audio/042_tolerate_it_06.mp3,lyrics/042_tolerate_it_06.txt,tolerate,pop
042_tolerate_it_07,audio/042_tolerate_it_07.mp3,lyrics/042_tolerate_it_07.txt,tolerate,pop
047_all_too_well_00,audio/047_all_too_well_00.mp3,lyrics/047_all_too_well_00.txt,all,rock
047_all_too_well_01,audio/047_all_too_well_01.mp3,lyrics/047_all_too_well_01.txt,all,rock
047_all_too_well_02,audio/047_all_too_well_02.mp3,lyrics/047_all_too_well_02.txt,all,rock
047_all_too_well_03,audio/047_all_too_well_03.mp3,lyrics/047_all_too_well_03.txt,all,rock
047_all_too_well_04,audio/047_all_too_well_04.mp3,lyrics/047_all_too_well_04.txt,all,rock
047_all_too_well_05,audio/047_all_too_well_05.mp3,lyrics/047_all_too_well_05.txt,all,rock
047_all_too_well_06,audio/047_all_too_well_06.mp3,lyrics/047_all_too_well_06.txt,all,rock
047_all_too_well_07,audio/047_all_too_well_07.mp3,lyrics/047_all_too_well_07.txt,all,rock
047_all_too_well_08,audio/047_all_too_well_08.mp3,lyrics/047_all_too_well_08.txt,all,rock
047_all_too_well_09,audio/047_all_too_well_09.mp3,lyrics/047_all_too_well_09.txt,all,rock
047_all_too_well_10,audio/047_all_too_well_10.mp3,lyrics/047_all_too_well_10.txt,all,rock
047_all_too_well_11,audio/047_all_too_well_11.mp3,lyrics/047_all_too_well_11.txt,all,rock
047_all_too_well_12,audio/047_all_too_well_12.mp3,lyrics/047_all_too_well_12.txt,all,rock
047_all_too_well_13,audio/047_all_too_well_13.mp3,lyrics/047_all_too_well_13.txt,all,rock
047_all_too_well_14,audio/047_all_too_well_14.mp3,lyrics/047_all_too_well_14.txt,all,rock
047_all_too_well_15,audio/047_all_too_well_15.mp3,lyrics/047_all_too_well_15.txt,all,rock
047_all_too_well_16,audio/047_all_too_well_16.mp3,lyrics/047_all_too_well_16.txt,all,rock
047_all_too_well_17,audio/047_all_too_well_17.mp3,lyrics/047_all_too_well_17.txt,all,rock
047_all_too_well_18,audio/047_all_too_well_18.mp3,lyrics/047_all_too_well_18.txt,all,rock
047_all_too_well_19,audio/047_all_too_well_19.mp3,lyrics/047_all_too_well_19.txt,all,rock
050_king_of_my_heart_00,audio/050_king_of_my_heart_00.mp3,lyrics/050_king_of_my_heart_00.txt,king,pop
050_king_of_my_heart_01,audio/050_king_of_my_heart_01.mp3,lyrics/050_king_of_my_heart_01.txt,king,pop
050_king_of_my_heart_02,audio/050_king_of_my_heart_02.mp3,lyrics/050_king_of_my_heart_02.txt,king,pop
050_king_of_my_heart_03,audio/050_king_of_my_heart_03.mp3,lyrics/050_king_of_my_heart_03.txt,king,pop
050_king_of_my_heart_04,audio/050_king_of_my_heart_04.mp3,lyrics/050_king_of_my_heart_04.txt,king,pop
050_king_of_my_heart_05,audio/050_king_of_my_heart_05.mp3,lyrics/050_king_of_my_heart_05.txt,king,pop
050_king_of_my_heart_06,audio/050_king_of_my_heart_06.mp3,lyrics/050_king_of_my_heart_06.txt,king,pop
051_tis_the_damn_season_00,audio/051_tis_the_damn_season_00.mp3,lyrics/051_tis_the_damn_season_00.txt,tis,pop
051_tis_the_damn_season_01,audio/051_tis_the_damn_season_01.mp3,lyrics/051_tis_the_damn_season_01.txt,tis,pop
051_tis_the_damn_season_02,audio/051_tis_the_damn_season_02.mp3,lyrics/051_tis_the_damn_season_02.txt,tis,pop
051_tis_the_damn_season_03,audio/051_tis_the_damn_season_03.mp3,lyrics/051_tis_the_damn_season_03.txt,tis,pop
051_tis_the_damn_season_04,audio/051_tis_the_damn_season_04.mp3,lyrics/051_tis_the_damn_season_04.txt,tis,pop
051_tis_the_damn_season_05,audio/051_tis_the_damn_season_05.mp3,lyrics/051_tis_the_damn_season_05.txt,tis,pop
051_tis_the_damn_season_06,audio/051_tis_the_damn_season_06.mp3,lyrics/051_tis_the_damn_season_06.txt,tis,pop
052_ivy_00,audio/052_ivy_00.mp3,lyrics/052_ivy_00.txt,ivy,rock
052_ivy_01,audio/052_ivy_01.mp3,lyrics/052_ivy_01.txt,ivy,rock
052_ivy_02,audio/052_ivy_02.mp3,lyrics/052_ivy_02.txt,ivy,rock
052_ivy_03,audio/052_ivy_03.mp3,lyrics/052_ivy_03.txt,ivy,rock
052_ivy_04,audio/052_ivy_04.mp3,lyrics/052_ivy_04.txt,ivy,rock
052_ivy_05,audio/052_ivy_05.mp3,lyrics/052_ivy_05.txt,ivy,rock
052_ivy_06,audio/052_ivy_06.mp3,lyrics/052_ivy_06.txt,ivy,rock
052_ivy_07,audio/052_ivy_07.mp3,lyrics/052_ivy_07.txt,ivy,rock
052_ivy_08,audio/052_ivy_08.mp3,lyrics/052_ivy_08.txt,ivy,rock
055_the_lakes_00,audio/055_the_lakes_00.mp3,lyrics/055_the_lakes_00.txt,the,country
055_the_lakes_01,audio/055_the_lakes_01.mp3,lyrics/055_the_lakes_01.txt,the,country
055_the_lakes_02,audio/055_the_lakes_02.mp3,lyrics/055_the_lakes_02.txt,the,country
055_the_lakes_03,audio/055_the_lakes_03.mp3,lyrics/055_the_lakes_03.txt,the,country
055_the_lakes_04,audio/055_the_lakes_04.mp3,lyrics/055_the_lakes_04.txt,the,country
055_the_lakes_05,audio/055_the_lakes_05.mp3,lyrics/055_the_lakes_05.txt,the,country
055_the_lakes_06,audio/055_the_lakes_06.mp3,lyrics/055_the_lakes_06.txt,the,country
056_new_years_day_00,audio/056_new_years_day_00.mp3,lyrics/056_new_years_day_00.txt,new,country
056_new_years_day_01,audio/056_new_years_day_01.mp3,lyrics/056_new_years_day_01.txt,new,country
056_new_years_day_02,audio/056_new_years_day_02.mp3,lyrics/056_new_years_day_02.txt,new,country
056_new_years_day_03,audio/056_new_years_day_03.mp3,lyrics/056_new_years_day_03.txt,new,country
056_new_years_day_04,audio/056_new_years_day_04.mp3,lyrics/056_new_years_day_04.txt,new,country
056_new_years_day_05,audio/056_new_years_day_05.mp3,lyrics/056_new_years_day_05.txt,new,country
056_new_years_day_06,audio/056_new_years_day_06.mp3,lyrics/056_new_years_day_06.txt,new,country
056_new_years_day_07,audio/056_new_years_day_07.mp3,lyrics/056_new_years_day_07.txt,new,country
058_so_it_goes_00,audio/058_so_it_goes_00.mp3,lyrics/058_so_it_goes_00.txt,so,rock
058_so_it_goes_01,audio/058_so_it_goes_01.mp3,lyrics/058_so_it_goes_01.txt,so,rock
058_so_it_goes_02,audio/058_so_it_goes_02.mp3,lyrics/058_so_it_goes_02.txt,so,rock
058_so_it_goes_03,audio/058_so_it_goes_03.mp3,lyrics/058_so_it_goes_03.txt,so,rock
058_so_it_goes_04,audio/058_so_it_goes_04.mp3,lyrics/058_so_it_goes_04.txt,so,rock
058_so_it_goes_05,audio/058_so_it_goes_05.mp3,lyrics/058_so_it_goes_05.txt,so,rock
058_so_it_goes_06,audio/058_so_it_goes_06.mp3,lyrics/058_so_it_goes_06.txt,so,rock
059_this_is_why_we_cant_have_nice_things_00,audio/059_this_is_why_we_cant_have_nice_things_00.mp3,lyrics/059_this_is_why_we_cant_have_nice_things_00.txt,this,R&B
059_this_is_why_we_cant_have_nice_things_01,audio/059_this_is_why_we_cant_have_nice_things_01.mp3,lyrics/059_this_is_why_we_cant_have_nice_things_01.txt,this,R&B
059_this_is_why_we_cant_have_nice_things_02,audio/059_this_is_why_we_cant_have_nice_things_02.mp3,lyrics/059_this_is_why_we_cant_have_nice_things_02.txt,this,R&B
059_this_is_why_we_cant_have_nice_things_03,audio/059_this_is_why_we_cant_have_nice_things_03.mp3,lyrics/059_this_is_why_we_cant_have_nice_things_03.txt,this,R&B
059_this_is_why_we_cant_have_nice_things_04,audio/059_this_is_why_we_cant_have_nice_things_04.mp3,lyrics/059_this_is_why_we_cant_have_nice_things_04.txt,this,R&B
059_this_is_why_we_cant_have_nice_things_05,audio/059_this_is_why_we_cant_have_nice_things_05.mp3,lyrics/059_this_is_why_we_cant_have_nice_things_05.txt,this,R&B
059_this_is_why_we_cant_have_nice_things_06,audio/059_this_is_why_we_cant_have_nice_things_06.mp3,lyrics/059_this_is_why_we_cant_have_nice_things_06.txt,this,R&B
062_dancing_with_our_hands_tied_00,audio/062_dancing_with_our_hands_tied_00.mp3,lyrics/062_dancing_with_our_hands_tied_00.txt,dancing,hip_hop
062_dancing_with_our_hands_tied_01,audio/062_dancing_with_our_hands_tied_01.mp3,lyrics/062_dancing_with_our_hands_tied_01.txt,dancing,hip_hop
062_dancing_with_our_hands_tied_02,audio/062_dancing_with_our_hands_tied_02.mp3,lyrics/062_dancing_with_our_hands_tied_02.txt,dancing,hip_hop
062_dancing_with_our_hands_tied_03,audio/062_dancing_with_our_hands_tied_03.mp3,lyrics/062_dancing_with_our_hands_tied_03.txt,dancing,hip_hop
062_dancing_with_our_hands_tied_04,audio/062_dancing_with_our_hands_tied_04.mp3,lyrics/062_dancing_with_our_hands_tied_04.txt,dancing,hip_hop
062_dancing_with_our_hands_tied_05,audio/062_dancing_with_our_hands_tied_05.mp3,lyrics/062_dancing_with_our_hands_tied_05.txt,dancing,hip_hop
062_dancing_with_our_hands_tied_06,audio/062_dancing_with_our_hands_tied_06.mp3,lyrics/062_dancing_with_our_hands_tied_06.txt,dancing,hip_hop
063_coney_island_00,audio/063_coney_island_00.mp3,lyrics/063_coney_island_00.txt,coney,hip_hop
063_coney_island_01,audio/063_coney_island_01.mp3,lyrics/063_coney_island_01.txt,coney,hip_hop
063_coney_island_02,audio/063_coney_island_02.mp3,lyrics/063_coney_island_02.txt,coney,hip_hop
063_coney_island_03,audio/063_coney_island_03.mp3,lyrics/063_coney_island_03.txt,coney,hip_hop
063_coney_island_04,audio/063_coney_island_04.mp3,lyrics/063_coney_island_04.txt,coney,hip_hop
063_coney_island_05,audio/063_coney_island_05.mp3,lyrics/063_coney_island_05.txt,coney,hip_hop
063_coney_island_06,audio/063_coney_island_06.mp3,lyrics/063_coney_island_06.txt,coney,hip_hop
063_coney_island_07,audio/063_coney_island_07.mp3,lyrics/063_coney_island_07.txt,coney,hip_hop
063_coney_island_08,audio/063_coney_island_08.mp3,lyrics/063_coney_island_08.txt,coney,hip_hop
065_dorothea_00,audio/065_dorothea_00.mp3,lyrics/065_dorothea_00.txt,dorothea,pop
065_dorothea_01,audio/065_dorothea_01.mp3,lyrics/065_dorothea_01.txt,dorothea,pop
065_dorothea_02,audio/065_dorothea_02.mp3,lyrics/065_dorothea_02.txt,dorothea,pop
065_dorothea_03,audio/065_dorothea_03.mp3,lyrics/065_dorothea_03.txt,dorothea,pop
065_dorothea_04,audio/065_dorothea_04.mp3,lyrics/065_dorothea_04.txt,dorothea,pop
065_dorothea_05,audio/065_dorothea_05.mp3,lyrics/065_dorothea_05.txt,dorothea,pop
065_dorothea_06,audio/065_dorothea_06.mp3,lyrics/065_dorothea_06.txt,dorothea,pop
067_cowboy_like_me_00,audio/067_cowboy_like_me_00.mp3,lyrics/067_cowboy_like_me_00.txt,cowboy,hip_hop
067_cowboy_like_me_01,audio/067_cowboy_like_me_01.mp3,lyrics/067_cowboy_like_me_01.txt,cowboy,hip_hop
067_cowboy_like_me_02,audio/067_cowboy_like_me_02.mp3,lyrics/067_cowboy_like_me_02.txt,cowboy,hip_hop
067_cowboy_like_me_03,audio/067_cowboy_like_me_03.mp3,lyrics/067_cowboy_like_me_03.txt,cowboy,hip_hop
067_cowboy_like_me_04,audio/067_cowboy_like_me_04.mp3,lyrics/067_cowboy_like_me_04.txt,cowboy,hip_hop
067_cowboy_like_me_05,audio/067_cowboy_like_me_05.mp3,lyrics/067_cowboy_like_me_05.txt,cowboy,hip_hop
067_cowboy_like_me_06,audio/067_cowboy_like_me_06.mp3,lyrics/067_cowboy_like_me_06.txt,cowboy,hip_hop
067_cowboy_like_me_07,audio/067_cowboy_like_me_07.mp3,lyrics/067_cowboy_like_me_07.txt,cowboy,hip_hop
067_cowboy_like_me_08,audio/067_cowboy_like_me_08.mp3,lyrics/067_cowboy_like_me_08.txt,cowboy,hip_hop
068_long_story_short_00,audio/068_long_story_short_00.mp3,lyrics/068_long_story_short_00.txt,long,rock
068_long_story_short_01,audio/068_long_story_short_01.mp3,lyrics/068_long_story_short_01.txt,long,rock
068_long_story_short_02,audio/068_long_story_short_02.mp3,lyrics/068_long_story_short_02.txt,long,rock
068_long_story_short_03,audio/068_long_story_short_03.mp3,lyrics/068_long_story_short_03.txt,long,rock
068_long_story_short_04,audio/068_long_story_short_04.mp3,lyrics/068_long_story_short_04.txt,long,rock
068_long_story_short_05,audio/068_long_story_short_05.mp3,lyrics/068_long_story_short_05.txt,long,rock
068_long_story_short_06,audio/068_long_story_short_06.mp3,lyrics/068_long_story_short_06.txt,long,rock
069_marjorie_00,audio/069_marjorie_00.mp3,lyrics/069_marjorie_00.txt,marjorie,electronic
069_marjorie_01,audio/069_marjorie_01.mp3,lyrics/069_marjorie_01.txt,marjorie,electronic
069_marjorie_02,audio/069_marjorie_02.mp3,lyrics/069_marjorie_02.txt,marjorie,electronic
069_marjorie_03,audio/069_marjorie_03.mp3,lyrics/069_marjorie_03.txt,marjorie,electronic
069_marjorie_04,audio/069_marjorie_04.mp3,lyrics/069_marjorie_04.txt,marjorie,electronic
069_marjorie_05,audio/069_marjorie_05.mp3,lyrics/069_marjorie_05.txt,marjorie,electronic
069_marjorie_06,audio/069_marjorie_06.mp3,lyrics/069_marjorie_06.txt,marjorie,electronic
069_marjorie_07,audio/069_marjorie_07.mp3,lyrics/069_marjorie_07.txt,marjorie,electronic
074_its_nice_to_have_a_friend_00,audio/074_its_nice_to_have_a_friend_00.mp3,lyrics/074_its_nice_to_have_a_friend_00.txt,its,electronic
074_its_nice_to_have_a_friend_01,audio/074_its_nice_to_have_a_friend_01.mp3,lyrics/074_its_nice_to_have_a_friend_01.txt,its,electronic
074_its_nice_to_have_a_friend_02,audio/074_its_nice_to_have_a_friend_02.mp3,lyrics/074_its_nice_to_have_a_friend_02.txt,its,electronic
074_its_nice_to_have_a_friend_03,audio/074_its_nice_to_have_a_friend_03.mp3,lyrics/074_its_nice_to_have_a_friend_03.txt,its,electronic
074_its_nice_to_have_a_friend_04,audio/074_its_nice_to_have_a_friend_04.mp3,lyrics/074_its_nice_to_have_a_friend_04.txt,its,electronic
075_closure_00,audio/075_closure_00.mp3,lyrics/075_closure_00.txt,closure,electronic
075_closure_01,audio/075_closure_01.mp3,lyrics/075_closure_01.txt,closure,electronic
075_closure_02,audio/075_closure_02.mp3,lyrics/075_closure_02.txt,closure,electronic
075_closure_03,audio/075_closure_03.mp3,lyrics/075_closure_03.txt,closure,electronic
075_closure_04,audio/075_closure_04.mp3,lyrics/075_closure_04.txt,closure,electronic
075_closure_05,audio/075_closure_05.mp3,lyrics/075_closure_05.txt,closure,electronic
077_i_knew_you_were_trouble_00,audio/077_i_knew_you_were_trouble_00.mp3,lyrics/077_i_knew_you_were_trouble_00.txt,i,rock
077_i_knew_you_were_trouble_01,audio/077_i_knew_you_were_trouble_01.mp3,lyrics/077_i_knew_you_were_trouble_01.txt,i,rock
077_i_knew_you_were_trouble_02,audio/077_i_knew_you_were_trouble_02.mp3,lyrics/077_i_knew_you_were_trouble_02.txt,i,rock
077_i_knew_you_were_trouble_03,audio/077_i_knew_you_were_trouble_03.mp3,lyrics/077_i_knew_you_were_trouble_03.txt,i,rock
077_i_knew_you_were_trouble_04,audio/077_i_knew_you_were_trouble_04.mp3,lyrics/077_i_knew_you_were_trouble_04.txt,i,rock
077_i_knew_you_were_trouble_05,audio/077_i_knew_you_were_trouble_05.mp3,lyrics/077_i_knew_you_were_trouble_05.txt,i,rock
077_i_knew_you_were_trouble_06,audio/077_i_knew_you_were_trouble_06.mp3,lyrics/077_i_knew_you_were_trouble_06.txt,i,rock
078_we_are_never_ever_getting_back_together_00,audio/078_we_are_never_ever_getting_back_together_00.mp3,lyrics/078_we_are_never_ever_getting_back_together_00.txt,we,hip_hop
078_we_are_never_ever_getting_back_together_01,audio/078_we_are_never_ever_getting_back_together_01.mp3,lyrics/078_we_are_never_ever_getting_back_together_01.txt,we,hip_hop
078_we_are_never_ever_getting_back_together_02,audio/078_we_are_never_ever_getting_back_together_02.mp3,lyrics/078_we_are_never_ever_getting_back_together_02.txt,we,hip_hop
078_we_are_never_ever_getting_back_together_03,audio/078_we_are_never_ever_getting_back_together_03.mp3,lyrics/078_we_are_never_ever_getting_back_together_03.txt,we,hip_hop
078_we_are_never_ever_getting_back_together_04,audio/078_we_are_never_ever_getting_back_together_04.mp3,lyrics/078_we_are_never_ever_getting_back_together_04.txt,we,hip_hop
078_we_are_never_ever_getting_back_together_05,audio/078_we_are_never_ever_getting_back_together_05.mp3,lyrics/078_we_are_never_ever_getting_back_together_05.txt,we,hip_hop
079_right_where_you_left_me_00,audio/079_right_where_you_left_me_00.mp3,lyrics/079_right_where_you_left_me_00.txt,right,jazz
079_right_where_you_left_me_01,audio/079_right_where_you_left_me_01.mp3,lyrics/079_right_where_you_left_me_01.txt,right,jazz
079_right_where_you_left_me_02,audio/079_right_where_you_left_me_02.mp3,lyrics/079_right_where_you_left_me_02.txt,right,jazz
079_right_where_you_left_me_03,audio/079_right_where_you_left_me_03.mp3,lyrics/079_right_where_you_left_me_03.txt,right,jazz
079_right_where_you_left_me_04,audio/079_right_where_you_left_me_04.mp3,lyrics/079_right_where_you_left_me_04.txt,right,jazz
079_right_where_you_left_me_05,audio/079_right_where_you_left_me_05.mp3,lyrics/079_right_where_you_left_me_05.txt,right,jazz
079_right_where_you_left_me_06,audio/079_right_where_you_left_me_06.mp3,lyrics/079_right_where_you_left_me_06.txt,right,jazz
079_right_where_you_left_me_07,audio/079_right_where_you_left_me_07.mp3,lyrics/079_right_where_you_left_me_07.txt,right,jazz
081_its_time_to_go_00,audio/081_its_time_to_go_00.mp3,lyrics/081_its_time_to_go_00.txt,its,electronic
081_its_time_to_go_01,audio/081_its_time_to_go_01.mp3,lyrics/081_its_time_to_go_01.txt,its,electronic
081_its_time_to_go_02,audio/081_its_time_to_go_02.mp3,lyrics/081_its_time_to_go_02.txt,its,electronic
081_its_time_to_go_03,audio/081_its_time_to_go_03.mp3,lyrics/081_its_time_to_go_03.txt,its,electronic
081_its_time_to_go_04,audio/081_its_time_to_go_04.mp3,lyrics/081_its_time_to_go_04.txt,its,electronic
081_its_time_to_go_05,audio/081_its_time_to_go_05.mp3,lyrics/081_its_time_to_go_05.txt,its,electronic
081_its_time_to_go_06,audio/081_its_time_to_go_06.mp3,lyrics/081_its_time_to_go_06.txt,its,electronic
081_its_time_to_go_07,audio/081_its_time_to_go_07.mp3,lyrics/081_its_time_to_go_07.txt,its,electronic
082_22_00,audio/082_22_00.mp3,lyrics/082_22_00.txt,22,rock
082_22_01,audio/082_22_01.mp3,lyrics/082_22_01.txt,22,rock
082_22_02,audio/082_22_02.mp3,lyrics/082_22_02.txt,22,rock
082_22_03,audio/082_22_03.mp3,lyrics/082_22_03.txt,22,rock
082_22_04,audio/082_22_04.mp3,lyrics/082_22_04.txt,22,rock
082_22_05,audio/082_22_05.mp3,lyrics/082_22_05.txt,22,rock
082_22_06,audio/082_22_06.mp3,lyrics/082_22_06.txt,22,rock
082_22_07,audio/082_22_07.mp3,lyrics/082_22_07.txt,22,rock
087_everything_has_changed_00,audio/087_everything_has_changed_00.mp3,lyrics/087_everything_has_changed_00.txt,everything,jazz
087_everything_has_changed_01,audio/087_everything_has_changed_01.mp3,lyrics/087_everything_has_changed_01.txt,everything,jazz
087_everything_has_changed_02,audio/087_everything_has_changed_02.mp3,lyrics/087_everything_has_changed_02.txt,everything,jazz
087_everything_has_changed_03,audio/087_everything_has_changed_03.mp3,lyrics/087_everything_has_changed_03.txt,everything,jazz
087_everything_has_changed_04,audio/087_everything_has_changed_04.mp3,lyrics/087_everything_has_changed_04.txt,everything,jazz
087_everything_has_changed_05,audio/087_everything_has_changed_05.mp3,lyrics/087_everything_has_changed_05.txt,everything,jazz
087_everything_has_changed_06,audio/087_everything_has_changed_06.mp3,lyrics/087_everything_has_changed_06.txt,everything,jazz
087_everything_has_changed_07,audio/087_everything_has_changed_07.mp3,lyrics/087_everything_has_changed_07.txt,everything,jazz
088_dear_john_00,audio/088_dear_john_00.mp3,lyrics/088_dear_john_00.txt,dear,hip_hop
088_dear_john_01,audio/088_dear_john_01.mp3,lyrics/088_dear_john_01.txt,dear,hip_hop
088_dear_john_02,audio/088_dear_john_02.mp3,lyrics/088_dear_john_02.txt,dear,hip_hop
088_dear_john_03,audio/088_dear_john_03.mp3,lyrics/088_dear_john_03.txt,dear,hip_hop
088_dear_john_04,audio/088_dear_john_04.mp3,lyrics/088_dear_john_04.txt,dear,hip_hop
088_dear_john_05,audio/088_dear_john_05.mp3,lyrics/088_dear_john_05.txt,dear,hip_hop
088_dear_john_06,audio/088_dear_john_06.mp3,lyrics/088_dear_john_06.txt,dear,hip_hop
088_dear_john_07,audio/088_dear_john_07.mp3,lyrics/088_dear_john_07.txt,dear,hip_hop
088_dear_john_08,audio/088_dear_john_08.mp3,lyrics/088_dear_john_08.txt,dear,hip_hop
088_dear_john_09,audio/088_dear_john_09.mp3,lyrics/088_dear_john_09.txt,dear,hip_hop
088_dear_john_10,audio/088_dear_john_10.mp3,lyrics/088_dear_john_10.txt,dear,hip_hop
088_dear_john_11,audio/088_dear_john_11.mp3,lyrics/088_dear_john_11.txt,dear,hip_hop
088_dear_john_12,audio/088_dear_john_12.mp3,lyrics/088_dear_john_12.txt,dear,hip_hop
089_state_of_grace_00,audio/089_state_of_grace_00.mp3,lyrics/089_state_of_grace_00.txt,state,folk
089_state_of_grace_01,audio/089_state_of_grace_01.mp3,lyrics/089_state_of_grace_01.txt,state,folk
089_state_of_grace_02,audio/089_state_of_grace_02.mp3,lyrics/089_state_of_grace_02.txt,state,folk
089_state_of_grace_03,audio/089_state_of_grace_03.mp3,lyrics/089_state_of_grace_03.txt,state,folk
089_state_of_grace_04,audio/089_state_of_grace_04.mp3,lyrics/089_state_of_grace_04.txt,state,folk
089_state_of_grace_05,audio/089_state_of_grace_05.mp3,lyrics/089_state_of_grace_05.txt,state,folk
089_state_of_grace_06,audio/089_state_of_grace_06.mp3,lyrics/089_state_of_grace_06.txt,state,folk
089_state_of_grace_07,audio/089_state_of_grace_07.mp3,lyrics/089_state_of_grace_07.txt,state,folk
089_state_of_grace_08,audio/089_state_of_grace_08.mp3,lyrics/089_state_of_grace_08.txt,state,folk
089_state_of_grace_09,audio/089_state_of_grace_09.mp3,lyrics/089_state_of_grace_09.txt,state,folk
099_enchanted_00,audio/099_enchanted_00.mp3,lyrics/099_enchanted_00.txt,enchanted,pop
099_enchanted_01,audio/099_enchanted_01.mp3,lyrics/099_enchanted_01.txt,enchanted,pop
099_enchanted_02,audio/099_enchanted_02.mp3,lyrics/099_enchanted_02.txt,enchanted,pop
099_enchanted_03,audio/099_enchanted_03.mp3,lyrics/099_enchanted_03.txt,enchanted,pop
099_enchanted_04,audio/099_enchanted_04.mp3,lyrics/099_enchanted_04.txt,enchanted,pop
099_enchanted_05,audio/099_enchanted_05.mp3,lyrics/099_enchanted_05.txt,enchanted,pop
099_enchanted_06,audio/099_enchanted_06.mp3,lyrics/099_enchanted_06.txt,enchanted,pop
099_enchanted_07,audio/099_enchanted_07.mp3,lyrics/099_enchanted_07.txt,enchanted,pop
099_enchanted_08,audio/099_enchanted_08.mp3,lyrics/099_enchanted_08.txt,enchanted,pop
099_enchanted_09,audio/099_enchanted_09.mp3,lyrics/099_enchanted_09.txt,enchanted,pop
099_enchanted_10,audio/099_enchanted_10.mp3,lyrics/099_enchanted_10.txt,enchanted,pop
099_enchanted_11,audio/099_enchanted_11.mp3,lyrics/099_enchanted_11.txt,enchanted,pop
100_begin_again_00,audio/100_begin_again_00.mp3,lyrics/100_begin_again_00.txt,begin,rock
100_begin_again_01,audio/100_begin_again_01.mp3,lyrics/100_begin_again_01.txt,begin,rock
100_begin_again_02,audio/100_begin_again_02.mp3,lyrics/100_begin_again_02.txt,begin,rock
100_begin_again_03,audio/100_begin_again_03.mp3,lyrics/100_begin_again_03.txt,begin,rock
100_begin_again_04,audio/100_begin_again_04.mp3,lyrics/100_begin_again_04.txt,begin,rock
100_begin_again_05,audio/100_begin_again_05.mp3,lyrics/100_begin_again_05.txt,begin,rock
100_begin_again_06,audio/100_begin_again_06.mp3,lyrics/100_begin_again_06.txt,begin,rock
100_begin_again_07,audio/100_begin_again_07.mp3,lyrics/100_begin_again_07.txt,begin,rock
103_holy_ground_00,audio/103_holy_ground_00.mp3,lyrics/103_holy_ground_00.txt,holy,electronic
103_holy_ground_01,audio/103_holy_ground_01.mp3,lyrics/103_holy_ground_01.txt,holy,electronic
103_holy_ground_02,audio/103_holy_ground_02.mp3,lyrics/103_holy_ground_02.txt,holy,electronic
103_holy_ground_03,audio/103_holy_ground_03.mp3,lyrics/103_holy_ground_03.txt,holy,electronic
103_holy_ground_04,audio/103_holy_ground_04.mp3,lyrics/103_holy_ground_04.txt,holy,electronic
103_holy_ground_05,audio/103_holy_ground_05.mp3,lyrics/103_holy_ground_05.txt,holy,electronic
103_holy_ground_06,audio/103_holy_ground_06.mp3,lyrics/103_holy_ground_06.txt,holy,electronic
104_mine_00,audio/104_mine_00.mp3,lyrics/104_mine_00.txt,mine,jazz
104_mine_01,audio/104_mine_01.mp3,lyrics/104_mine_01.txt,mine,jazz
104_mine_02,audio/104_mine_02.mp3,lyrics/104_mine_02.txt,mine,jazz
104_mine_03,audio/104_mine_03.mp3,lyrics/104_mine_03.txt,mine,jazz
104_mine_04,audio/104_mine_04.mp3,lyrics/104_mine_04.txt,mine,jazz
104_mine_05,audio/104_mine_05.mp3,lyrics/104_mine_05.txt,mine,jazz
104_mine_06,audio/104_mine_06.mp3,lyrics/104_mine_06.txt,mine,jazz
104_mine_07,audio/104_mine_07.mp3,lyrics/104_mine_07.txt,mine,jazz
105_treacherous_00,audio/105_treacherous_00.mp3,lyrics/105_treacherous_00.txt,treacherous,folk
105_treacherous_01,audio/105_treacherous_01.mp3,lyrics/105_treacherous_01.txt,treacherous,folk
105_treacherous_02,audio/105_treacherous_02.mp3,lyrics/105_treacherous_02.txt,treacherous,folk
105_treacherous_03,audio/105_treacherous_03.mp3,lyrics/105_treacherous_03.txt,treacherous,folk
105_treacherous_04,audio/105_treacherous_04.mp3,lyrics/105_treacherous_04.txt,treacherous,folk
105_treacherous_05,audio/105_treacherous_05.mp3,lyrics/105_treacherous_05.txt,treacherous,folk
105_treacherous_06,audio/105_treacherous_06.mp3,lyrics/105_treacherous_06.txt,treacherous,folk
105_treacherous_07,audio/105_treacherous_07.mp3,lyrics/105_treacherous_07.txt,treacherous,folk
106_back_to_december_00,audio/106_back_to_december_00.mp3,lyrics/106_back_to_december_00.txt,back,folk
106_back_to_december_01,audio/106_back_to_december_01.mp3,lyrics/106_back_to_december_01.txt,back,folk
106_back_to_december_02,audio/106_back_to_december_02.mp3,lyrics/106_back_to_december_02.txt,back,folk
106_back_to_december_03,audio/106_back_to_december_03.mp3,lyrics/106_back_to_december_03.txt,back,folk
106_back_to_december_04,audio/106_back_to_december_04.mp3,lyrics/106_back_to_december_04.txt,back,folk
106_back_to_december_05,audio/106_back_to_december_05.mp3,lyrics/106_back_to_december_05.txt,back,folk
106_back_to_december_06,audio/106_back_to_december_06.mp3,lyrics/106_back_to_december_06.txt,back,folk
106_back_to_december_07,audio/106_back_to_december_07.mp3,lyrics/106_back_to_december_07.txt,back,folk
106_back_to_december_08,audio/106_back_to_december_08.mp3,lyrics/106_back_to_december_08.txt,back,folk
106_back_to_december_09,audio/106_back_to_december_09.mp3,lyrics/106_back_to_december_09.txt,back,folk
107_long_live_00,audio/107_long_live_00.mp3,lyrics/107_long_live_00.txt,long,rock
107_long_live_01,audio/107_long_live_01.mp3,lyrics/107_long_live_01.txt,long,rock
107_long_live_02,audio/107_long_live_02.mp3,lyrics/107_long_live_02.txt,long,rock
107_long_live_03,audio/107_long_live_03.mp3,lyrics/107_long_live_03.txt,long,rock
107_long_live_04,audio/107_long_live_04.mp3,lyrics/107_long_live_04.txt,long,rock
107_long_live_05,audio/107_long_live_05.mp3,lyrics/107_long_live_05.txt,long,rock
107_long_live_06,audio/107_long_live_06.mp3,lyrics/107_long_live_06.txt,long,rock
107_long_live_07,audio/107_long_live_07.mp3,lyrics/107_long_live_07.txt,long,rock
107_long_live_08,audio/107_long_live_08.mp3,lyrics/107_long_live_08.txt,long,rock
107_long_live_09,audio/107_long_live_09.mp3,lyrics/107_long_live_09.txt,long,rock
109_the_moment_i_knew_00,audio/109_the_moment_i_knew_00.mp3,lyrics/109_the_moment_i_knew_00.txt,the,country
109_the_moment_i_knew_01,audio/109_the_moment_i_knew_01.mp3,lyrics/109_the_moment_i_knew_01.txt,the,country
109_the_moment_i_knew_02,audio/109_the_moment_i_knew_02.mp3,lyrics/109_the_moment_i_knew_02.txt,the,country
109_the_moment_i_knew_03,audio/109_the_moment_i_knew_03.mp3,lyrics/109_the_moment_i_knew_03.txt,the,country
109_the_moment_i_knew_04,audio/109_the_moment_i_knew_04.mp3,lyrics/109_the_moment_i_knew_04.txt,the,country
109_the_moment_i_knew_05,audio/109_the_moment_i_knew_05.mp3,lyrics/109_the_moment_i_knew_05.txt,the,country
109_the_moment_i_knew_06,audio/109_the_moment_i_knew_06.mp3,lyrics/109_the_moment_i_knew_06.txt,the,country
109_the_moment_i_knew_07,audio/109_the_moment_i_knew_07.mp3,lyrics/109_the_moment_i_knew_07.txt,the,country
109_the_moment_i_knew_08,audio/109_the_moment_i_knew_08.mp3,lyrics/109_the_moment_i_knew_08.txt,the,country
005_a_sky_full_of_stars_00,audio/005_a_sky_full_of_stars_00.mp3,lyrics/005_a_sky_full_of_stars_00.txt,a,electronic
005_a_sky_full_of_stars_01,audio/005_a_sky_full_of_stars_01.mp3,lyrics/005_a_sky_full_of_stars_01.txt,a,electronic
005_a_sky_full_of_stars_02,audio/005_a_sky_full_of_stars_02.mp3,lyrics/005_a_sky_full_of_stars_02.txt,a,electronic
005_a_sky_full_of_stars_03,audio/005_a_sky_full_of_stars_03.mp3,lyrics/005_a_sky_full_of_stars_03.txt,a,electronic
005_a_sky_full_of_stars_04,audio/005_a_sky_full_of_stars_04.mp3,lyrics/005_a_sky_full_of_stars_04.txt,a,electronic
005_a_sky_full_of_stars_05,audio/005_a_sky_full_of_stars_05.mp3,lyrics/005_a_sky_full_of_stars_05.txt,a,electronic
005_a_sky_full_of_stars_06,audio/005_a_sky_full_of_stars_06.mp3,lyrics/005_a_sky_full_of_stars_06.txt,a,electronic
005_a_sky_full_of_stars_07,audio/005_a_sky_full_of_stars_07.mp3,lyrics/005_a_sky_full_of_stars_07.txt,a,electronic
005_a_sky_full_of_stars_08,audio/005_a_sky_full_of_stars_08.mp3,lyrics/005_a_sky_full_of_stars_08.txt,a,electronic
012_daddy_00,audio/012_daddy_00.mp3,lyrics/012_daddy_00.txt,daddy,pop
012_daddy_01,audio/012_daddy_01.mp3,lyrics/012_daddy_01.txt,daddy,pop
012_daddy_02,audio/012_daddy_02.mp3,lyrics/012_daddy_02.txt,daddy,pop
012_daddy_03,audio/012_daddy_03.mp3,lyrics/012_daddy_03.txt,daddy,pop
012_daddy_04,audio/012_daddy_04.mp3,lyrics/012_daddy_04.txt,daddy,pop
012_daddy_05,audio/012_daddy_05.mp3,lyrics/012_daddy_05.txt,daddy,pop
012_daddy_06,audio/012_daddy_06.mp3,lyrics/012_daddy_06.txt,daddy,pop
012_daddy_07,audio/012_daddy_07.mp3,lyrics/012_daddy_07.txt,daddy,pop
012_daddy_08,audio/012_daddy_08.mp3,lyrics/012_daddy_08.txt,daddy,pop
012_daddy_09,audio/012_daddy_09.mp3,lyrics/012_daddy_09.txt,daddy,pop
013_everyday_life_00,audio/013_everyday_life_00.mp3,lyrics/013_everyday_life_00.txt,everyday,pop
013_everyday_life_01,audio/013_everyday_life_01.mp3,lyrics/013_everyday_life_01.txt,everyday,pop
013_everyday_life_02,audio/013_everyday_life_02.mp3,lyrics/013_everyday_life_02.txt,everyday,pop
013_everyday_life_03,audio/013_everyday_life_03.mp3,lyrics/013_everyday_life_03.txt,everyday,pop
013_everyday_life_04,audio/013_everyday_life_04.mp3,lyrics/013_everyday_life_04.txt,everyday,pop
013_everyday_life_05,audio/013_everyday_life_05.mp3,lyrics/013_everyday_life_05.txt,everyday,pop
013_everyday_life_06,audio/013_everyday_life_06.mp3,lyrics/013_everyday_life_06.txt,everyday,pop
013_everyday_life_07,audio/013_everyday_life_07.mp3,lyrics/013_everyday_life_07.txt,everyday,pop
014_sparks_00,audio/014_sparks_00.mp3,lyrics/014_sparks_00.txt,sparks,electronic
014_sparks_01,audio/014_sparks_01.mp3,lyrics/014_sparks_01.txt,sparks,electronic
014_sparks_02,audio/014_sparks_02.mp3,lyrics/014_sparks_02.txt,sparks,electronic
014_sparks_03,audio/014_sparks_03.mp3,lyrics/014_sparks_03.txt,sparks,electronic
014_sparks_04,audio/014_sparks_04.mp3,lyrics/014_sparks_04.txt,sparks,electronic
014_sparks_05,audio/014_sparks_05.mp3,lyrics/014_sparks_05.txt,sparks,electronic
014_sparks_06,audio/014_sparks_06.mp3,lyrics/014_sparks_06.txt,sparks,electronic
020_fly_on_00,audio/020_fly_on_00.mp3,lyrics/020_fly_on_00.txt,fly,folk
020_fly_on_01,audio/020_fly_on_01.mp3,lyrics/020_fly_on_01.txt,fly,folk
020_fly_on_02,audio/020_fly_on_02.mp3,lyrics/020_fly_on_02.txt,fly,folk
020_fly_on_03,audio/020_fly_on_03.mp3,lyrics/020_fly_on_03.txt,fly,folk
020_fly_on_04,audio/020_fly_on_04.mp3,lyrics/020_fly_on_04.txt,fly,folk
020_fly_on_05,audio/020_fly_on_05.mp3,lyrics/020_fly_on_05.txt,fly,folk
020_fly_on_06,audio/020_fly_on_06.mp3,lyrics/020_fly_on_06.txt,fly,folk
020_fly_on_07,audio/020_fly_on_07.mp3,lyrics/020_fly_on_07.txt,fly,folk
020_fly_on_08,audio/020_fly_on_08.mp3,lyrics/020_fly_on_08.txt,fly,folk
020_fly_on_09,audio/020_fly_on_09.mp3,lyrics/020_fly_on_09.txt,fly,folk
020_fly_on_10,audio/020_fly_on_10.mp3,lyrics/020_fly_on_10.txt,fly,folk
022_violet_hill_00,audio/022_violet_hill_00.mp3,lyrics/022_violet_hill_00.txt,violet,rock
022_violet_hill_01,audio/022_violet_hill_01.mp3,lyrics/022_violet_hill_01.txt,violet,rock
022_violet_hill_02,audio/022_violet_hill_02.mp3,lyrics/022_violet_hill_02.txt,violet,rock
022_violet_hill_03,audio/022_violet_hill_03.mp3,lyrics/022_violet_hill_03.txt,violet,rock
022_violet_hill_04,audio/022_violet_hill_04.mp3,lyrics/022_violet_hill_04.txt,violet,rock
022_violet_hill_05,audio/022_violet_hill_05.mp3,lyrics/022_violet_hill_05.txt,violet,rock
022_violet_hill_06,audio/022_violet_hill_06.mp3,lyrics/022_violet_hill_06.txt,violet,rock
023_in_my_place_00,audio/023_in_my_place_00.mp3,lyrics/023_in_my_place_00.txt,in,rock
023_in_my_place_01,audio/023_in_my_place_01.mp3,lyrics/023_in_my_place_01.txt,in,rock
023_in_my_place_02,audio/023_in_my_place_02.mp3,lyrics/023_in_my_place_02.txt,in,rock
023_in_my_place_03,audio/023_in_my_place_03.mp3,lyrics/023_in_my_place_03.txt,in,rock
023_in_my_place_04,audio/023_in_my_place_04.mp3,lyrics/023_in_my_place_04.txt,in,rock
023_in_my_place_05,audio/023_in_my_place_05.mp3,lyrics/023_in_my_place_05.txt,in,rock
023_in_my_place_06,audio/023_in_my_place_06.mp3,lyrics/023_in_my_place_06.txt,in,rock
024_ink_00,audio/024_ink_00.mp3,lyrics/024_ink_00.txt,ink,rock
024_ink_01,audio/024_ink_01.mp3,lyrics/024_ink_01.txt,ink,rock
024_ink_02,audio/024_ink_02.mp3,lyrics/024_ink_02.txt,ink,rock
024_ink_03,audio/024_ink_03.mp3,lyrics/024_ink_03.txt,ink,rock
024_ink_04,audio/024_ink_04.mp3,lyrics/024_ink_04.txt,ink,rock
024_ink_05,audio/024_ink_05.mp3,lyrics/024_ink_05.txt,ink,rock
024_ink_06,audio/024_ink_06.mp3,lyrics/024_ink_06.txt,ink,rock
032_true_love_00,audio/032_true_love_00.mp3,lyrics/032_true_love_00.txt,true,electronic
032_true_love_01,audio/032_true_love_01.mp3,lyrics/032_true_love_01.txt,true,electronic
032_true_love_02,audio/032_true_love_02.mp3,lyrics/032_true_love_02.txt,true,electronic
032_true_love_03,audio/032_true_love_03.mp3,lyrics/032_true_love_03.txt,true,electronic
032_true_love_04,audio/032_true_love_04.mp3,lyrics/032_true_love_04.txt,true,electronic
032_true_love_05,audio/032_true_love_05.mp3,lyrics/032_true_love_05.txt,true,electronic
032_true_love_06,audio/032_true_love_06.mp3,lyrics/032_true_love_06.txt,true,electronic
032_true_love_07,audio/032_true_love_07.mp3,lyrics/032_true_love_07.txt,true,electronic
033_a_rush_of_blood_to_the_head_00,audio/033_a_rush_of_blood_to_the_head_00.mp3,lyrics/033_a_rush_of_blood_to_the_head_00.txt,a,electronic
033_a_rush_of_blood_to_the_head_01,audio/033_a_rush_of_blood_to_the_head_01.mp3,lyrics/033_a_rush_of_blood_to_the_head_01.txt,a,electronic
033_a_rush_of_blood_to_the_head_02,audio/033_a_rush_of_blood_to_the_head_02.mp3,lyrics/033_a_rush_of_blood_to_the_head_02.txt,a,electronic
033_a_rush_of_blood_to_the_head_03,audio/033_a_rush_of_blood_to_the_head_03.mp3,lyrics/033_a_rush_of_blood_to_the_head_03.txt,a,electronic
033_a_rush_of_blood_to_the_head_04,audio/033_a_rush_of_blood_to_the_head_04.mp3,lyrics/033_a_rush_of_blood_to_the_head_04.txt,a,electronic
033_a_rush_of_blood_to_the_head_05,audio/033_a_rush_of_blood_to_the_head_05.mp3,lyrics/033_a_rush_of_blood_to_the_head_05.txt,a,electronic
033_a_rush_of_blood_to_the_head_06,audio/033_a_rush_of_blood_to_the_head_06.mp3,lyrics/033_a_rush_of_blood_to_the_head_06.txt,a,electronic
033_a_rush_of_blood_to_the_head_07,audio/033_a_rush_of_blood_to_the_head_07.mp3,lyrics/033_a_rush_of_blood_to_the_head_07.txt,a,electronic
033_a_rush_of_blood_to_the_head_08,audio/033_a_rush_of_blood_to_the_head_08.mp3,lyrics/033_a_rush_of_blood_to_the_head_08.txt,a,electronic
033_a_rush_of_blood_to_the_head_09,audio/033_a_rush_of_blood_to_the_head_09.mp3,lyrics/033_a_rush_of_blood_to_the_head_09.txt,a,electronic
033_a_rush_of_blood_to_the_head_10,audio/033_a_rush_of_blood_to_the_head_10.mp3,lyrics/033_a_rush_of_blood_to_the_head_10.txt,a,electronic
033_a_rush_of_blood_to_the_head_11,audio/033_a_rush_of_blood_to_the_head_11.mp3,lyrics/033_a_rush_of_blood_to_the_head_11.txt,a,electronic
034_green_eyes_00,audio/034_green_eyes_00.mp3,lyrics/034_green_eyes_00.txt,green,pop
034_green_eyes_01,audio/034_green_eyes_01.mp3,lyrics/034_green_eyes_01.txt,green,pop
034_green_eyes_02,audio/034_green_eyes_02.mp3,lyrics/034_green_eyes_02.txt,green,pop
034_green_eyes_03,audio/034_green_eyes_03.mp3,lyrics/034_green_eyes_03.txt,green,pop
034_green_eyes_04,audio/034_green_eyes_04.mp3,lyrics/034_green_eyes_04.txt,green,pop
034_green_eyes_05,audio/034_green_eyes_05.mp3,lyrics/034_green_eyes_05.txt,green,pop
034_green_eyes_06,audio/034_green_eyes_06.mp3,lyrics/034_green_eyes_06.txt,green,pop
038_fun_00,audio/038_fun_00.mp3,lyrics/038_fun_00.txt,fun,electronic
038_fun_01,audio/038_fun_01.mp3,lyrics/038_fun_01.txt,fun,electronic
038_fun_02,audio/038_fun_02.mp3,lyrics/038_fun_02.txt,fun,electronic
038_fun_03,audio/038_fun_03.mp3,lyrics/038_fun_03.txt,fun,electronic
038_fun_04,audio/038_fun_04.mp3,lyrics/038_fun_04.txt,fun,electronic
038_fun_05,audio/038_fun_05.mp3,lyrics/038_fun_05.txt,fun,electronic
038_fun_06,audio/038_fun_06.mp3,lyrics/038_fun_06.txt,fun,electronic
038_fun_07,audio/038_fun_07.mp3,lyrics/038_fun_07.txt,fun,electronic
038_fun_08,audio/038_fun_08.mp3,lyrics/038_fun_08.txt,fun,electronic
039_speed_of_sound_00,audio/039_speed_of_sound_00.mp3,lyrics/039_speed_of_sound_00.txt,speed,electronic
039_speed_of_sound_01,audio/039_speed_of_sound_01.mp3,lyrics/039_speed_of_sound_01.txt,speed,electronic
039_speed_of_sound_02,audio/039_speed_of_sound_02.mp3,lyrics/039_speed_of_sound_02.txt,speed,electronic
039_speed_of_sound_03,audio/039_speed_of_sound_03.mp3,lyrics/039_speed_of_sound_03.txt,speed,electronic
039_speed_of_sound_04,audio/039_speed_of_sound_04.mp3,lyrics/039_speed_of_sound_04.txt,speed,electronic
039_speed_of_sound_05,audio/039_speed_of_sound_05.mp3,lyrics/039_speed_of_sound_05.txt,speed,electronic
039_speed_of_sound_06,audio/039_speed_of_sound_06.mp3,lyrics/039_speed_of_sound_06.txt,speed,electronic
039_speed_of_sound_07,audio/039_speed_of_sound_07.mp3,lyrics/039_speed_of_sound_07.txt,speed,electronic
039_speed_of_sound_08,audio/039_speed_of_sound_08.mp3,lyrics/039_speed_of_sound_08.txt,speed,electronic
043_warning_sign_00,audio/043_warning_sign_00.mp3,lyrics/043_warning_sign_00.txt,warning,hip_hop
043_warning_sign_01,audio/043_warning_sign_01.mp3,lyrics/043_warning_sign_01.txt,warning,hip_hop
043_warning_sign_02,audio/043_warning_sign_02.mp3,lyrics/043_warning_sign_02.txt,warning,hip_hop
043_warning_sign_03,audio/043_warning_sign_03.mp3,lyrics/043_warning_sign_03.txt,warning,hip_hop
043_warning_sign_04,audio/043_warning_sign_04.mp3,lyrics/043_warning_sign_04.txt,warning,hip_hop
043_warning_sign_05,audio/043_warning_sign_05.mp3,lyrics/043_warning_sign_05.txt,warning,hip_hop
043_warning_sign_06,audio/043_warning_sign_06.mp3,lyrics/043_warning_sign_06.txt,warning,hip_hop
043_warning_sign_07,audio/043_warning_sign_07.mp3,lyrics/043_warning_sign_07.txt,warning,hip_hop
043_warning_sign_08,audio/043_warning_sign_08.mp3,lyrics/043_warning_sign_08.txt,warning,hip_hop
043_warning_sign_09,audio/043_warning_sign_09.mp3,lyrics/043_warning_sign_09.txt,warning,hip_hop
043_warning_sign_10,audio/043_warning_sign_10.mp3,lyrics/043_warning_sign_10.txt,warning,hip_hop
044_amsterdam_00,audio/044_amsterdam_00.mp3,lyrics/044_amsterdam_00.txt,amsterdam,pop
044_amsterdam_01,audio/044_amsterdam_01.mp3,lyrics/044_amsterdam_01.txt,amsterdam,pop
044_amsterdam_02,audio/044_amsterdam_02.mp3,lyrics/044_amsterdam_02.txt,amsterdam,pop
044_amsterdam_03,audio/044_amsterdam_03.mp3,lyrics/044_amsterdam_03.txt,amsterdam,pop
044_amsterdam_04,audio/044_amsterdam_04.mp3,lyrics/044_amsterdam_04.txt,amsterdam,pop
044_amsterdam_05,audio/044_amsterdam_05.mp3,lyrics/044_amsterdam_05.txt,amsterdam,pop
044_amsterdam_06,audio/044_amsterdam_06.mp3,lyrics/044_amsterdam_06.txt,amsterdam,pop
044_amsterdam_07,audio/044_amsterdam_07.mp3,lyrics/044_amsterdam_07.txt,amsterdam,pop
044_amsterdam_08,audio/044_amsterdam_08.mp3,lyrics/044_amsterdam_08.txt,amsterdam,pop
044_amsterdam_09,audio/044_amsterdam_09.mp3,lyrics/044_amsterdam_09.txt,amsterdam,pop
045_cry_cry_cry_00,audio/045_cry_cry_cry_00.mp3,lyrics/045_cry_cry_cry_00.txt,cry,hip_hop
045_cry_cry_cry_01,audio/045_cry_cry_cry_01.mp3,lyrics/045_cry_cry_cry_01.txt,cry,hip_hop
045_cry_cry_cry_02,audio/045_cry_cry_cry_02.mp3,lyrics/045_cry_cry_cry_02.txt,cry,hip_hop
045_cry_cry_cry_03,audio/045_cry_cry_cry_03.mp3,lyrics/045_cry_cry_cry_03.txt,cry,hip_hop
045_cry_cry_cry_04,audio/045_cry_cry_cry_04.mp3,lyrics/045_cry_cry_cry_04.txt,cry,hip_hop
046_lost_00,audio/046_lost_00.mp3,lyrics/046_lost_00.txt,lost,jazz
046_lost_01,audio/046_lost_01.mp3,lyrics/046_lost_01.txt,lost,jazz
046_lost_02,audio/046_lost_02.mp3,lyrics/046_lost_02.txt,lost,jazz
046_lost_03,audio/046_lost_03.mp3,lyrics/046_lost_03.txt,lost,jazz
046_lost_04,audio/046_lost_04.mp3,lyrics/046_lost_04.txt,lost,jazz
046_lost_05,audio/046_lost_05.mp3,lyrics/046_lost_05.txt,lost,jazz
046_lost_06,audio/046_lost_06.mp3,lyrics/046_lost_06.txt,lost,jazz
046_lost_07,audio/046_lost_07.mp3,lyrics/046_lost_07.txt,lost,jazz
057_xy_00,audio/057_xy_00.mp3,lyrics/057_xy_00.txt,xy,pop
057_xy_01,audio/057_xy_01.mp3,lyrics/057_xy_01.txt,xy,pop
057_xy_02,audio/057_xy_02.mp3,lyrics/057_xy_02.txt,xy,pop
057_xy_03,audio/057_xy_03.mp3,lyrics/057_xy_03.txt,xy,pop
057_xy_04,audio/057_xy_04.mp3,lyrics/057_xy_04.txt,xy,pop
057_xy_05,audio/057_xy_05.mp3,lyrics/057_xy_05.txt,xy,pop
057_xy_06,audio/057_xy_06.mp3,lyrics/057_xy_06.txt,xy,pop
057_xy_07,audio/057_xy_07.mp3,lyrics/057_xy_07.txt,xy,pop
057_xy_08,audio/057_xy_08.mp3,lyrics/057_xy_08.txt,xy,pop
061_oceans_00,audio/061_oceans_00.mp3,lyrics/061_oceans_00.txt,oceans,pop
061_oceans_01,audio/061_oceans_01.mp3,lyrics/061_oceans_01.txt,oceans,pop
061_oceans_02,audio/061_oceans_02.mp3,lyrics/061_oceans_02.txt,oceans,pop
061_oceans_03,audio/061_oceans_03.mp3,lyrics/061_oceans_03.txt,oceans,pop
061_oceans_04,audio/061_oceans_04.mp3,lyrics/061_oceans_04.txt,oceans,pop
061_oceans_05,audio/061_oceans_05.mp3,lyrics/061_oceans_05.txt,oceans,pop
061_oceans_06,audio/061_oceans_06.mp3,lyrics/061_oceans_06.txt,oceans,pop
061_oceans_07,audio/061_oceans_07.mp3,lyrics/061_oceans_07.txt,oceans,pop
061_oceans_08,audio/061_oceans_08.mp3,lyrics/061_oceans_08.txt,oceans,pop
061_oceans_09,audio/061_oceans_09.mp3,lyrics/061_oceans_09.txt,oceans,pop
061_oceans_10,audio/061_oceans_10.mp3,lyrics/061_oceans_10.txt,oceans,pop
065_èkó_00,audio/065_èkó_00.mp3,lyrics/065_èkó_00.txt,èkó,pop
065_èkó_01,audio/065_èkó_01.mp3,lyrics/065_èkó_01.txt,èkó,pop
065_èkó_02,audio/065_èkó_02.mp3,lyrics/065_èkó_02.txt,èkó,pop
065_èkó_03,audio/065_èkó_03.mp3,lyrics/065_èkó_03.txt,èkó,pop
065_èkó_04,audio/065_èkó_04.mp3,lyrics/065_èkó_04.txt,èkó,pop
067_we_never_change_00,audio/067_we_never_change_00.mp3,lyrics/067_we_never_change_00.txt,we,hip_hop
067_we_never_change_01,audio/067_we_never_change_01.mp3,lyrics/067_we_never_change_01.txt,we,hip_hop
067_we_never_change_02,audio/067_we_never_change_02.mp3,lyrics/067_we_never_change_02.txt,we,hip_hop
067_we_never_change_03,audio/067_we_never_change_03.mp3,lyrics/067_we_never_change_03.txt,we,hip_hop
067_we_never_change_04,audio/067_we_never_change_04.mp3,lyrics/067_we_never_change_04.txt,we,hip_hop
067_we_never_change_05,audio/067_we_never_change_05.mp3,lyrics/067_we_never_change_05.txt,we,hip_hop
067_we_never_change_06,audio/067_we_never_change_06.mp3,lyrics/067_we_never_change_06.txt,we,hip_hop
067_we_never_change_07,audio/067_we_never_change_07.mp3,lyrics/067_we_never_change_07.txt,we,hip_hop
069_old_friends_00,audio/069_old_friends_00.mp3,lyrics/069_old_friends_00.txt,old,rock
069_old_friends_01,audio/069_old_friends_01.mp3,lyrics/069_old_friends_01.txt,old,rock
069_old_friends_02,audio/069_old_friends_02.mp3,lyrics/069_old_friends_02.txt,old,rock
069_old_friends_03,audio/069_old_friends_03.mp3,lyrics/069_old_friends_03.txt,old,rock
069_old_friends_04,audio/069_old_friends_04.mp3,lyrics/069_old_friends_04.txt,old,rock
070_guns_00,audio/070_guns_00.mp3,lyrics/070_guns_00.txt,guns,rock
070_guns_01,audio/070_guns_01.mp3,lyrics/070_guns_01.txt,guns,rock
070_guns_02,audio/070_guns_02.mp3,lyrics/070_guns_02.txt,guns,rock
070_guns_03,audio/070_guns_03.mp3,lyrics/070_guns_03.txt,guns,rock
073_what_if_00,audio/073_what_if_00.mp3,lyrics/073_what_if_00.txt,what,hip_hop
073_what_if_01,audio/073_what_if_01.mp3,lyrics/073_what_if_01.txt,what,hip_hop
073_what_if_02,audio/073_what_if_02.mp3,lyrics/073_what_if_02.txt,what,hip_hop
073_what_if_03,audio/073_what_if_03.mp3,lyrics/073_what_if_03.txt,what,hip_hop
073_what_if_04,audio/073_what_if_04.mp3,lyrics/073_what_if_04.txt,what,hip_hop
073_what_if_05,audio/073_what_if_05.mp3,lyrics/073_what_if_05.txt,what,hip_hop
073_what_if_06,audio/073_what_if_06.mp3,lyrics/073_what_if_06.txt,what,hip_hop
073_what_if_07,audio/073_what_if_07.mp3,lyrics/073_what_if_07.txt,what,hip_hop
073_what_if_08,audio/073_what_if_08.mp3,lyrics/073_what_if_08.txt,what,hip_hop
073_what_if_09,audio/073_what_if_09.mp3,lyrics/073_what_if_09.txt,what,hip_hop
075_42_00,audio/075_42_00.mp3,lyrics/075_42_00.txt,42,hip_hop
075_42_01,audio/075_42_01.mp3,lyrics/075_42_01.txt,42,hip_hop
075_42_02,audio/075_42_02.mp3,lyrics/075_42_02.txt,42,hip_hop
075_42_03,audio/075_42_03.mp3,lyrics/075_42_03.txt,42,hip_hop
075_42_04,audio/075_42_04.mp3,lyrics/075_42_04.txt,42,hip_hop
075_42_05,audio/075_42_05.mp3,lyrics/075_42_05.txt,42,hip_hop
075_42_06,audio/075_42_06.mp3,lyrics/075_42_06.txt,42,hip_hop
075_42_07,audio/075_42_07.mp3,lyrics/075_42_07.txt,42,hip_hop
078_swallowed_in_the_sea_00,audio/078_swallowed_in_the_sea_00.mp3,lyrics/078_swallowed_in_the_sea_00.txt,swallowed,pop
078_swallowed_in_the_sea_01,audio/078_swallowed_in_the_sea_01.mp3,lyrics/078_swallowed_in_the_sea_01.txt,swallowed,pop
078_swallowed_in_the_sea_02,audio/078_swallowed_in_the_sea_02.mp3,lyrics/078_swallowed_in_the_sea_02.txt,swallowed,pop
078_swallowed_in_the_sea_03,audio/078_swallowed_in_the_sea_03.mp3,lyrics/078_swallowed_in_the_sea_03.txt,swallowed,pop
078_swallowed_in_the_sea_04,audio/078_swallowed_in_the_sea_04.mp3,lyrics/078_swallowed_in_the_sea_04.txt,swallowed,pop
078_swallowed_in_the_sea_05,audio/078_swallowed_in_the_sea_05.mp3,lyrics/078_swallowed_in_the_sea_05.txt,swallowed,pop
078_swallowed_in_the_sea_06,audio/078_swallowed_in_the_sea_06.mp3,lyrics/078_swallowed_in_the_sea_06.txt,swallowed,pop
078_swallowed_in_the_sea_07,audio/078_swallowed_in_the_sea_07.mp3,lyrics/078_swallowed_in_the_sea_07.txt,swallowed,pop
079_a_message_00,audio/079_a_message_00.mp3,lyrics/079_a_message_00.txt,a,electronic
079_a_message_01,audio/079_a_message_01.mp3,lyrics/079_a_message_01.txt,a,electronic
079_a_message_02,audio/079_a_message_02.mp3,lyrics/079_a_message_02.txt,a,electronic
079_a_message_03,audio/079_a_message_03.mp3,lyrics/079_a_message_03.txt,a,electronic
079_a_message_04,audio/079_a_message_04.mp3,lyrics/079_a_message_04.txt,a,electronic
079_a_message_05,audio/079_a_message_05.mp3,lyrics/079_a_message_05.txt,a,electronic
079_a_message_06,audio/079_a_message_06.mp3,lyrics/079_a_message_06.txt,a,electronic
079_a_message_07,audio/079_a_message_07.mp3,lyrics/079_a_message_07.txt,a,electronic
079_a_message_08,audio/079_a_message_08.mp3,lyrics/079_a_message_08.txt,a,electronic
080_the_hardest_part_00,audio/080_the_hardest_part_00.mp3,lyrics/080_the_hardest_part_00.txt,the,country
080_the_hardest_part_01,audio/080_the_hardest_part_01.mp3,lyrics/080_the_hardest_part_01.txt,the,country
080_the_hardest_part_02,audio/080_the_hardest_part_02.mp3,lyrics/080_the_hardest_part_02.txt,the,country
080_the_hardest_part_03,audio/080_the_hardest_part_03.mp3,lyrics/080_the_hardest_part_03.txt,the,country
080_the_hardest_part_04,audio/080_the_hardest_part_04.mp3,lyrics/080_the_hardest_part_04.txt,the,country
080_the_hardest_part_05,audio/080_the_hardest_part_05.mp3,lyrics/080_the_hardest_part_05.txt,the,country
080_the_hardest_part_06,audio/080_the_hardest_part_06.mp3,lyrics/080_the_hardest_part_06.txt,the,country
080_the_hardest_part_07,audio/080_the_hardest_part_07.mp3,lyrics/080_the_hardest_part_07.txt,the,country
080_the_hardest_part_08,audio/080_the_hardest_part_08.mp3,lyrics/080_the_hardest_part_08.txt,the,country
081_us_against_the_world_00,audio/081_us_against_the_world_00.mp3,lyrics/081_us_against_the_world_00.txt,us,hip_hop
081_us_against_the_world_01,audio/081_us_against_the_world_01.mp3,lyrics/081_us_against_the_world_01.txt,us,hip_hop
081_us_against_the_world_02,audio/081_us_against_the_world_02.mp3,lyrics/081_us_against_the_world_02.txt,us,hip_hop
081_us_against_the_world_03,audio/081_us_against_the_world_03.mp3,lyrics/081_us_against_the_world_03.txt,us,hip_hop
081_us_against_the_world_04,audio/081_us_against_the_world_04.mp3,lyrics/081_us_against_the_world_04.txt,us,hip_hop
081_us_against_the_world_05,audio/081_us_against_the_world_05.mp3,lyrics/081_us_against_the_world_05.txt,us,hip_hop
081_us_against_the_world_06,audio/081_us_against_the_world_06.mp3,lyrics/081_us_against_the_world_06.txt,us,hip_hop
081_us_against_the_world_07,audio/081_us_against_the_world_07.mp3,lyrics/081_us_against_the_world_07.txt,us,hip_hop
084_everythings_not_lost_00,audio/084_everythings_not_lost_00.mp3,lyrics/084_everythings_not_lost_00.txt,everythings,rock
084_everythings_not_lost_01,audio/084_everythings_not_lost_01.mp3,lyrics/084_everythings_not_lost_01.txt,everythings,rock
084_everythings_not_lost_02,audio/084_everythings_not_lost_02.mp3,lyrics/084_everythings_not_lost_02.txt,everythings,rock
084_everythings_not_lost_03,audio/084_everythings_not_lost_03.mp3,lyrics/084_everythings_not_lost_03.txt,everythings,rock
084_everythings_not_lost_04,audio/084_everythings_not_lost_04.mp3,lyrics/084_everythings_not_lost_04.txt,everythings,rock
084_everythings_not_lost_05,audio/084_everythings_not_lost_05.mp3,lyrics/084_everythings_not_lost_05.txt,everythings,rock
084_everythings_not_lost_06,audio/084_everythings_not_lost_06.mp3,lyrics/084_everythings_not_lost_06.txt,everythings,rock
084_everythings_not_lost_07,audio/084_everythings_not_lost_07.mp3,lyrics/084_everythings_not_lost_07.txt,everythings,rock
084_everythings_not_lost_08,audio/084_everythings_not_lost_08.mp3,lyrics/084_everythings_not_lost_08.txt,everythings,rock
084_everythings_not_lost_09,audio/084_everythings_not_lost_09.mp3,lyrics/084_everythings_not_lost_09.txt,everythings,rock
084_everythings_not_lost_10,audio/084_everythings_not_lost_10.mp3,lyrics/084_everythings_not_lost_10.txt,everythings,rock
084_everythings_not_lost_11,audio/084_everythings_not_lost_11.mp3,lyrics/084_everythings_not_lost_11.txt,everythings,rock
084_everythings_not_lost_12,audio/084_everythings_not_lost_12.mp3,lyrics/084_everythings_not_lost_12.txt,everythings,rock
084_everythings_not_lost_13,audio/084_everythings_not_lost_13.mp3,lyrics/084_everythings_not_lost_13.txt,everythings,rock
093_square_one_00,audio/093_square_one_00.mp3,lyrics/093_square_one_00.txt,square,electronic
093_square_one_01,audio/093_square_one_01.mp3,lyrics/093_square_one_01.txt,square,electronic
093_square_one_02,audio/093_square_one_02.mp3,lyrics/093_square_one_02.txt,square,electronic
093_square_one_03,audio/093_square_one_03.mp3,lyrics/093_square_one_03.txt,square,electronic
093_square_one_04,audio/093_square_one_04.mp3,lyrics/093_square_one_04.txt,square,electronic
093_square_one_05,audio/093_square_one_05.mp3,lyrics/093_square_one_05.txt,square,electronic
093_square_one_06,audio/093_square_one_06.mp3,lyrics/093_square_one_06.txt,square,electronic
093_square_one_07,audio/093_square_one_07.mp3,lyrics/093_square_one_07.txt,square,electronic
093_square_one_08,audio/093_square_one_08.mp3,lyrics/093_square_one_08.txt,square,electronic
095_yes_00,audio/095_yes_00.mp3,lyrics/095_yes_00.txt,yes,electronic
095_yes_01,audio/095_yes_01.mp3,lyrics/095_yes_01.txt,yes,electronic
095_yes_02,audio/095_yes_02.mp3,lyrics/095_yes_02.txt,yes,electronic
095_yes_03,audio/095_yes_03.mp3,lyrics/095_yes_03.txt,yes,electronic
095_yes_04,audio/095_yes_04.mp3,lyrics/095_yes_04.txt,yes,electronic
095_yes_05,audio/095_yes_05.mp3,lyrics/095_yes_05.txt,yes,electronic
095_yes_06,audio/095_yes_06.mp3,lyrics/095_yes_06.txt,yes,electronic
095_yes_07,audio/095_yes_07.mp3,lyrics/095_yes_07.txt,yes,electronic
095_yes_08,audio/095_yes_08.mp3,lyrics/095_yes_08.txt,yes,electronic
095_yes_09,audio/095_yes_09.mp3,lyrics/095_yes_09.txt,yes,electronic
095_yes_10,audio/095_yes_10.mp3,lyrics/095_yes_10.txt,yes,electronic
095_yes_11,audio/095_yes_11.mp3,lyrics/095_yes_11.txt,yes,electronic
095_yes_12,audio/095_yes_12.mp3,lyrics/095_yes_12.txt,yes,electronic
095_yes_13,audio/095_yes_13.mp3,lyrics/095_yes_13.txt,yes,electronic
101_up_with_the_birds_00,audio/101_up_with_the_birds_00.mp3,lyrics/101_up_with_the_birds_00.txt,up,electronic
101_up_with_the_birds_01,audio/101_up_with_the_birds_01.mp3,lyrics/101_up_with_the_birds_01.txt,up,electronic
101_up_with_the_birds_02,audio/101_up_with_the_birds_02.mp3,lyrics/101_up_with_the_birds_02.txt,up,electronic
101_up_with_the_birds_03,audio/101_up_with_the_birds_03.mp3,lyrics/101_up_with_the_birds_03.txt,up,electronic
101_up_with_the_birds_04,audio/101_up_with_the_birds_04.mp3,lyrics/101_up_with_the_birds_04.txt,up,electronic
101_up_with_the_birds_05,audio/101_up_with_the_birds_05.mp3,lyrics/101_up_with_the_birds_05.txt,up,electronic
101_up_with_the_birds_06,audio/101_up_with_the_birds_06.mp3,lyrics/101_up_with_the_birds_06.txt,up,electronic
106_all_your_friends_00,audio/106_all_your_friends_00.mp3,lyrics/106_all_your_friends_00.txt,all,rock
106_all_your_friends_01,audio/106_all_your_friends_01.mp3,lyrics/106_all_your_friends_01.txt,all,rock
106_all_your_friends_02,audio/106_all_your_friends_02.mp3,lyrics/106_all_your_friends_02.txt,all,rock
106_all_your_friends_03,audio/106_all_your_friends_03.mp3,lyrics/106_all_your_friends_03.txt,all,rock
106_all_your_friends_04,audio/106_all_your_friends_04.mp3,lyrics/106_all_your_friends_04.txt,all,rock
106_all_your_friends_05,audio/106_all_your_friends_05.mp3,lyrics/106_all_your_friends_05.txt,all,rock
106_all_your_friends_06,audio/106_all_your_friends_06.mp3,lyrics/106_all_your_friends_06.txt,all,rock
118_twisted_logic_00,audio/118_twisted_logic_00.mp3,lyrics/118_twisted_logic_00.txt,twisted,hip_hop
118_twisted_logic_01,audio/118_twisted_logic_01.mp3,lyrics/118_twisted_logic_01.txt,twisted,hip_hop
118_twisted_logic_02,audio/118_twisted_logic_02.mp3,lyrics/118_twisted_logic_02.txt,twisted,hip_hop
118_twisted_logic_03,audio/118_twisted_logic_03.mp3,lyrics/118_twisted_logic_03.txt,twisted,hip_hop
118_twisted_logic_04,audio/118_twisted_logic_04.mp3,lyrics/118_twisted_logic_04.txt,twisted,hip_hop
118_twisted_logic_05,audio/118_twisted_logic_05.mp3,lyrics/118_twisted_logic_05.txt,twisted,hip_hop
118_twisted_logic_06,audio/118_twisted_logic_06.mp3,lyrics/118_twisted_logic_06.txt,twisted,hip_hop
118_twisted_logic_07,audio/118_twisted_logic_07.mp3,lyrics/118_twisted_logic_07.txt,twisted,hip_hop
118_twisted_logic_08,audio/118_twisted_logic_08.mp3,lyrics/118_twisted_logic_08.txt,twisted,hip_hop
125_game_of_thrones_the_musical_00,audio/125_game_of_thrones_the_musical_00.mp3,lyrics/125_game_of_thrones_the_musical_00.txt,game,jazz
125_game_of_thrones_the_musical_01,audio/125_game_of_thrones_the_musical_01.mp3,lyrics/125_game_of_thrones_the_musical_01.txt,game,jazz
125_game_of_thrones_the_musical_02,audio/125_game_of_thrones_the_musical_02.mp3,lyrics/125_game_of_thrones_the_musical_02.txt,game,jazz
125_game_of_thrones_the_musical_03,audio/125_game_of_thrones_the_musical_03.mp3,lyrics/125_game_of_thrones_the_musical_03.txt,game,jazz
125_game_of_thrones_the_musical_04,audio/125_game_of_thrones_the_musical_04.mp3,lyrics/125_game_of_thrones_the_musical_04.txt,game,jazz
125_game_of_thrones_the_musical_05,audio/125_game_of_thrones_the_musical_05.mp3,lyrics/125_game_of_thrones_the_musical_05.txt,game,jazz
125_game_of_thrones_the_musical_06,audio/125_game_of_thrones_the_musical_06.mp3,lyrics/125_game_of_thrones_the_musical_06.txt,game,jazz
125_game_of_thrones_the_musical_07,audio/125_game_of_thrones_the_musical_07.mp3,lyrics/125_game_of_thrones_the_musical_07.txt,game,jazz
154_easy_to_please_00,audio/154_easy_to_please_00.mp3,lyrics/154_easy_to_please_00.txt,easy,rock
154_easy_to_please_01,audio/154_easy_to_please_01.mp3,lyrics/154_easy_to_please_01.txt,easy,rock
154_easy_to_please_02,audio/154_easy_to_please_02.mp3,lyrics/154_easy_to_please_02.txt,easy,rock
154_easy_to_please_03,audio/154_easy_to_please_03.mp3,lyrics/154_easy_to_please_03.txt,easy,rock
154_easy_to_please_04,audio/154_easy_to_please_04.mp3,lyrics/154_easy_to_please_04.txt,easy,rock
154_easy_to_please_05,audio/154_easy_to_please_05.mp3,lyrics/154_easy_to_please_05.txt,easy,rock
154_easy_to_please_06,audio/154_easy_to_please_06.mp3,lyrics/154_easy_to_please_06.txt,easy,rock
154_easy_to_please_07,audio/154_easy_to_please_07.mp3,lyrics/154_easy_to_please_07.txt,easy,rock
154_easy_to_please_08,audio/154_easy_to_please_08.mp3,lyrics/154_easy_to_please_08.txt,easy,rock
154_easy_to_please_09,audio/154_easy_to_please_09.mp3,lyrics/154_easy_to_please_09.txt,easy,rock
154_easy_to_please_10,audio/154_easy_to_please_10.mp3,lyrics/154_easy_to_please_10.txt,easy,rock
154_easy_to_please_11,audio/154_easy_to_please_11.mp3,lyrics/154_easy_to_please_11.txt,easy,rock
154_easy_to_please_12,audio/154_easy_to_please_12.mp3,lyrics/154_easy_to_please_12.txt,easy,rock
156_o_reprise_00,audio/156_o_reprise_00.mp3,lyrics/156_o_reprise_00.txt,o,jazz
156_o_reprise_01,audio/156_o_reprise_01.mp3,lyrics/156_o_reprise_01.txt,o,jazz
156_o_reprise_02,audio/156_o_reprise_02.mp3,lyrics/156_o_reprise_02.txt,o,jazz
156_o_reprise_03,audio/156_o_reprise_03.mp3,lyrics/156_o_reprise_03.txt,o,jazz
156_o_reprise_04,audio/156_o_reprise_04.mp3,lyrics/156_o_reprise_04.txt,o,jazz
156_o_reprise_05,audio/156_o_reprise_05.mp3,lyrics/156_o_reprise_05.txt,o,jazz
156_o_reprise_06,audio/156_o_reprise_06.mp3,lyrics/156_o_reprise_06.txt,o,jazz
156_o_reprise_07,audio/156_o_reprise_07.mp3,lyrics/156_o_reprise_07.txt,o,jazz
156_o_reprise_08,audio/156_o_reprise_08.mp3,lyrics/156_o_reprise_08.txt,o,jazz
156_o_reprise_09,audio/156_o_reprise_09.mp3,lyrics/156_o_reprise_09.txt,o,jazz
171_only_superstition_00,audio/171_only_superstition_00.mp3,lyrics/171_only_superstition_00.txt,only,hip_hop
171_only_superstition_01,audio/171_only_superstition_01.mp3,lyrics/171_only_superstition_01.txt,only,hip_hop
171_only_superstition_02,audio/171_only_superstition_02.mp3,lyrics/171_only_superstition_02.txt,only,hip_hop
171_only_superstition_03,audio/171_only_superstition_03.mp3,lyrics/171_only_superstition_03.txt,only,hip_hop
171_only_superstition_04,audio/171_only_superstition_04.mp3,lyrics/171_only_superstition_04.txt,only,hip_hop
171_only_superstition_05,audio/171_only_superstition_05.mp3,lyrics/171_only_superstition_05.txt,only,hip_hop
171_only_superstition_06,audio/171_only_superstition_06.mp3,lyrics/171_only_superstition_06.txt,only,hip_hop
171_only_superstition_07,audio/171_only_superstition_07.mp3,lyrics/171_only_superstition_07.txt,only,hip_hop
178_till_kingdom_come_00,audio/178_till_kingdom_come_00.mp3,lyrics/178_till_kingdom_come_00.txt,till,folk
178_till_kingdom_come_01,audio/178_till_kingdom_come_01.mp3,lyrics/178_till_kingdom_come_01.txt,till,folk
178_till_kingdom_come_02,audio/178_till_kingdom_come_02.mp3,lyrics/178_till_kingdom_come_02.txt,till,folk
178_till_kingdom_come_03,audio/178_till_kingdom_come_03.mp3,lyrics/178_till_kingdom_come_03.txt,till,folk
178_till_kingdom_come_04,audio/178_till_kingdom_come_04.mp3,lyrics/178_till_kingdom_come_04.txt,till,folk
178_till_kingdom_come_05,audio/178_till_kingdom_come_05.mp3,lyrics/178_till_kingdom_come_05.txt,till,folk
178_till_kingdom_come_06,audio/178_till_kingdom_come_06.mp3,lyrics/178_till_kingdom_come_06.txt,till,folk
178_till_kingdom_come_07,audio/178_till_kingdom_come_07.mp3,lyrics/178_till_kingdom_come_07.txt,till,folk
199_paradise_tiësto_remix_00,audio/199_paradise_tiësto_remix_00.mp3,lyrics/199_paradise_tiësto_remix_00.txt,paradise,pop
199_paradise_tiësto_remix_01,audio/199_paradise_tiësto_remix_01.mp3,lyrics/199_paradise_tiësto_remix_01.txt,paradise,pop
199_paradise_tiësto_remix_02,audio/199_paradise_tiësto_remix_02.mp3,lyrics/199_paradise_tiësto_remix_02.txt,paradise,pop
199_paradise_tiësto_remix_03,audio/199_paradise_tiësto_remix_03.mp3,lyrics/199_paradise_tiësto_remix_03.txt,paradise,pop
199_paradise_tiësto_remix_04,audio/199_paradise_tiësto_remix_04.mp3,lyrics/199_paradise_tiësto_remix_04.txt,paradise,pop
199_paradise_tiësto_remix_05,audio/199_paradise_tiësto_remix_05.mp3,lyrics/199_paradise_tiësto_remix_05.txt,paradise,pop
199_paradise_tiësto_remix_06,audio/199_paradise_tiësto_remix_06.mp3,lyrics/199_paradise_tiësto_remix_06.txt,paradise,pop
199_paradise_tiësto_remix_07,audio/199_paradise_tiësto_remix_07.mp3,lyrics/199_paradise_tiësto_remix_07.txt,paradise,pop
199_paradise_tiësto_remix_08,audio/199_paradise_tiësto_remix_08.mp3,lyrics/199_paradise_tiësto_remix_08.txt,paradise,pop
203_billie_jean_00,audio/203_billie_jean_00.mp3,lyrics/203_billie_jean_00.txt,billie,rock
203_billie_jean_01,audio/203_billie_jean_01.mp3,lyrics/203_billie_jean_01.txt,billie,rock
221_dont_panic_blue_room_version_00,audio/221_dont_panic_blue_room_version_00.mp3,lyrics/221_dont_panic_blue_room_version_00.txt,dont,pop
221_dont_panic_blue_room_version_01,audio/221_dont_panic_blue_room_version_01.mp3,lyrics/221_dont_panic_blue_room_version_01.txt,dont,pop
221_dont_panic_blue_room_version_02,audio/221_dont_panic_blue_room_version_02.mp3,lyrics/221_dont_panic_blue_room_version_02.txt,dont,pop
221_dont_panic_blue_room_version_03,audio/221_dont_panic_blue_room_version_03.mp3,lyrics/221_dont_panic_blue_room_version_03.txt,dont,pop
227_a_sky_full_of_stars_live_in_buenos_aires_00,audio/227_a_sky_full_of_stars_live_in_buenos_aires_00.mp3,lyrics/227_a_sky_full_of_stars_live_in_buenos_aires_00.txt,a,electronic
227_a_sky_full_of_stars_live_in_buenos_aires_01,audio/227_a_sky_full_of_stars_live_in_buenos_aires_01.mp3,lyrics/227_a_sky_full_of_stars_live_in_buenos_aires_01.txt,a,electronic
227_a_sky_full_of_stars_live_in_buenos_aires_02,audio/227_a_sky_full_of_stars_live_in_buenos_aires_02.mp3,lyrics/227_a_sky_full_of_stars_live_in_buenos_aires_02.txt,a,electronic
227_a_sky_full_of_stars_live_in_buenos_aires_03,audio/227_a_sky_full_of_stars_live_in_buenos_aires_03.mp3,lyrics/227_a_sky_full_of_stars_live_in_buenos_aires_03.txt,a,electronic
227_a_sky_full_of_stars_live_in_buenos_aires_04,audio/227_a_sky_full_of_stars_live_in_buenos_aires_04.mp3,lyrics/227_a_sky_full_of_stars_live_in_buenos_aires_04.txt,a,electronic
227_a_sky_full_of_stars_live_in_buenos_aires_05,audio/227_a_sky_full_of_stars_live_in_buenos_aires_05.mp3,lyrics/227_a_sky_full_of_stars_live_in_buenos_aires_05.txt,a,electronic
227_a_sky_full_of_stars_live_in_buenos_aires_06,audio/227_a_sky_full_of_stars_live_in_buenos_aires_06.mp3,lyrics/227_a_sky_full_of_stars_live_in_buenos_aires_06.txt,a,electronic
227_a_sky_full_of_stars_live_in_buenos_aires_07,audio/227_a_sky_full_of_stars_live_in_buenos_aires_07.mp3,lyrics/227_a_sky_full_of_stars_live_in_buenos_aires_07.txt,a,electronic
239_yellow_the_alpha_remix_00,audio/239_yellow_the_alpha_remix_00.mp3,lyrics/239_yellow_the_alpha_remix_00.txt,yellow,electronic
239_yellow_the_alpha_remix_01,audio/239_yellow_the_alpha_remix_01.mp3,lyrics/239_yellow_the_alpha_remix_01.txt,yellow,electronic
239_yellow_the_alpha_remix_02,audio/239_yellow_the_alpha_remix_02.mp3,lyrics/239_yellow_the_alpha_remix_02.txt,yellow,electronic
239_yellow_the_alpha_remix_03,audio/239_yellow_the_alpha_remix_03.mp3,lyrics/239_yellow_the_alpha_remix_03.txt,yellow,electronic
239_yellow_the_alpha_remix_04,audio/239_yellow_the_alpha_remix_04.mp3,lyrics/239_yellow_the_alpha_remix_04.txt,yellow,electronic
239_yellow_the_alpha_remix_05,audio/239_yellow_the_alpha_remix_05.mp3,lyrics/239_yellow_the_alpha_remix_05.txt,yellow,electronic
239_yellow_the_alpha_remix_06,audio/239_yellow_the_alpha_remix_06.mp3,lyrics/239_yellow_the_alpha_remix_06.txt,yellow,electronic
239_yellow_the_alpha_remix_07,audio/239_yellow_the_alpha_remix_07.mp3,lyrics/239_yellow_the_alpha_remix_07.txt,yellow,electronic
239_yellow_the_alpha_remix_08,audio/239_yellow_the_alpha_remix_08.mp3,lyrics/239_yellow_the_alpha_remix_08.txt,yellow,electronic
250_school_00,audio/250_school_00.mp3,lyrics/250_school_00.txt,school,jazz
250_school_01,audio/250_school_01.mp3,lyrics/250_school_01.txt,school,jazz
250_school_02,audio/250_school_02.mp3,lyrics/250_school_02.txt,school,jazz
250_school_03,audio/250_school_03.mp3,lyrics/250_school_03.txt,school,jazz
250_school_04,audio/250_school_04.mp3,lyrics/250_school_04.txt,school,jazz
250_school_05,audio/250_school_05.mp3,lyrics/250_school_05.txt,school,jazz
250_school_06,audio/250_school_06.mp3,lyrics/250_school_06.txt,school,jazz
250_school_07,audio/250_school_07.mp3,lyrics/250_school_07.txt,school,jazz
250_school_08,audio/250_school_08.mp3,lyrics/250_school_08.txt,school,jazz
250_school_09,audio/250_school_09.mp3,lyrics/250_school_09.txt,school,jazz
250_school_10,audio/250_school_10.mp3,lyrics/250_school_10.txt,school,jazz
250_school_11,audio/250_school_11.mp3,lyrics/250_school_11.txt,school,jazz
256_always_in_my_head_live_in_buenos_aires_00,audio/256_always_in_my_head_live_in_buenos_aires_00.mp3,lyrics/256_always_in_my_head_live_in_buenos_aires_00.txt,always,folk
256_always_in_my_head_live_in_buenos_aires_01,audio/256_always_in_my_head_live_in_buenos_aires_01.mp3,lyrics/256_always_in_my_head_live_in_buenos_aires_01.txt,always,folk
256_always_in_my_head_live_in_buenos_aires_02,audio/256_always_in_my_head_live_in_buenos_aires_02.mp3,lyrics/256_always_in_my_head_live_in_buenos_aires_02.txt,always,folk
256_always_in_my_head_live_in_buenos_aires_03,audio/256_always_in_my_head_live_in_buenos_aires_03.mp3,lyrics/256_always_in_my_head_live_in_buenos_aires_03.txt,always,folk
256_always_in_my_head_live_in_buenos_aires_04,audio/256_always_in_my_head_live_in_buenos_aires_04.mp3,lyrics/256_always_in_my_head_live_in_buenos_aires_04.txt,always,folk
256_always_in_my_head_live_in_buenos_aires_05,audio/256_always_in_my_head_live_in_buenos_aires_05.mp3,lyrics/256_always_in_my_head_live_in_buenos_aires_05.txt,always,folk
256_always_in_my_head_live_in_buenos_aires_06,audio/256_always_in_my_head_live_in_buenos_aires_06.mp3,lyrics/256_always_in_my_head_live_in_buenos_aires_06.txt,always,folk
262_the_man_who_swears_00,audio/262_the_man_who_swears_00.mp3,lyrics/262_the_man_who_swears_00.txt,the,country
262_the_man_who_swears_01,audio/262_the_man_who_swears_01.mp3,lyrics/262_the_man_who_swears_01.txt,the,country
262_the_man_who_swears_02,audio/262_the_man_who_swears_02.mp3,lyrics/262_the_man_who_swears_02.txt,the,country
262_the_man_who_swears_03,audio/262_the_man_who_swears_03.mp3,lyrics/262_the_man_who_swears_03.txt,the,country
262_the_man_who_swears_04,audio/262_the_man_who_swears_04.mp3,lyrics/262_the_man_who_swears_04.txt,the,country
262_the_man_who_swears_05,audio/262_the_man_who_swears_05.mp3,lyrics/262_the_man_who_swears_05.txt,the,country
263_fix_you_four_tet_remix_00,audio/263_fix_you_four_tet_remix_00.mp3,lyrics/263_fix_you_four_tet_remix_00.txt,fix,folk
263_fix_you_four_tet_remix_01,audio/263_fix_you_four_tet_remix_01.mp3,lyrics/263_fix_you_four_tet_remix_01.txt,fix,folk
263_fix_you_four_tet_remix_02,audio/263_fix_you_four_tet_remix_02.mp3,lyrics/263_fix_you_four_tet_remix_02.txt,fix,folk
263_fix_you_four_tet_remix_03,audio/263_fix_you_four_tet_remix_03.mp3,lyrics/263_fix_you_four_tet_remix_03.txt,fix,folk
263_fix_you_four_tet_remix_04,audio/263_fix_you_four_tet_remix_04.mp3,lyrics/263_fix_you_four_tet_remix_04.txt,fix,folk
263_fix_you_four_tet_remix_05,audio/263_fix_you_four_tet_remix_05.mp3,lyrics/263_fix_you_four_tet_remix_05.txt,fix,folk
263_fix_you_four_tet_remix_06,audio/263_fix_you_four_tet_remix_06.mp3,lyrics/263_fix_you_four_tet_remix_06.txt,fix,folk
263_fix_you_four_tet_remix_07,audio/263_fix_you_four_tet_remix_07.mp3,lyrics/263_fix_you_four_tet_remix_07.txt,fix,folk
263_fix_you_four_tet_remix_08,audio/263_fix_you_four_tet_remix_08.mp3,lyrics/263_fix_you_four_tet_remix_08.txt,fix,folk
263_fix_you_four_tet_remix_09,audio/263_fix_you_four_tet_remix_09.mp3,lyrics/263_fix_you_four_tet_remix_09.txt,fix,folk
266_brothers_and_sisters_re-recorded_00,audio/266_brothers_and_sisters_re-recorded_00.mp3,lyrics/266_brothers_and_sisters_re-recorded_00.txt,brothers,rock
266_brothers_and_sisters_re-recorded_01,audio/266_brothers_and_sisters_re-recorded_01.mp3,lyrics/266_brothers_and_sisters_re-recorded_01.txt,brothers,rock
266_brothers_and_sisters_re-recorded_02,audio/266_brothers_and_sisters_re-recorded_02.mp3,lyrics/266_brothers_and_sisters_re-recorded_02.txt,brothers,rock
266_brothers_and_sisters_re-recorded_03,audio/266_brothers_and_sisters_re-recorded_03.mp3,lyrics/266_brothers_and_sisters_re-recorded_03.txt,brothers,rock
266_brothers_and_sisters_re-recorded_04,audio/266_brothers_and_sisters_re-recorded_04.mp3,lyrics/266_brothers_and_sisters_re-recorded_04.txt,brothers,rock
266_brothers_and_sisters_re-recorded_05,audio/266_brothers_and_sisters_re-recorded_05.mp3,lyrics/266_brothers_and_sisters_re-recorded_05.txt,brothers,rock
266_brothers_and_sisters_re-recorded_06,audio/266_brothers_and_sisters_re-recorded_06.mp3,lyrics/266_brothers_and_sisters_re-recorded_06.txt,brothers,rock
266_brothers_and_sisters_re-recorded_07,audio/266_brothers_and_sisters_re-recorded_07.mp3,lyrics/266_brothers_and_sisters_re-recorded_07.txt,brothers,rock
267_talk_pre-release_version_00,audio/267_talk_pre-release_version_00.mp3,lyrics/267_talk_pre-release_version_00.txt,talk,rock
267_talk_pre-release_version_01,audio/267_talk_pre-release_version_01.mp3,lyrics/267_talk_pre-release_version_01.txt,talk,rock
267_talk_pre-release_version_02,audio/267_talk_pre-release_version_02.mp3,lyrics/267_talk_pre-release_version_02.txt,talk,rock
267_talk_pre-release_version_03,audio/267_talk_pre-release_version_03.mp3,lyrics/267_talk_pre-release_version_03.txt,talk,rock
267_talk_pre-release_version_04,audio/267_talk_pre-release_version_04.mp3,lyrics/267_talk_pre-release_version_04.txt,talk,rock
267_talk_pre-release_version_05,audio/267_talk_pre-release_version_05.mp3,lyrics/267_talk_pre-release_version_05.txt,talk,rock
267_talk_pre-release_version_06,audio/267_talk_pre-release_version_06.mp3,lyrics/267_talk_pre-release_version_06.txt,talk,rock
267_talk_pre-release_version_07,audio/267_talk_pre-release_version_07.mp3,lyrics/267_talk_pre-release_version_07.txt,talk,rock
267_talk_pre-release_version_08,audio/267_talk_pre-release_version_08.mp3,lyrics/267_talk_pre-release_version_08.txt,talk,rock
267_talk_pre-release_version_09,audio/267_talk_pre-release_version_09.mp3,lyrics/267_talk_pre-release_version_09.txt,talk,rock
301_shiver_live_00,audio/301_shiver_live_00.mp3,lyrics/301_shiver_live_00.txt,shiver,folk
301_shiver_live_01,audio/301_shiver_live_01.mp3,lyrics/301_shiver_live_01.txt,shiver,folk
301_shiver_live_02,audio/301_shiver_live_02.mp3,lyrics/301_shiver_live_02.txt,shiver,folk
301_shiver_live_03,audio/301_shiver_live_03.mp3,lyrics/301_shiver_live_03.txt,shiver,folk
301_shiver_live_04,audio/301_shiver_live_04.mp3,lyrics/301_shiver_live_04.txt,shiver,folk
301_shiver_live_05,audio/301_shiver_live_05.mp3,lyrics/301_shiver_live_05.txt,shiver,folk
301_shiver_live_06,audio/301_shiver_live_06.mp3,lyrics/301_shiver_live_06.txt,shiver,folk
301_shiver_live_07,audio/301_shiver_live_07.mp3,lyrics/301_shiver_live_07.txt,shiver,folk
301_shiver_live_08,audio/301_shiver_live_08.mp3,lyrics/301_shiver_live_08.txt,shiver,folk
301_shiver_live_09,audio/301_shiver_live_09.mp3,lyrics/301_shiver_live_09.txt,shiver,folk
302_god_put_a_smile_upon_your_face_def_inc_remix_00,audio/302_god_put_a_smile_upon_your_face_def_inc_remix_00.mp3,lyrics/302_god_put_a_smile_upon_your_face_def_inc_remix_00.txt,god,pop
302_god_put_a_smile_upon_your_face_def_inc_remix_01,audio/302_god_put_a_smile_upon_your_face_def_inc_remix_01.mp3,lyrics/302_god_put_a_smile_upon_your_face_def_inc_remix_01.txt,god,pop
302_god_put_a_smile_upon_your_face_def_inc_remix_02,audio/302_god_put_a_smile_upon_your_face_def_inc_remix_02.mp3,lyrics/302_god_put_a_smile_upon_your_face_def_inc_remix_02.txt,god,pop
302_god_put_a_smile_upon_your_face_def_inc_remix_03,audio/302_god_put_a_smile_upon_your_face_def_inc_remix_03.mp3,lyrics/302_god_put_a_smile_upon_your_face_def_inc_remix_03.txt,god,pop
302_god_put_a_smile_upon_your_face_def_inc_remix_04,audio/302_god_put_a_smile_upon_your_face_def_inc_remix_04.mp3,lyrics/302_god_put_a_smile_upon_your_face_def_inc_remix_04.txt,god,pop
302_god_put_a_smile_upon_your_face_def_inc_remix_05,audio/302_god_put_a_smile_upon_your_face_def_inc_remix_05.mp3,lyrics/302_god_put_a_smile_upon_your_face_def_inc_remix_05.txt,god,pop
302_god_put_a_smile_upon_your_face_def_inc_remix_06,audio/302_god_put_a_smile_upon_your_face_def_inc_remix_06.mp3,lyrics/302_god_put_a_smile_upon_your_face_def_inc_remix_06.txt,god,pop
302_god_put_a_smile_upon_your_face_def_inc_remix_07,audio/302_god_put_a_smile_upon_your_face_def_inc_remix_07.mp3,lyrics/302_god_put_a_smile_upon_your_face_def_inc_remix_07.txt,god,pop
302_god_put_a_smile_upon_your_face_def_inc_remix_08,audio/302_god_put_a_smile_upon_your_face_def_inc_remix_08.mp3,lyrics/302_god_put_a_smile_upon_your_face_def_inc_remix_08.txt,god,pop
302_god_put_a_smile_upon_your_face_def_inc_remix_09,audio/302_god_put_a_smile_upon_your_face_def_inc_remix_09.mp3,lyrics/302_god_put_a_smile_upon_your_face_def_inc_remix_09.txt,god,pop
314_charlie_brown_jacques_lu_cont_remix_00,audio/314_charlie_brown_jacques_lu_cont_remix_00.mp3,lyrics/314_charlie_brown_jacques_lu_cont_remix_00.txt,charlie,pop
314_charlie_brown_jacques_lu_cont_remix_01,audio/314_charlie_brown_jacques_lu_cont_remix_01.mp3,lyrics/314_charlie_brown_jacques_lu_cont_remix_01.txt,charlie,pop
314_charlie_brown_jacques_lu_cont_remix_02,audio/314_charlie_brown_jacques_lu_cont_remix_02.mp3,lyrics/314_charlie_brown_jacques_lu_cont_remix_02.txt,charlie,pop
314_charlie_brown_jacques_lu_cont_remix_03,audio/314_charlie_brown_jacques_lu_cont_remix_03.mp3,lyrics/314_charlie_brown_jacques_lu_cont_remix_03.txt,charlie,pop
314_charlie_brown_jacques_lu_cont_remix_04,audio/314_charlie_brown_jacques_lu_cont_remix_04.mp3,lyrics/314_charlie_brown_jacques_lu_cont_remix_04.txt,charlie,pop
314_charlie_brown_jacques_lu_cont_remix_05,audio/314_charlie_brown_jacques_lu_cont_remix_05.mp3,lyrics/314_charlie_brown_jacques_lu_cont_remix_05.txt,charlie,pop
314_charlie_brown_jacques_lu_cont_remix_06,audio/314_charlie_brown_jacques_lu_cont_remix_06.mp3,lyrics/314_charlie_brown_jacques_lu_cont_remix_06.txt,charlie,pop
314_charlie_brown_jacques_lu_cont_remix_07,audio/314_charlie_brown_jacques_lu_cont_remix_07.mp3,lyrics/314_charlie_brown_jacques_lu_cont_remix_07.txt,charlie,pop
314_charlie_brown_jacques_lu_cont_remix_08,audio/314_charlie_brown_jacques_lu_cont_remix_08.mp3,lyrics/314_charlie_brown_jacques_lu_cont_remix_08.txt,charlie,pop
319_clocksrelojes_00,audio/319_clocksrelojes_00.mp3,lyrics/319_clocksrelojes_00.txt,clocksrelojes,jazz
319_clocksrelojes_01,audio/319_clocksrelojes_01.mp3,lyrics/319_clocksrelojes_01.txt,clocksrelojes,jazz
319_clocksrelojes_02,audio/319_clocksrelojes_02.mp3,lyrics/319_clocksrelojes_02.txt,clocksrelojes,jazz
319_clocksrelojes_03,audio/319_clocksrelojes_03.mp3,lyrics/319_clocksrelojes_03.txt,clocksrelojes,jazz
319_clocksrelojes_04,audio/319_clocksrelojes_04.mp3,lyrics/319_clocksrelojes_04.txt,clocksrelojes,jazz
319_clocksrelojes_05,audio/319_clocksrelojes_05.mp3,lyrics/319_clocksrelojes_05.txt,clocksrelojes,jazz
319_clocksrelojes_06,audio/319_clocksrelojes_06.mp3,lyrics/319_clocksrelojes_06.txt,clocksrelojes,jazz
319_clocksrelojes_07,audio/319_clocksrelojes_07.mp3,lyrics/319_clocksrelojes_07.txt,clocksrelojes,jazz
319_clocksrelojes_08,audio/319_clocksrelojes_08.mp3,lyrics/319_clocksrelojes_08.txt,clocksrelojes,jazz
319_clocksrelojes_09,audio/319_clocksrelojes_09.mp3,lyrics/319_clocksrelojes_09.txt,clocksrelojes,jazz
327_trouble_live_at_kcrw_00,audio/327_trouble_live_at_kcrw_00.mp3,lyrics/327_trouble_live_at_kcrw_00.txt,trouble,pop
327_trouble_live_at_kcrw_01,audio/327_trouble_live_at_kcrw_01.mp3,lyrics/327_trouble_live_at_kcrw_01.txt,trouble,pop
327_trouble_live_at_kcrw_02,audio/327_trouble_live_at_kcrw_02.mp3,lyrics/327_trouble_live_at_kcrw_02.txt,trouble,pop
327_trouble_live_at_kcrw_03,audio/327_trouble_live_at_kcrw_03.mp3,lyrics/327_trouble_live_at_kcrw_03.txt,trouble,pop
327_trouble_live_at_kcrw_04,audio/327_trouble_live_at_kcrw_04.mp3,lyrics/327_trouble_live_at_kcrw_04.txt,trouble,pop
327_trouble_live_at_kcrw_05,audio/327_trouble_live_at_kcrw_05.mp3,lyrics/327_trouble_live_at_kcrw_05.txt,trouble,pop
327_trouble_live_at_kcrw_06,audio/327_trouble_live_at_kcrw_06.mp3,lyrics/327_trouble_live_at_kcrw_06.txt,trouble,pop
327_trouble_live_at_kcrw_07,audio/327_trouble_live_at_kcrw_07.mp3,lyrics/327_trouble_live_at_kcrw_07.txt,trouble,pop
327_trouble_live_at_kcrw_08,audio/327_trouble_live_at_kcrw_08.mp3,lyrics/327_trouble_live_at_kcrw_08.txt,trouble,pop
332_spies_live_at_kcrw_00,audio/332_spies_live_at_kcrw_00.mp3,lyrics/332_spies_live_at_kcrw_00.txt,spies,folk
332_spies_live_at_kcrw_01,audio/332_spies_live_at_kcrw_01.mp3,lyrics/332_spies_live_at_kcrw_01.txt,spies,folk
332_spies_live_at_kcrw_02,audio/332_spies_live_at_kcrw_02.mp3,lyrics/332_spies_live_at_kcrw_02.txt,spies,folk
332_spies_live_at_kcrw_03,audio/332_spies_live_at_kcrw_03.mp3,lyrics/332_spies_live_at_kcrw_03.txt,spies,folk
332_spies_live_at_kcrw_04,audio/332_spies_live_at_kcrw_04.mp3,lyrics/332_spies_live_at_kcrw_04.txt,spies,folk
332_spies_live_at_kcrw_05,audio/332_spies_live_at_kcrw_05.mp3,lyrics/332_spies_live_at_kcrw_05.txt,spies,folk
332_spies_live_at_kcrw_06,audio/332_spies_live_at_kcrw_06.mp3,lyrics/332_spies_live_at_kcrw_06.txt,spies,folk
332_spies_live_at_kcrw_07,audio/332_spies_live_at_kcrw_07.mp3,lyrics/332_spies_live_at_kcrw_07.txt,spies,folk
332_spies_live_at_kcrw_08,audio/332_spies_live_at_kcrw_08.mp3,lyrics/332_spies_live_at_kcrw_08.txt,spies,folk
332_spies_live_at_kcrw_09,audio/332_spies_live_at_kcrw_09.mp3,lyrics/332_spies_live_at_kcrw_09.txt,spies,folk
336_white_shadows_morgan_page_bootleg_remix_00,audio/336_white_shadows_morgan_page_bootleg_remix_00.mp3,lyrics/336_white_shadows_morgan_page_bootleg_remix_00.txt,white,country
336_white_shadows_morgan_page_bootleg_remix_01,audio/336_white_shadows_morgan_page_bootleg_remix_01.mp3,lyrics/336_white_shadows_morgan_page_bootleg_remix_01.txt,white,country
336_white_shadows_morgan_page_bootleg_remix_02,audio/336_white_shadows_morgan_page_bootleg_remix_02.mp3,lyrics/336_white_shadows_morgan_page_bootleg_remix_02.txt,white,country
336_white_shadows_morgan_page_bootleg_remix_03,audio/336_white_shadows_morgan_page_bootleg_remix_03.mp3,lyrics/336_white_shadows_morgan_page_bootleg_remix_03.txt,white,country
336_white_shadows_morgan_page_bootleg_remix_04,audio/336_white_shadows_morgan_page_bootleg_remix_04.mp3,lyrics/336_white_shadows_morgan_page_bootleg_remix_04.txt,white,country
336_white_shadows_morgan_page_bootleg_remix_05,audio/336_white_shadows_morgan_page_bootleg_remix_05.mp3,lyrics/336_white_shadows_morgan_page_bootleg_remix_05.txt,white,country
336_white_shadows_morgan_page_bootleg_remix_06,audio/336_white_shadows_morgan_page_bootleg_remix_06.mp3,lyrics/336_white_shadows_morgan_page_bootleg_remix_06.txt,white,country
336_white_shadows_morgan_page_bootleg_remix_07,audio/336_white_shadows_morgan_page_bootleg_remix_07.mp3,lyrics/336_white_shadows_morgan_page_bootleg_remix_07.txt,white,country
336_white_shadows_morgan_page_bootleg_remix_08,audio/336_white_shadows_morgan_page_bootleg_remix_08.mp3,lyrics/336_white_shadows_morgan_page_bootleg_remix_08.txt,white,country
336_white_shadows_morgan_page_bootleg_remix_09,audio/336_white_shadows_morgan_page_bootleg_remix_09.mp3,lyrics/336_white_shadows_morgan_page_bootleg_remix_09.txt,white,country
336_white_shadows_morgan_page_bootleg_remix_10,audio/336_white_shadows_morgan_page_bootleg_remix_10.mp3,lyrics/336_white_shadows_morgan_page_bootleg_remix_10.txt,white,country
003_mine_00,audio/003_mine_00.mp3,lyrics/003_mine_00.txt,mine,jazz
003_mine_01,audio/003_mine_01.mp3,lyrics/003_mine_01.txt,mine,jazz
003_mine_02,audio/003_mine_02.mp3,lyrics/003_mine_02.txt,mine,jazz
003_mine_03,audio/003_mine_03.mp3,lyrics/003_mine_03.txt,mine,jazz
003_mine_04,audio/003_mine_04.mp3,lyrics/003_mine_04.txt,mine,jazz
003_mine_05,audio/003_mine_05.mp3,lyrics/003_mine_05.txt,mine,jazz
003_mine_06,audio/003_mine_06.mp3,lyrics/003_mine_06.txt,mine,jazz
003_mine_07,audio/003_mine_07.mp3,lyrics/003_mine_07.txt,mine,jazz
003_mine_08,audio/003_mine_08.mp3,lyrics/003_mine_08.txt,mine,jazz
003_mine_09,audio/003_mine_09.mp3,lyrics/003_mine_09.txt,mine,jazz
003_mine_10,audio/003_mine_10.mp3,lyrics/003_mine_10.txt,mine,jazz
003_mine_11,audio/003_mine_11.mp3,lyrics/003_mine_11.txt,mine,jazz
007_if_i_were_a_boy_00,audio/007_if_i_were_a_boy_00.mp3,lyrics/007_if_i_were_a_boy_00.txt,if,electronic
007_if_i_were_a_boy_01,audio/007_if_i_were_a_boy_01.mp3,lyrics/007_if_i_were_a_boy_01.txt,if,electronic
007_if_i_were_a_boy_02,audio/007_if_i_were_a_boy_02.mp3,lyrics/007_if_i_were_a_boy_02.txt,if,electronic
007_if_i_were_a_boy_03,audio/007_if_i_were_a_boy_03.mp3,lyrics/007_if_i_were_a_boy_03.txt,if,electronic
007_if_i_were_a_boy_04,audio/007_if_i_were_a_boy_04.mp3,lyrics/007_if_i_were_a_boy_04.txt,if,electronic
007_if_i_were_a_boy_05,audio/007_if_i_were_a_boy_05.mp3,lyrics/007_if_i_were_a_boy_05.txt,if,electronic
007_if_i_were_a_boy_06,audio/007_if_i_were_a_boy_06.mp3,lyrics/007_if_i_were_a_boy_06.txt,if,electronic
007_if_i_were_a_boy_07,audio/007_if_i_were_a_boy_07.mp3,lyrics/007_if_i_were_a_boy_07.txt,if,electronic
011_flawless_00,audio/011_flawless_00.mp3,lyrics/011_flawless_00.txt,flawless,pop
011_flawless_01,audio/011_flawless_01.mp3,lyrics/011_flawless_01.txt,flawless,pop
011_flawless_02,audio/011_flawless_02.mp3,lyrics/011_flawless_02.txt,flawless,pop
011_flawless_03,audio/011_flawless_03.mp3,lyrics/011_flawless_03.txt,flawless,pop
011_flawless_04,audio/011_flawless_04.mp3,lyrics/011_flawless_04.txt,flawless,pop
011_flawless_05,audio/011_flawless_05.mp3,lyrics/011_flawless_05.txt,flawless,pop
011_flawless_06,audio/011_flawless_06.mp3,lyrics/011_flawless_06.txt,flawless,pop
011_flawless_07,audio/011_flawless_07.mp3,lyrics/011_flawless_07.txt,flawless,pop
014_blow_00,audio/014_blow_00.mp3,lyrics/014_blow_00.txt,blow,pop
014_blow_01,audio/014_blow_01.mp3,lyrics/014_blow_01.txt,blow,pop
014_blow_02,audio/014_blow_02.mp3,lyrics/014_blow_02.txt,blow,pop
014_blow_03,audio/014_blow_03.mp3,lyrics/014_blow_03.txt,blow,pop
014_blow_04,audio/014_blow_04.mp3,lyrics/014_blow_04.txt,blow,pop
014_blow_05,audio/014_blow_05.mp3,lyrics/014_blow_05.txt,blow,pop
014_blow_06,audio/014_blow_06.mp3,lyrics/014_blow_06.txt,blow,pop
014_blow_07,audio/014_blow_07.mp3,lyrics/014_blow_07.txt,blow,pop
014_blow_08,audio/014_blow_08.mp3,lyrics/014_blow_08.txt,blow,pop
014_blow_09,audio/014_blow_09.mp3,lyrics/014_blow_09.txt,blow,pop
015_rocket_00,audio/015_rocket_00.mp3,lyrics/015_rocket_00.txt,rocket,electronic
015_rocket_01,audio/015_rocket_01.mp3,lyrics/015_rocket_01.txt,rocket,electronic
015_rocket_02,audio/015_rocket_02.mp3,lyrics/015_rocket_02.txt,rocket,electronic
015_rocket_03,audio/015_rocket_03.mp3,lyrics/015_rocket_03.txt,rocket,electronic
015_rocket_04,audio/015_rocket_04.mp3,lyrics/015_rocket_04.txt,rocket,electronic
015_rocket_05,audio/015_rocket_05.mp3,lyrics/015_rocket_05.txt,rocket,electronic
015_rocket_06,audio/015_rocket_06.mp3,lyrics/015_rocket_06.txt,rocket,electronic
015_rocket_07,audio/015_rocket_07.mp3,lyrics/015_rocket_07.txt,rocket,electronic
015_rocket_08,audio/015_rocket_08.mp3,lyrics/015_rocket_08.txt,rocket,electronic
015_rocket_09,audio/015_rocket_09.mp3,lyrics/015_rocket_09.txt,rocket,electronic
015_rocket_10,audio/015_rocket_10.mp3,lyrics/015_rocket_10.txt,rocket,electronic
015_rocket_11,audio/015_rocket_11.mp3,lyrics/015_rocket_11.txt,rocket,electronic
015_rocket_12,audio/015_rocket_12.mp3,lyrics/015_rocket_12.txt,rocket,electronic
023_xo_00,audio/023_xo_00.mp3,lyrics/023_xo_00.txt,xo,folk
023_xo_01,audio/023_xo_01.mp3,lyrics/023_xo_01.txt,xo,folk
023_xo_02,audio/023_xo_02.mp3,lyrics/023_xo_02.txt,xo,folk
023_xo_03,audio/023_xo_03.mp3,lyrics/023_xo_03.txt,xo,folk
023_xo_04,audio/023_xo_04.mp3,lyrics/023_xo_04.txt,xo,folk
023_xo_05,audio/023_xo_05.mp3,lyrics/023_xo_05.txt,xo,folk
023_xo_06,audio/023_xo_06.mp3,lyrics/023_xo_06.txt,xo,folk
026_jealous_00,audio/026_jealous_00.mp3,lyrics/026_jealous_00.txt,jealous,rock
026_jealous_01,audio/026_jealous_01.mp3,lyrics/026_jealous_01.txt,jealous,rock
026_jealous_02,audio/026_jealous_02.mp3,lyrics/026_jealous_02.txt,jealous,rock
026_jealous_03,audio/026_jealous_03.mp3,lyrics/026_jealous_03.txt,jealous,rock
026_jealous_04,audio/026_jealous_04.mp3,lyrics/026_jealous_04.txt,jealous,rock
026_jealous_05,audio/026_jealous_05.mp3,lyrics/026_jealous_05.txt,jealous,rock
028_heaven_00,audio/028_heaven_00.mp3,lyrics/028_heaven_00.txt,heaven,rock
028_heaven_01,audio/028_heaven_01.mp3,lyrics/028_heaven_01.txt,heaven,rock
028_heaven_02,audio/028_heaven_02.mp3,lyrics/028_heaven_02.txt,heaven,rock
028_heaven_03,audio/028_heaven_03.mp3,lyrics/028_heaven_03.txt,heaven,rock
028_heaven_04,audio/028_heaven_04.mp3,lyrics/028_heaven_04.txt,heaven,rock
028_heaven_05,audio/028_heaven_05.mp3,lyrics/028_heaven_05.txt,heaven,rock
028_heaven_06,audio/028_heaven_06.mp3,lyrics/028_heaven_06.txt,heaven,rock
028_heaven_07,audio/028_heaven_07.mp3,lyrics/028_heaven_07.txt,heaven,rock
036_lemonade_film_script_00,audio/036_lemonade_film_script_00.mp3,lyrics/036_lemonade_film_script_00.txt,lemonade,rock
036_lemonade_film_script_01,audio/036_lemonade_film_script_01.mp3,lyrics/036_lemonade_film_script_01.txt,lemonade,rock
036_lemonade_film_script_02,audio/036_lemonade_film_script_02.mp3,lyrics/036_lemonade_film_script_02.txt,lemonade,rock
036_lemonade_film_script_03,audio/036_lemonade_film_script_03.mp3,lyrics/036_lemonade_film_script_03.txt,lemonade,rock
036_lemonade_film_script_04,audio/036_lemonade_film_script_04.mp3,lyrics/036_lemonade_film_script_04.txt,lemonade,rock
036_lemonade_film_script_05,audio/036_lemonade_film_script_05.mp3,lyrics/036_lemonade_film_script_05.txt,lemonade,rock
038_superpower_00,audio/038_superpower_00.mp3,lyrics/038_superpower_00.txt,superpower,electronic
038_superpower_01,audio/038_superpower_01.mp3,lyrics/038_superpower_01.txt,superpower,electronic
038_superpower_02,audio/038_superpower_02.mp3,lyrics/038_superpower_02.txt,superpower,electronic
038_superpower_03,audio/038_superpower_03.mp3,lyrics/038_superpower_03.txt,superpower,electronic
038_superpower_04,audio/038_superpower_04.mp3,lyrics/038_superpower_04.txt,superpower,electronic
038_superpower_05,audio/038_superpower_05.mp3,lyrics/038_superpower_05.txt,superpower,electronic
038_superpower_06,audio/038_superpower_06.mp3,lyrics/038_superpower_06.txt,superpower,electronic
038_superpower_07,audio/038_superpower_07.mp3,lyrics/038_superpower_07.txt,superpower,electronic
038_superpower_08,audio/038_superpower_08.mp3,lyrics/038_superpower_08.txt,superpower,electronic
039_no_angel_00,audio/039_no_angel_00.mp3,lyrics/039_no_angel_00.txt,no,hip_hop
039_no_angel_01,audio/039_no_angel_01.mp3,lyrics/039_no_angel_01.txt,no,hip_hop
039_no_angel_02,audio/039_no_angel_02.mp3,lyrics/039_no_angel_02.txt,no,hip_hop
039_no_angel_03,audio/039_no_angel_03.mp3,lyrics/039_no_angel_03.txt,no,hip_hop
039_no_angel_04,audio/039_no_angel_04.mp3,lyrics/039_no_angel_04.txt,no,hip_hop
039_no_angel_05,audio/039_no_angel_05.mp3,lyrics/039_no_angel_05.txt,no,hip_hop
039_no_angel_06,audio/039_no_angel_06.mp3,lyrics/039_no_angel_06.txt,no,hip_hop
040_love_on_top_00,audio/040_love_on_top_00.mp3,lyrics/040_love_on_top_00.txt,love,rock
040_love_on_top_01,audio/040_love_on_top_01.mp3,lyrics/040_love_on_top_01.txt,love,rock
040_love_on_top_02,audio/040_love_on_top_02.mp3,lyrics/040_love_on_top_02.txt,love,rock
040_love_on_top_03,audio/040_love_on_top_03.mp3,lyrics/040_love_on_top_03.txt,love,rock
040_love_on_top_04,audio/040_love_on_top_04.mp3,lyrics/040_love_on_top_04.txt,love,rock
040_love_on_top_05,audio/040_love_on_top_05.mp3,lyrics/040_love_on_top_05.txt,love,rock
040_love_on_top_06,audio/040_love_on_top_06.mp3,lyrics/040_love_on_top_06.txt,love,rock
040_love_on_top_07,audio/040_love_on_top_07.mp3,lyrics/040_love_on_top_07.txt,love,rock
040_love_on_top_08,audio/040_love_on_top_08.mp3,lyrics/040_love_on_top_08.txt,love,rock
041_best_thing_i_never_had_00,audio/041_best_thing_i_never_had_00.mp3,lyrics/041_best_thing_i_never_had_00.txt,best,pop
041_best_thing_i_never_had_01,audio/041_best_thing_i_never_had_01.mp3,lyrics/041_best_thing_i_never_had_01.txt,best,pop
041_best_thing_i_never_had_02,audio/041_best_thing_i_never_had_02.mp3,lyrics/041_best_thing_i_never_had_02.txt,best,pop
041_best_thing_i_never_had_03,audio/041_best_thing_i_never_had_03.mp3,lyrics/041_best_thing_i_never_had_03.txt,best,pop
041_best_thing_i_never_had_04,audio/041_best_thing_i_never_had_04.mp3,lyrics/041_best_thing_i_never_had_04.txt,best,pop
041_best_thing_i_never_had_05,audio/041_best_thing_i_never_had_05.mp3,lyrics/041_best_thing_i_never_had_05.txt,best,pop
041_best_thing_i_never_had_06,audio/041_best_thing_i_never_had_06.mp3,lyrics/041_best_thing_i_never_had_06.txt,best,pop
041_best_thing_i_never_had_07,audio/041_best_thing_i_never_had_07.mp3,lyrics/041_best_thing_i_never_had_07.txt,best,pop
042_resentment_00,audio/042_resentment_00.mp3,lyrics/042_resentment_00.txt,resentment,electronic
042_resentment_01,audio/042_resentment_01.mp3,lyrics/042_resentment_01.txt,resentment,electronic
042_resentment_02,audio/042_resentment_02.mp3,lyrics/042_resentment_02.txt,resentment,electronic
042_resentment_03,audio/042_resentment_03.mp3,lyrics/042_resentment_03.txt,resentment,electronic
042_resentment_04,audio/042_resentment_04.mp3,lyrics/042_resentment_04.txt,resentment,electronic
042_resentment_05,audio/042_resentment_05.mp3,lyrics/042_resentment_05.txt,resentment,electronic
042_resentment_06,audio/042_resentment_06.mp3,lyrics/042_resentment_06.txt,resentment,electronic
042_resentment_07,audio/042_resentment_07.mp3,lyrics/042_resentment_07.txt,resentment,electronic
042_resentment_08,audio/042_resentment_08.mp3,lyrics/042_resentment_08.txt,resentment,electronic
045_party_00,audio/045_party_00.mp3,lyrics/045_party_00.txt,party,electronic
045_party_01,audio/045_party_01.mp3,lyrics/045_party_01.txt,party,electronic
045_party_02,audio/045_party_02.mp3,lyrics/045_party_02.txt,party,electronic
045_party_03,audio/045_party_03.mp3,lyrics/045_party_03.txt,party,electronic
045_party_04,audio/045_party_04.mp3,lyrics/045_party_04.txt,party,electronic
045_party_05,audio/045_party_05.mp3,lyrics/045_party_05.txt,party,electronic
045_party_06,audio/045_party_06.mp3,lyrics/045_party_06.txt,party,electronic
045_party_07,audio/045_party_07.mp3,lyrics/045_party_07.txt,party,electronic
049_me_myself_and_i_00,audio/049_me_myself_and_i_00.mp3,lyrics/049_me_myself_and_i_00.txt,me,folk
049_me_myself_and_i_01,audio/049_me_myself_and_i_01.mp3,lyrics/049_me_myself_and_i_01.txt,me,folk
049_me_myself_and_i_02,audio/049_me_myself_and_i_02.mp3,lyrics/049_me_myself_and_i_02.txt,me,folk
049_me_myself_and_i_03,audio/049_me_myself_and_i_03.mp3,lyrics/049_me_myself_and_i_03.txt,me,folk
049_me_myself_and_i_04,audio/049_me_myself_and_i_04.mp3,lyrics/049_me_myself_and_i_04.txt,me,folk
049_me_myself_and_i_05,audio/049_me_myself_and_i_05.mp3,lyrics/049_me_myself_and_i_05.txt,me,folk
049_me_myself_and_i_06,audio/049_me_myself_and_i_06.mp3,lyrics/049_me_myself_and_i_06.txt,me,folk
049_me_myself_and_i_07,audio/049_me_myself_and_i_07.mp3,lyrics/049_me_myself_and_i_07.txt,me,folk
049_me_myself_and_i_08,audio/049_me_myself_and_i_08.mp3,lyrics/049_me_myself_and_i_08.txt,me,folk
049_me_myself_and_i_09,audio/049_me_myself_and_i_09.mp3,lyrics/049_me_myself_and_i_09.txt,me,folk
050_dance_for_you_00,audio/050_dance_for_you_00.mp3,lyrics/050_dance_for_you_00.txt,dance,hip_hop
050_dance_for_you_01,audio/050_dance_for_you_01.mp3,lyrics/050_dance_for_you_01.txt,dance,hip_hop
050_dance_for_you_02,audio/050_dance_for_you_02.mp3,lyrics/050_dance_for_you_02.txt,dance,hip_hop
050_dance_for_you_03,audio/050_dance_for_you_03.mp3,lyrics/050_dance_for_you_03.txt,dance,hip_hop
050_dance_for_you_04,audio/050_dance_for_you_04.mp3,lyrics/050_dance_for_you_04.txt,dance,hip_hop
050_dance_for_you_05,audio/050_dance_for_you_05.mp3,lyrics/050_dance_for_you_05.txt,dance,hip_hop
050_dance_for_you_06,audio/050_dance_for_you_06.mp3,lyrics/050_dance_for_you_06.txt,dance,hip_hop
050_dance_for_you_07,audio/050_dance_for_you_07.mp3,lyrics/050_dance_for_you_07.txt,dance,hip_hop
050_dance_for_you_08,audio/050_dance_for_you_08.mp3,lyrics/050_dance_for_you_08.txt,dance,hip_hop
050_dance_for_you_09,audio/050_dance_for_you_09.mp3,lyrics/050_dance_for_you_09.txt,dance,hip_hop
050_dance_for_you_10,audio/050_dance_for_you_10.mp3,lyrics/050_dance_for_you_10.txt,dance,hip_hop
050_dance_for_you_11,audio/050_dance_for_you_11.mp3,lyrics/050_dance_for_you_11.txt,dance,hip_hop
055_dangerously_in_love_2_00,audio/055_dangerously_in_love_2_00.mp3,lyrics/055_dangerously_in_love_2_00.txt,dangerously,pop
055_dangerously_in_love_2_01,audio/055_dangerously_in_love_2_01.mp3,lyrics/055_dangerously_in_love_2_01.txt,dangerously,pop
055_dangerously_in_love_2_02,audio/055_dangerously_in_love_2_02.mp3,lyrics/055_dangerously_in_love_2_02.txt,dangerously,pop
055_dangerously_in_love_2_03,audio/055_dangerously_in_love_2_03.mp3,lyrics/055_dangerously_in_love_2_03.txt,dangerously,pop
055_dangerously_in_love_2_04,audio/055_dangerously_in_love_2_04.mp3,lyrics/055_dangerously_in_love_2_04.txt,dangerously,pop
055_dangerously_in_love_2_05,audio/055_dangerously_in_love_2_05.mp3,lyrics/055_dangerously_in_love_2_05.txt,dangerously,pop
055_dangerously_in_love_2_06,audio/055_dangerously_in_love_2_06.mp3,lyrics/055_dangerously_in_love_2_06.txt,dangerously,pop
055_dangerously_in_love_2_07,audio/055_dangerously_in_love_2_07.mp3,lyrics/055_dangerously_in_love_2_07.txt,dangerously,pop
055_dangerously_in_love_2_08,audio/055_dangerously_in_love_2_08.mp3,lyrics/055_dangerously_in_love_2_08.txt,dangerously,pop
055_dangerously_in_love_2_09,audio/055_dangerously_in_love_2_09.mp3,lyrics/055_dangerously_in_love_2_09.txt,dangerously,pop
057_11_00,audio/057_11_00.mp3,lyrics/057_11_00.txt,11,hip_hop
057_11_01,audio/057_11_01.mp3,lyrics/057_11_01.txt,11,hip_hop
057_11_02,audio/057_11_02.mp3,lyrics/057_11_02.txt,11,hip_hop
057_11_03,audio/057_11_03.mp3,lyrics/057_11_03.txt,11,hip_hop
057_11_04,audio/057_11_04.mp3,lyrics/057_11_04.txt,11,hip_hop
057_11_05,audio/057_11_05.mp3,lyrics/057_11_05.txt,11,hip_hop
057_11_06,audio/057_11_06.mp3,lyrics/057_11_06.txt,11,hip_hop
057_11_07,audio/057_11_07.mp3,lyrics/057_11_07.txt,11,hip_hop
057_11_08,audio/057_11_08.mp3,lyrics/057_11_08.txt,11,hip_hop
059_i_was_here_00,audio/059_i_was_here_00.mp3,lyrics/059_i_was_here_00.txt,i,rock
059_i_was_here_01,audio/059_i_was_here_01.mp3,lyrics/059_i_was_here_01.txt,i,rock
059_i_was_here_02,audio/059_i_was_here_02.mp3,lyrics/059_i_was_here_02.txt,i,rock
059_i_was_here_03,audio/059_i_was_here_03.mp3,lyrics/059_i_was_here_03.txt,i,rock
059_i_was_here_04,audio/059_i_was_here_04.mp3,lyrics/059_i_was_here_04.txt,i,rock
059_i_was_here_05,audio/059_i_was_here_05.mp3,lyrics/059_i_was_here_05.txt,i,rock
059_i_was_here_06,audio/059_i_was_here_06.mp3,lyrics/059_i_was_here_06.txt,i,rock
059_i_was_here_07,audio/059_i_was_here_07.mp3,lyrics/059_i_was_here_07.txt,i,rock
062_sweet_dreams_00,audio/062_sweet_dreams_00.mp3,lyrics/062_sweet_dreams_00.txt,sweet,jazz
062_sweet_dreams_01,audio/062_sweet_dreams_01.mp3,lyrics/062_sweet_dreams_01.txt,sweet,jazz
062_sweet_dreams_02,audio/062_sweet_dreams_02.mp3,lyrics/062_sweet_dreams_02.txt,sweet,jazz
062_sweet_dreams_03,audio/062_sweet_dreams_03.mp3,lyrics/062_sweet_dreams_03.txt,sweet,jazz
062_sweet_dreams_04,audio/062_sweet_dreams_04.mp3,lyrics/062_sweet_dreams_04.txt,sweet,jazz
062_sweet_dreams_05,audio/062_sweet_dreams_05.mp3,lyrics/062_sweet_dreams_05.txt,sweet,jazz
062_sweet_dreams_06,audio/062_sweet_dreams_06.mp3,lyrics/062_sweet_dreams_06.txt,sweet,jazz
068_déjà_vu_00,audio/068_déjà_vu_00.mp3,lyrics/068_déjà_vu_00.txt,déjà,pop
068_déjà_vu_01,audio/068_déjà_vu_01.mp3,lyrics/068_déjà_vu_01.txt,déjà,pop
068_déjà_vu_02,audio/068_déjà_vu_02.mp3,lyrics/068_déjà_vu_02.txt,déjà,pop
068_déjà_vu_03,audio/068_déjà_vu_03.mp3,lyrics/068_déjà_vu_03.txt,déjà,pop
068_déjà_vu_04,audio/068_déjà_vu_04.mp3,lyrics/068_déjà_vu_04.txt,déjà,pop
068_déjà_vu_05,audio/068_déjà_vu_05.mp3,lyrics/068_déjà_vu_05.txt,déjà,pop
068_déjà_vu_06,audio/068_déjà_vu_06.mp3,lyrics/068_déjà_vu_06.txt,déjà,pop
068_déjà_vu_07,audio/068_déjà_vu_07.mp3,lyrics/068_déjà_vu_07.txt,déjà,pop
069_ego_remix_00,audio/069_ego_remix_00.mp3,lyrics/069_ego_remix_00.txt,ego,pop
069_ego_remix_01,audio/069_ego_remix_01.mp3,lyrics/069_ego_remix_01.txt,ego,pop
069_ego_remix_02,audio/069_ego_remix_02.mp3,lyrics/069_ego_remix_02.txt,ego,pop
069_ego_remix_03,audio/069_ego_remix_03.mp3,lyrics/069_ego_remix_03.txt,ego,pop
069_ego_remix_04,audio/069_ego_remix_04.mp3,lyrics/069_ego_remix_04.txt,ego,pop
069_ego_remix_05,audio/069_ego_remix_05.mp3,lyrics/069_ego_remix_05.txt,ego,pop
069_ego_remix_06,audio/069_ego_remix_06.mp3,lyrics/069_ego_remix_06.txt,ego,pop
069_ego_remix_07,audio/069_ego_remix_07.mp3,lyrics/069_ego_remix_07.txt,ego,pop
069_ego_remix_08,audio/069_ego_remix_08.mp3,lyrics/069_ego_remix_08.txt,ego,pop
072_kitty_kat_00,audio/072_kitty_kat_00.mp3,lyrics/072_kitty_kat_00.txt,kitty,pop
072_kitty_kat_01,audio/072_kitty_kat_01.mp3,lyrics/072_kitty_kat_01.txt,kitty,pop
072_kitty_kat_02,audio/072_kitty_kat_02.mp3,lyrics/072_kitty_kat_02.txt,kitty,pop
072_kitty_kat_03,audio/072_kitty_kat_03.mp3,lyrics/072_kitty_kat_03.txt,kitty,pop
072_kitty_kat_04,audio/072_kitty_kat_04.mp3,lyrics/072_kitty_kat_04.txt,kitty,pop
072_kitty_kat_05,audio/072_kitty_kat_05.mp3,lyrics/072_kitty_kat_05.txt,kitty,pop
072_kitty_kat_06,audio/072_kitty_kat_06.mp3,lyrics/072_kitty_kat_06.txt,kitty,pop
072_kitty_kat_07,audio/072_kitty_kat_07.mp3,lyrics/072_kitty_kat_07.txt,kitty,pop
074_i_care_00,audio/074_i_care_00.mp3,lyrics/074_i_care_00.txt,i,rock
074_i_care_01,audio/074_i_care_01.mp3,lyrics/074_i_care_01.txt,i,rock
074_i_care_02,audio/074_i_care_02.mp3,lyrics/074_i_care_02.txt,i,rock
074_i_care_03,audio/074_i_care_03.mp3,lyrics/074_i_care_03.txt,i,rock
074_i_care_04,audio/074_i_care_04.mp3,lyrics/074_i_care_04.txt,i,rock
074_i_care_05,audio/074_i_care_05.mp3,lyrics/074_i_care_05.txt,i,rock
074_i_care_06,audio/074_i_care_06.mp3,lyrics/074_i_care_06.txt,i,rock
074_i_care_07,audio/074_i_care_07.mp3,lyrics/074_i_care_07.txt,i,rock
076_signs_00,audio/076_signs_00.mp3,lyrics/076_signs_00.txt,signs,rock
076_signs_01,audio/076_signs_01.mp3,lyrics/076_signs_01.txt,signs,rock
076_signs_02,audio/076_signs_02.mp3,lyrics/076_signs_02.txt,signs,rock
076_signs_03,audio/076_signs_03.mp3,lyrics/076_signs_03.txt,signs,rock
076_signs_04,audio/076_signs_04.mp3,lyrics/076_signs_04.txt,signs,rock
076_signs_05,audio/076_signs_05.mp3,lyrics/076_signs_05.txt,signs,rock
076_signs_06,audio/076_signs_06.mp3,lyrics/076_signs_06.txt,signs,rock
076_signs_07,audio/076_signs_07.mp3,lyrics/076_signs_07.txt,signs,rock
076_signs_08,audio/076_signs_08.mp3,lyrics/076_signs_08.txt,signs,rock
076_signs_09,audio/076_signs_09.mp3,lyrics/076_signs_09.txt,signs,rock
079_schoolin_life_00,audio/079_schoolin_life_00.mp3,lyrics/079_schoolin_life_00.txt,schoolin,rock
079_schoolin_life_01,audio/079_schoolin_life_01.mp3,lyrics/079_schoolin_life_01.txt,schoolin,rock
079_schoolin_life_02,audio/079_schoolin_life_02.mp3,lyrics/079_schoolin_life_02.txt,schoolin,rock
079_schoolin_life_03,audio/079_schoolin_life_03.mp3,lyrics/079_schoolin_life_03.txt,schoolin,rock
079_schoolin_life_04,audio/079_schoolin_life_04.mp3,lyrics/079_schoolin_life_04.txt,schoolin,rock
079_schoolin_life_05,audio/079_schoolin_life_05.mp3,lyrics/079_schoolin_life_05.txt,schoolin,rock
079_schoolin_life_06,audio/079_schoolin_life_06.mp3,lyrics/079_schoolin_life_06.txt,schoolin,rock
079_schoolin_life_07,audio/079_schoolin_life_07.mp3,lyrics/079_schoolin_life_07.txt,schoolin,rock
079_schoolin_life_08,audio/079_schoolin_life_08.mp3,lyrics/079_schoolin_life_08.txt,schoolin,rock
079_schoolin_life_09,audio/079_schoolin_life_09.mp3,lyrics/079_schoolin_life_09.txt,schoolin,rock
082_ring_off_00,audio/082_ring_off_00.mp3,lyrics/082_ring_off_00.txt,ring,hip_hop
082_ring_off_01,audio/082_ring_off_01.mp3,lyrics/082_ring_off_01.txt,ring,hip_hop
082_ring_off_02,audio/082_ring_off_02.mp3,lyrics/082_ring_off_02.txt,ring,hip_hop
082_ring_off_03,audio/082_ring_off_03.mp3,lyrics/082_ring_off_03.txt,ring,hip_hop
082_ring_off_04,audio/082_ring_off_04.mp3,lyrics/082_ring_off_04.txt,ring,hip_hop
082_ring_off_05,audio/082_ring_off_05.mp3,lyrics/082_ring_off_05.txt,ring,hip_hop
087_crazy_in_love_remix_00,audio/087_crazy_in_love_remix_00.mp3,lyrics/087_crazy_in_love_remix_00.txt,crazy,hip_hop
087_crazy_in_love_remix_01,audio/087_crazy_in_love_remix_01.mp3,lyrics/087_crazy_in_love_remix_01.txt,crazy,hip_hop
087_crazy_in_love_remix_02,audio/087_crazy_in_love_remix_02.mp3,lyrics/087_crazy_in_love_remix_02.txt,crazy,hip_hop
087_crazy_in_love_remix_03,audio/087_crazy_in_love_remix_03.mp3,lyrics/087_crazy_in_love_remix_03.txt,crazy,hip_hop
087_crazy_in_love_remix_04,audio/087_crazy_in_love_remix_04.mp3,lyrics/087_crazy_in_love_remix_04.txt,crazy,hip_hop
087_crazy_in_love_remix_05,audio/087_crazy_in_love_remix_05.mp3,lyrics/087_crazy_in_love_remix_05.txt,crazy,hip_hop
087_crazy_in_love_remix_06,audio/087_crazy_in_love_remix_06.mp3,lyrics/087_crazy_in_love_remix_06.txt,crazy,hip_hop
087_crazy_in_love_remix_07,audio/087_crazy_in_love_remix_07.mp3,lyrics/087_crazy_in_love_remix_07.txt,crazy,hip_hop
089_disappear_00,audio/089_disappear_00.mp3,lyrics/089_disappear_00.txt,disappear,pop
089_disappear_01,audio/089_disappear_01.mp3,lyrics/089_disappear_01.txt,disappear,pop
089_disappear_02,audio/089_disappear_02.mp3,lyrics/089_disappear_02.txt,disappear,pop
089_disappear_03,audio/089_disappear_03.mp3,lyrics/089_disappear_03.txt,disappear,pop
089_disappear_04,audio/089_disappear_04.mp3,lyrics/089_disappear_04.txt,disappear,pop
089_disappear_05,audio/089_disappear_05.mp3,lyrics/089_disappear_05.txt,disappear,pop
089_disappear_06,audio/089_disappear_06.mp3,lyrics/089_disappear_06.txt,disappear,pop
089_disappear_07,audio/089_disappear_07.mp3,lyrics/089_disappear_07.txt,disappear,pop
089_disappear_08,audio/089_disappear_08.mp3,lyrics/089_disappear_08.txt,disappear,pop
099_start_over_00,audio/099_start_over_00.mp3,lyrics/099_start_over_00.txt,start,hip_hop
099_start_over_01,audio/099_start_over_01.mp3,lyrics/099_start_over_01.txt,start,hip_hop
099_start_over_02,audio/099_start_over_02.mp3,lyrics/099_start_over_02.txt,start,hip_hop
099_start_over_03,audio/099_start_over_03.mp3,lyrics/099_start_over_03.txt,start,hip_hop
099_start_over_04,audio/099_start_over_04.mp3,lyrics/099_start_over_04.txt,start,hip_hop
099_start_over_05,audio/099_start_over_05.mp3,lyrics/099_start_over_05.txt,start,hip_hop
100_yes_00,audio/100_yes_00.mp3,lyrics/100_yes_00.txt,yes,electronic
100_yes_01,audio/100_yes_01.mp3,lyrics/100_yes_01.txt,yes,electronic
100_yes_02,audio/100_yes_02.mp3,lyrics/100_yes_02.txt,yes,electronic
100_yes_03,audio/100_yes_03.mp3,lyrics/100_yes_03.txt,yes,electronic
100_yes_04,audio/100_yes_04.mp3,lyrics/100_yes_04.txt,yes,electronic
100_yes_05,audio/100_yes_05.mp3,lyrics/100_yes_05.txt,yes,electronic
100_yes_06,audio/100_yes_06.mp3,lyrics/100_yes_06.txt,yes,electronic
100_yes_07,audio/100_yes_07.mp3,lyrics/100_yes_07.txt,yes,electronic
101_thats_how_you_like_it_00,audio/101_thats_how_you_like_it_00.mp3,lyrics/101_thats_how_you_like_it_00.txt,thats,rock
101_thats_how_you_like_it_01,audio/101_thats_how_you_like_it_01.mp3,lyrics/101_thats_how_you_like_it_01.txt,thats,rock
101_thats_how_you_like_it_02,audio/101_thats_how_you_like_it_02.mp3,lyrics/101_thats_how_you_like_it_02.txt,thats,rock
101_thats_how_you_like_it_03,audio/101_thats_how_you_like_it_03.mp3,lyrics/101_thats_how_you_like_it_03.txt,thats,rock
101_thats_how_you_like_it_04,audio/101_thats_how_you_like_it_04.mp3,lyrics/101_thats_how_you_like_it_04.txt,thats,rock
101_thats_how_you_like_it_05,audio/101_thats_how_you_like_it_05.mp3,lyrics/101_thats_how_you_like_it_05.txt,thats,rock
101_thats_how_you_like_it_06,audio/101_thats_how_you_like_it_06.mp3,lyrics/101_thats_how_you_like_it_06.txt,thats,rock
102_resentment_live_at_on_the_run_tour_00,audio/102_resentment_live_at_on_the_run_tour_00.mp3,lyrics/102_resentment_live_at_on_the_run_tour_00.txt,resentment,electronic
102_resentment_live_at_on_the_run_tour_01,audio/102_resentment_live_at_on_the_run_tour_01.mp3,lyrics/102_resentment_live_at_on_the_run_tour_01.txt,resentment,electronic
102_resentment_live_at_on_the_run_tour_02,audio/102_resentment_live_at_on_the_run_tour_02.mp3,lyrics/102_resentment_live_at_on_the_run_tour_02.txt,resentment,electronic
102_resentment_live_at_on_the_run_tour_03,audio/102_resentment_live_at_on_the_run_tour_03.mp3,lyrics/102_resentment_live_at_on_the_run_tour_03.txt,resentment,electronic
102_resentment_live_at_on_the_run_tour_04,audio/102_resentment_live_at_on_the_run_tour_04.mp3,lyrics/102_resentment_live_at_on_the_run_tour_04.txt,resentment,electronic
102_resentment_live_at_on_the_run_tour_05,audio/102_resentment_live_at_on_the_run_tour_05.mp3,lyrics/102_resentment_live_at_on_the_run_tour_05.txt,resentment,electronic
102_resentment_live_at_on_the_run_tour_06,audio/102_resentment_live_at_on_the_run_tour_06.mp3,lyrics/102_resentment_live_at_on_the_run_tour_06.txt,resentment,electronic
102_resentment_live_at_on_the_run_tour_07,audio/102_resentment_live_at_on_the_run_tour_07.mp3,lyrics/102_resentment_live_at_on_the_run_tour_07.txt,resentment,electronic
102_resentment_live_at_on_the_run_tour_08,audio/102_resentment_live_at_on_the_run_tour_08.mp3,lyrics/102_resentment_live_at_on_the_run_tour_08.txt,resentment,electronic
102_resentment_live_at_on_the_run_tour_09,audio/102_resentment_live_at_on_the_run_tour_09.mp3,lyrics/102_resentment_live_at_on_the_run_tour_09.txt,resentment,electronic
102_resentment_live_at_on_the_run_tour_10,audio/102_resentment_live_at_on_the_run_tour_10.mp3,lyrics/102_resentment_live_at_on_the_run_tour_10.txt,resentment,electronic
102_resentment_live_at_on_the_run_tour_11,audio/102_resentment_live_at_on_the_run_tour_11.mp3,lyrics/102_resentment_live_at_on_the_run_tour_11.txt,resentment,electronic
102_resentment_live_at_on_the_run_tour_12,audio/102_resentment_live_at_on_the_run_tour_12.mp3,lyrics/102_resentment_live_at_on_the_run_tour_12.txt,resentment,electronic
107_the_closer_i_get_to_you_00,audio/107_the_closer_i_get_to_you_00.mp3,lyrics/107_the_closer_i_get_to_you_00.txt,the,country
107_the_closer_i_get_to_you_01,audio/107_the_closer_i_get_to_you_01.mp3,lyrics/107_the_closer_i_get_to_you_01.txt,the,country
107_the_closer_i_get_to_you_02,audio/107_the_closer_i_get_to_you_02.mp3,lyrics/107_the_closer_i_get_to_you_02.txt,the,country
107_the_closer_i_get_to_you_03,audio/107_the_closer_i_get_to_you_03.mp3,lyrics/107_the_closer_i_get_to_you_03.txt,the,country
107_the_closer_i_get_to_you_04,audio/107_the_closer_i_get_to_you_04.mp3,lyrics/107_the_closer_i_get_to_you_04.txt,the,country
107_the_closer_i_get_to_you_05,audio/107_the_closer_i_get_to_you_05.mp3,lyrics/107_the_closer_i_get_to_you_05.txt,the,country
107_the_closer_i_get_to_you_06,audio/107_the_closer_i_get_to_you_06.mp3,lyrics/107_the_closer_i_get_to_you_06.txt,the,country
107_the_closer_i_get_to_you_07,audio/107_the_closer_i_get_to_you_07.mp3,lyrics/107_the_closer_i_get_to_you_07.txt,the,country
107_the_closer_i_get_to_you_08,audio/107_the_closer_i_get_to_you_08.mp3,lyrics/107_the_closer_i_get_to_you_08.txt,the,country
107_the_closer_i_get_to_you_09,audio/107_the_closer_i_get_to_you_09.mp3,lyrics/107_the_closer_i_get_to_you_09.txt,the,country
110_rather_die_young_00,audio/110_rather_die_young_00.mp3,lyrics/110_rather_die_young_00.txt,rather,electronic
110_rather_die_young_01,audio/110_rather_die_young_01.mp3,lyrics/110_rather_die_young_01.txt,rather,electronic
110_rather_die_young_02,audio/110_rather_die_young_02.mp3,lyrics/110_rather_die_young_02.txt,rather,electronic
110_rather_die_young_03,audio/110_rather_die_young_03.mp3,lyrics/110_rather_die_young_03.txt,rather,electronic
110_rather_die_young_04,audio/110_rather_die_young_04.mp3,lyrics/110_rather_die_young_04.txt,rather,electronic
110_rather_die_young_05,audio/110_rather_die_young_05.mp3,lyrics/110_rather_die_young_05.txt,rather,electronic
110_rather_die_young_06,audio/110_rather_die_young_06.mp3,lyrics/110_rather_die_young_06.txt,rather,electronic
113_be_with_you_00,audio/113_be_with_you_00.mp3,lyrics/113_be_with_you_00.txt,be,electronic
113_be_with_you_01,audio/113_be_with_you_01.mp3,lyrics/113_be_with_you_01.txt,be,electronic
113_be_with_you_02,audio/113_be_with_you_02.mp3,lyrics/113_be_with_you_02.txt,be,electronic
113_be_with_you_03,audio/113_be_with_you_03.mp3,lyrics/113_be_with_you_03.txt,be,electronic
113_be_with_you_04,audio/113_be_with_you_04.mp3,lyrics/113_be_with_you_04.txt,be,electronic
113_be_with_you_05,audio/113_be_with_you_05.mp3,lyrics/113_be_with_you_05.txt,be,electronic
113_be_with_you_06,audio/113_be_with_you_06.mp3,lyrics/113_be_with_you_06.txt,be,electronic
113_be_with_you_07,audio/113_be_with_you_07.mp3,lyrics/113_be_with_you_07.txt,be,electronic
113_be_with_you_08,audio/113_be_with_you_08.mp3,lyrics/113_be_with_you_08.txt,be,electronic
123_daddy_00,audio/123_daddy_00.mp3,lyrics/123_daddy_00.txt,daddy,pop
123_daddy_01,audio/123_daddy_01.mp3,lyrics/123_daddy_01.txt,daddy,pop
123_daddy_02,audio/123_daddy_02.mp3,lyrics/123_daddy_02.txt,daddy,pop
123_daddy_03,audio/123_daddy_03.mp3,lyrics/123_daddy_03.txt,daddy,pop
123_daddy_04,audio/123_daddy_04.mp3,lyrics/123_daddy_04.txt,daddy,pop
123_daddy_05,audio/123_daddy_05.mp3,lyrics/123_daddy_05.txt,daddy,pop
123_daddy_06,audio/123_daddy_06.mp3,lyrics/123_daddy_06.txt,daddy,pop
123_daddy_07,audio/123_daddy_07.mp3,lyrics/123_daddy_07.txt,daddy,pop
123_daddy_08,audio/123_daddy_08.mp3,lyrics/123_daddy_08.txt,daddy,pop
123_daddy_09,audio/123_daddy_09.mp3,lyrics/123_daddy_09.txt,daddy,pop
127_video_phone_00,audio/127_video_phone_00.mp3,lyrics/127_video_phone_00.txt,video,electronic
127_video_phone_01,audio/127_video_phone_01.mp3,lyrics/127_video_phone_01.txt,video,electronic
127_video_phone_02,audio/127_video_phone_02.mp3,lyrics/127_video_phone_02.txt,video,electronic
127_video_phone_03,audio/127_video_phone_03.mp3,lyrics/127_video_phone_03.txt,video,electronic
127_video_phone_04,audio/127_video_phone_04.mp3,lyrics/127_video_phone_04.txt,video,electronic
127_video_phone_05,audio/127_video_phone_05.mp3,lyrics/127_video_phone_05.txt,video,electronic
127_video_phone_06,audio/127_video_phone_06.mp3,lyrics/127_video_phone_06.txt,video,electronic
135_blow_remix_00,audio/135_blow_remix_00.mp3,lyrics/135_blow_remix_00.txt,blow,pop
135_blow_remix_01,audio/135_blow_remix_01.mp3,lyrics/135_blow_remix_01.txt,blow,pop
135_blow_remix_02,audio/135_blow_remix_02.mp3,lyrics/135_blow_remix_02.txt,blow,pop
135_blow_remix_03,audio/135_blow_remix_03.mp3,lyrics/135_blow_remix_03.txt,blow,pop
135_blow_remix_04,audio/135_blow_remix_04.mp3,lyrics/135_blow_remix_04.txt,blow,pop
135_blow_remix_05,audio/135_blow_remix_05.mp3,lyrics/135_blow_remix_05.txt,blow,pop
135_blow_remix_06,audio/135_blow_remix_06.mp3,lyrics/135_blow_remix_06.txt,blow,pop
135_blow_remix_07,audio/135_blow_remix_07.mp3,lyrics/135_blow_remix_07.txt,blow,pop
135_blow_remix_08,audio/135_blow_remix_08.mp3,lyrics/135_blow_remix_08.txt,blow,pop
135_blow_remix_09,audio/135_blow_remix_09.mp3,lyrics/135_blow_remix_09.txt,blow,pop
141_satellites_00,audio/141_satellites_00.mp3,lyrics/141_satellites_00.txt,satellites,hip_hop
141_satellites_01,audio/141_satellites_01.mp3,lyrics/141_satellites_01.txt,satellites,hip_hop
141_satellites_02,audio/141_satellites_02.mp3,lyrics/141_satellites_02.txt,satellites,hip_hop
141_satellites_03,audio/141_satellites_03.mp3,lyrics/141_satellites_03.txt,satellites,hip_hop
141_satellites_04,audio/141_satellites_04.mp3,lyrics/141_satellites_04.txt,satellites,hip_hop
141_satellites_05,audio/141_satellites_05.mp3,lyrics/141_satellites_05.txt,satellites,hip_hop
146_a_woman_like_me_00,audio/146_a_woman_like_me_00.mp3,lyrics/146_a_woman_like_me_00.txt,a,electronic
146_a_woman_like_me_01,audio/146_a_woman_like_me_01.mp3,lyrics/146_a_woman_like_me_01.txt,a,electronic
146_a_woman_like_me_02,audio/146_a_woman_like_me_02.mp3,lyrics/146_a_woman_like_me_02.txt,a,electronic
146_a_woman_like_me_03,audio/146_a_woman_like_me_03.mp3,lyrics/146_a_woman_like_me_03.txt,a,electronic
146_a_woman_like_me_04,audio/146_a_woman_like_me_04.mp3,lyrics/146_a_woman_like_me_04.txt,a,electronic
146_a_woman_like_me_05,audio/146_a_woman_like_me_05.mp3,lyrics/146_a_woman_like_me_05.txt,a,electronic
146_a_woman_like_me_06,audio/146_a_woman_like_me_06.mp3,lyrics/146_a_woman_like_me_06.txt,a,electronic
146_a_woman_like_me_07,audio/146_a_woman_like_me_07.mp3,lyrics/146_a_woman_like_me_07.txt,a,electronic
146_a_woman_like_me_08,audio/146_a_woman_like_me_08.mp3,lyrics/146_a_woman_like_me_08.txt,a,electronic
147_gift_from_virgo_00,audio/147_gift_from_virgo_00.mp3,lyrics/147_gift_from_virgo_00.txt,gift,jazz
147_gift_from_virgo_01,audio/147_gift_from_virgo_01.mp3,lyrics/147_gift_from_virgo_01.txt,gift,jazz
147_gift_from_virgo_02,audio/147_gift_from_virgo_02.mp3,lyrics/147_gift_from_virgo_02.txt,gift,jazz
147_gift_from_virgo_03,audio/147_gift_from_virgo_03.mp3,lyrics/147_gift_from_virgo_03.txt,gift,jazz
147_gift_from_virgo_04,audio/147_gift_from_virgo_04.mp3,lyrics/147_gift_from_virgo_04.txt,gift,jazz
153_save_the_hero_00,audio/153_save_the_hero_00.mp3,lyrics/153_save_the_hero_00.txt,save,rock
153_save_the_hero_01,audio/153_save_the_hero_01.mp3,lyrics/153_save_the_hero_01.txt,save,rock
153_save_the_hero_02,audio/153_save_the_hero_02.mp3,lyrics/153_save_the_hero_02.txt,save,rock
153_save_the_hero_03,audio/153_save_the_hero_03.mp3,lyrics/153_save_the_hero_03.txt,save,rock
153_save_the_hero_04,audio/153_save_the_hero_04.mp3,lyrics/153_save_the_hero_04.txt,save,rock
153_save_the_hero_05,audio/153_save_the_hero_05.mp3,lyrics/153_save_the_hero_05.txt,save,rock
153_save_the_hero_06,audio/153_save_the_hero_06.mp3,lyrics/153_save_the_hero_06.txt,save,rock
153_save_the_hero_07,audio/153_save_the_hero_07.mp3,lyrics/153_save_the_hero_07.txt,save,rock
153_save_the_hero_08,audio/153_save_the_hero_08.mp3,lyrics/153_save_the_hero_08.txt,save,rock
156_welcome_to_hollywood_00,audio/156_welcome_to_hollywood_00.mp3,lyrics/156_welcome_to_hollywood_00.txt,welcome,pop
156_welcome_to_hollywood_01,audio/156_welcome_to_hollywood_01.mp3,lyrics/156_welcome_to_hollywood_01.txt,welcome,pop
156_welcome_to_hollywood_02,audio/156_welcome_to_hollywood_02.mp3,lyrics/156_welcome_to_hollywood_02.txt,welcome,pop
156_welcome_to_hollywood_03,audio/156_welcome_to_hollywood_03.mp3,lyrics/156_welcome_to_hollywood_03.txt,welcome,pop
156_welcome_to_hollywood_04,audio/156_welcome_to_hollywood_04.mp3,lyrics/156_welcome_to_hollywood_04.txt,welcome,pop
156_welcome_to_hollywood_05,audio/156_welcome_to_hollywood_05.mp3,lyrics/156_welcome_to_hollywood_05.txt,welcome,pop
161_if_00,audio/161_if_00.mp3,lyrics/161_if_00.txt,if,electronic
161_if_01,audio/161_if_01.mp3,lyrics/161_if_01.txt,if,electronic
161_if_02,audio/161_if_02.mp3,lyrics/161_if_02.txt,if,electronic
161_if_03,audio/161_if_03.mp3,lyrics/161_if_03.txt,if,electronic
161_if_04,audio/161_if_04.mp3,lyrics/161_if_04.txt,if,electronic
161_if_05,audio/161_if_05.mp3,lyrics/161_if_05.txt,if,electronic
163_kitty_kat_homecoming_live_00,audio/163_kitty_kat_homecoming_live_00.mp3,lyrics/163_kitty_kat_homecoming_live_00.txt,kitty,pop
163_kitty_kat_homecoming_live_01,audio/163_kitty_kat_homecoming_live_01.mp3,lyrics/163_kitty_kat_homecoming_live_01.txt,kitty,pop
163_kitty_kat_homecoming_live_02,audio/163_kitty_kat_homecoming_live_02.mp3,lyrics/163_kitty_kat_homecoming_live_02.txt,kitty,pop
163_kitty_kat_homecoming_live_03,audio/163_kitty_kat_homecoming_live_03.mp3,lyrics/163_kitty_kat_homecoming_live_03.txt,kitty,pop
163_kitty_kat_homecoming_live_04,audio/163_kitty_kat_homecoming_live_04.mp3,lyrics/163_kitty_kat_homecoming_live_04.txt,kitty,pop
163_kitty_kat_homecoming_live_05,audio/163_kitty_kat_homecoming_live_05.mp3,lyrics/163_kitty_kat_homecoming_live_05.txt,kitty,pop
163_kitty_kat_homecoming_live_06,audio/163_kitty_kat_homecoming_live_06.mp3,lyrics/163_kitty_kat_homecoming_live_06.txt,kitty,pop
163_kitty_kat_homecoming_live_07,audio/163_kitty_kat_homecoming_live_07.mp3,lyrics/163_kitty_kat_homecoming_live_07.txt,kitty,pop
167_you_dont_love_me_no_no_no_homecoming_live_00,audio/167_you_dont_love_me_no_no_no_homecoming_live_00.mp3,lyrics/167_you_dont_love_me_no_no_no_homecoming_live_00.txt,you,R&B
167_you_dont_love_me_no_no_no_homecoming_live_01,audio/167_you_dont_love_me_no_no_no_homecoming_live_01.mp3,lyrics/167_you_dont_love_me_no_no_no_homecoming_live_01.txt,you,R&B
167_you_dont_love_me_no_no_no_homecoming_live_02,audio/167_you_dont_love_me_no_no_no_homecoming_live_02.mp3,lyrics/167_you_dont_love_me_no_no_no_homecoming_live_02.txt,you,R&B
167_you_dont_love_me_no_no_no_homecoming_live_03,audio/167_you_dont_love_me_no_no_no_homecoming_live_03.mp3,lyrics/167_you_dont_love_me_no_no_no_homecoming_live_03.txt,you,R&B
167_you_dont_love_me_no_no_no_homecoming_live_04,audio/167_you_dont_love_me_no_no_no_homecoming_live_04.mp3,lyrics/167_you_dont_love_me_no_no_no_homecoming_live_04.txt,you,R&B
167_you_dont_love_me_no_no_no_homecoming_live_05,audio/167_you_dont_love_me_no_no_no_homecoming_live_05.mp3,lyrics/167_you_dont_love_me_no_no_no_homecoming_live_05.txt,you,R&B
167_you_dont_love_me_no_no_no_homecoming_live_06,audio/167_you_dont_love_me_no_no_no_homecoming_live_06.mp3,lyrics/167_you_dont_love_me_no_no_no_homecoming_live_06.txt,you,R&B
167_you_dont_love_me_no_no_no_homecoming_live_07,audio/167_you_dont_love_me_no_no_no_homecoming_live_07.mp3,lyrics/167_you_dont_love_me_no_no_no_homecoming_live_07.txt,you,R&B
167_you_dont_love_me_no_no_no_homecoming_live_08,audio/167_you_dont_love_me_no_no_no_homecoming_live_08.mp3,lyrics/167_you_dont_love_me_no_no_no_homecoming_live_08.txt,you,R&B
173_amor_gitano_00,audio/173_amor_gitano_00.mp3,lyrics/173_amor_gitano_00.txt,amor,jazz
173_amor_gitano_01,audio/173_amor_gitano_01.mp3,lyrics/173_amor_gitano_01.txt,amor,jazz
173_amor_gitano_02,audio/173_amor_gitano_02.mp3,lyrics/173_amor_gitano_02.txt,amor,jazz
173_amor_gitano_03,audio/173_amor_gitano_03.mp3,lyrics/173_amor_gitano_03.txt,amor,jazz
173_amor_gitano_04,audio/173_amor_gitano_04.mp3,lyrics/173_amor_gitano_04.txt,amor,jazz
173_amor_gitano_05,audio/173_amor_gitano_05.mp3,lyrics/173_amor_gitano_05.txt,amor,jazz
173_amor_gitano_06,audio/173_amor_gitano_06.mp3,lyrics/173_amor_gitano_06.txt,amor,jazz
186_runway_00,audio/186_runway_00.mp3,lyrics/186_runway_00.txt,runway,hip_hop
186_runway_01,audio/186_runway_01.mp3,lyrics/186_runway_01.txt,runway,hip_hop
186_runway_02,audio/186_runway_02.mp3,lyrics/186_runway_02.txt,runway,hip_hop
186_runway_03,audio/186_runway_03.mp3,lyrics/186_runway_03.txt,runway,hip_hop
186_runway_04,audio/186_runway_04.mp3,lyrics/186_runway_04.txt,runway,hip_hop
186_runway_05,audio/186_runway_05.mp3,lyrics/186_runway_05.txt,runway,hip_hop
186_runway_06,audio/186_runway_06.mp3,lyrics/186_runway_06.txt,runway,hip_hop
193_come_home_nala_interlude_00,audio/193_come_home_nala_interlude_00.mp3,lyrics/193_come_home_nala_interlude_00.txt,come,pop
193_come_home_nala_interlude_01,audio/193_come_home_nala_interlude_01.mp3,lyrics/193_come_home_nala_interlude_01.txt,come,pop
193_come_home_nala_interlude_02,audio/193_come_home_nala_interlude_02.mp3,lyrics/193_come_home_nala_interlude_02.txt,come,pop
193_come_home_nala_interlude_03,audio/193_come_home_nala_interlude_03.mp3,lyrics/193_come_home_nala_interlude_03.txt,come,pop
193_come_home_nala_interlude_04,audio/193_come_home_nala_interlude_04.mp3,lyrics/193_come_home_nala_interlude_04.txt,come,pop
193_come_home_nala_interlude_05,audio/193_come_home_nala_interlude_05.mp3,lyrics/193_come_home_nala_interlude_05.txt,come,pop
193_come_home_nala_interlude_06,audio/193_come_home_nala_interlude_06.mp3,lyrics/193_come_home_nala_interlude_06.txt,come,pop
197_beyoncé_interlude_00,audio/197_beyoncé_interlude_00.mp3,lyrics/197_beyoncé_interlude_00.txt,beyoncé,folk
203_war_nala_interlude_00,audio/203_war_nala_interlude_00.mp3,lyrics/203_war_nala_interlude_00.txt,war,pop
203_war_nala_interlude_01,audio/203_war_nala_interlude_01.mp3,lyrics/203_war_nala_interlude_01.txt,war,pop
203_war_nala_interlude_02,audio/203_war_nala_interlude_02.mp3,lyrics/203_war_nala_interlude_02.txt,war,pop
203_war_nala_interlude_03,audio/203_war_nala_interlude_03.mp3,lyrics/203_war_nala_interlude_03.txt,war,pop
203_war_nala_interlude_04,audio/203_war_nala_interlude_04.mp3,lyrics/203_war_nala_interlude_04.txt,war,pop
203_war_nala_interlude_05,audio/203_war_nala_interlude_05.mp3,lyrics/203_war_nala_interlude_05.txt,war,pop
203_war_nala_interlude_06,audio/203_war_nala_interlude_06.mp3,lyrics/203_war_nala_interlude_06.txt,war,pop
203_war_nala_interlude_07,audio/203_war_nala_interlude_07.mp3,lyrics/203_war_nala_interlude_07.txt,war,pop
203_war_nala_interlude_08,audio/203_war_nala_interlude_08.mp3,lyrics/203_war_nala_interlude_08.txt,war,pop
203_war_nala_interlude_09,audio/203_war_nala_interlude_09.mp3,lyrics/203_war_nala_interlude_09.txt,war,pop
210_oye_00,audio/210_oye_00.mp3,lyrics/210_oye_00.txt,oye,rock
210_oye_01,audio/210_oye_01.mp3,lyrics/210_oye_01.txt,oye,rock
210_oye_02,audio/210_oye_02.mp3,lyrics/210_oye_02.txt,oye,rock
210_oye_03,audio/210_oye_03.mp3,lyrics/210_oye_03.txt,oye,rock
210_oye_04,audio/210_oye_04.mp3,lyrics/210_oye_04.txt,oye,rock
210_oye_05,audio/210_oye_05.mp3,lyrics/210_oye_05.txt,oye,rock
210_oye_06,audio/210_oye_06.mp3,lyrics/210_oye_06.txt,oye,rock
216_irreemplazable_00,audio/216_irreemplazable_00.mp3,lyrics/216_irreemplazable_00.txt,irreemplazable,electronic
216_irreemplazable_01,audio/216_irreemplazable_01.mp3,lyrics/216_irreemplazable_01.txt,irreemplazable,electronic
216_irreemplazable_02,audio/216_irreemplazable_02.mp3,lyrics/216_irreemplazable_02.txt,irreemplazable,electronic
216_irreemplazable_03,audio/216_irreemplazable_03.mp3,lyrics/216_irreemplazable_03.txt,irreemplazable,electronic
216_irreemplazable_04,audio/216_irreemplazable_04.mp3,lyrics/216_irreemplazable_04.txt,irreemplazable,electronic
216_irreemplazable_05,audio/216_irreemplazable_05.mp3,lyrics/216_irreemplazable_05.txt,irreemplazable,electronic
216_irreemplazable_06,audio/216_irreemplazable_06.mp3,lyrics/216_irreemplazable_06.txt,irreemplazable,electronic
242_fingertipsmaster_blaster_jamminhigher_ground_live_at_the_stevie_wonder_tribute_songs_in_the_key_of_life_00,audio/242_fingertipsmaster_blaster_jamminhigher_ground_live_at_the_stevie_wonder_tribute_songs_in_the_key_of_life_00.mp3,lyrics/242_fingertipsmaster_blaster_jamminhigher_ground_live_at_the_stevie_wonder_tribute_songs_in_the_key_of_life_00.txt,fingertipsmaster,jazz
242_fingertipsmaster_blaster_jamminhigher_ground_live_at_the_stevie_wonder_tribute_songs_in_the_key_of_life_01,audio/242_fingertipsmaster_blaster_jamminhigher_ground_live_at_the_stevie_wonder_tribute_songs_in_the_key_of_life_01.mp3,lyrics/242_fingertipsmaster_blaster_jamminhigher_ground_live_at_the_stevie_wonder_tribute_songs_in_the_key_of_life_01.txt,fingertipsmaster,jazz
242_fingertipsmaster_blaster_jamminhigher_ground_live_at_the_stevie_wonder_tribute_songs_in_the_key_of_life_02,audio/242_fingertipsmaster_blaster_jamminhigher_ground_live_at_the_stevie_wonder_tribute_songs_in_the_key_of_life_02.mp3,lyrics/242_fingertipsmaster_blaster_jamminhigher_ground_live_at_the_stevie_wonder_tribute_songs_in_the_key_of_life_02.txt,fingertipsmaster,jazz
242_fingertipsmaster_blaster_jamminhigher_ground_live_at_the_stevie_wonder_tribute_songs_in_the_key_of_life_03,audio/242_fingertipsmaster_blaster_jamminhigher_ground_live_at_the_stevie_wonder_tribute_songs_in_the_key_of_life_03.mp3,lyrics/242_fingertipsmaster_blaster_jamminhigher_ground_live_at_the_stevie_wonder_tribute_songs_in_the_key_of_life_03.txt,fingertipsmaster,jazz
242_fingertipsmaster_blaster_jamminhigher_ground_live_at_the_stevie_wonder_tribute_songs_in_the_key_of_life_04,audio/242_fingertipsmaster_blaster_jamminhigher_ground_live_at_the_stevie_wonder_tribute_songs_in_the_key_of_life_04.mp3,lyrics/242_fingertipsmaster_blaster_jamminhigher_ground_live_at_the_stevie_wonder_tribute_songs_in_the_key_of_life_04.txt,fingertipsmaster,jazz
242_fingertipsmaster_blaster_jamminhigher_ground_live_at_the_stevie_wonder_tribute_songs_in_the_key_of_life_05,audio/242_fingertipsmaster_blaster_jamminhigher_ground_live_at_the_stevie_wonder_tribute_songs_in_the_key_of_life_05.mp3,lyrics/242_fingertipsmaster_blaster_jamminhigher_ground_live_at_the_stevie_wonder_tribute_songs_in_the_key_of_life_05.txt,fingertipsmaster,jazz
242_fingertipsmaster_blaster_jamminhigher_ground_live_at_the_stevie_wonder_tribute_songs_in_the_key_of_life_06,audio/242_fingertipsmaster_blaster_jamminhigher_ground_live_at_the_stevie_wonder_tribute_songs_in_the_key_of_life_06.mp3,lyrics/242_fingertipsmaster_blaster_jamminhigher_ground_live_at_the_stevie_wonder_tribute_songs_in_the_key_of_life_06.txt,fingertipsmaster,jazz
242_fingertipsmaster_blaster_jamminhigher_ground_live_at_the_stevie_wonder_tribute_songs_in_the_key_of_life_07,audio/242_fingertipsmaster_blaster_jamminhigher_ground_live_at_the_stevie_wonder_tribute_songs_in_the_key_of_life_07.mp3,lyrics/242_fingertipsmaster_blaster_jamminhigher_ground_live_at_the_stevie_wonder_tribute_songs_in_the_key_of_life_07.txt,fingertipsmaster,jazz
242_fingertipsmaster_blaster_jamminhigher_ground_live_at_the_stevie_wonder_tribute_songs_in_the_key_of_life_08,audio/242_fingertipsmaster_blaster_jamminhigher_ground_live_at_the_stevie_wonder_tribute_songs_in_the_key_of_life_08.mp3,lyrics/242_fingertipsmaster_blaster_jamminhigher_ground_live_at_the_stevie_wonder_tribute_songs_in_the_key_of_life_08.txt,fingertipsmaster,jazz
251_beyoncé_vmas_2014_00,audio/251_beyoncé_vmas_2014_00.mp3,lyrics/251_beyoncé_vmas_2014_00.txt,beyoncé,folk
251_beyoncé_vmas_2014_01,audio/251_beyoncé_vmas_2014_01.mp3,lyrics/251_beyoncé_vmas_2014_01.txt,beyoncé,folk
251_beyoncé_vmas_2014_02,audio/251_beyoncé_vmas_2014_02.mp3,lyrics/251_beyoncé_vmas_2014_02.txt,beyoncé,folk
251_beyoncé_vmas_2014_03,audio/251_beyoncé_vmas_2014_03.mp3,lyrics/251_beyoncé_vmas_2014_03.txt,beyoncé,folk
251_beyoncé_vmas_2014_04,audio/251_beyoncé_vmas_2014_04.mp3,lyrics/251_beyoncé_vmas_2014_04.txt,beyoncé,folk
251_beyoncé_vmas_2014_05,audio/251_beyoncé_vmas_2014_05.mp3,lyrics/251_beyoncé_vmas_2014_05.txt,beyoncé,folk
251_beyoncé_vmas_2014_06,audio/251_beyoncé_vmas_2014_06.mp3,lyrics/251_beyoncé_vmas_2014_06.txt,beyoncé,folk
251_beyoncé_vmas_2014_07,audio/251_beyoncé_vmas_2014_07.mp3,lyrics/251_beyoncé_vmas_2014_07.txt,beyoncé,folk
251_beyoncé_vmas_2014_08,audio/251_beyoncé_vmas_2014_08.mp3,lyrics/251_beyoncé_vmas_2014_08.txt,beyoncé,folk
257_eclipse_00,audio/257_eclipse_00.mp3,lyrics/257_eclipse_00.txt,eclipse,folk
257_eclipse_01,audio/257_eclipse_01.mp3,lyrics/257_eclipse_01.txt,eclipse,folk
257_eclipse_02,audio/257_eclipse_02.mp3,lyrics/257_eclipse_02.txt,eclipse,folk
257_eclipse_03,audio/257_eclipse_03.mp3,lyrics/257_eclipse_03.txt,eclipse,folk
257_eclipse_04,audio/257_eclipse_04.mp3,lyrics/257_eclipse_04.txt,eclipse,folk
257_eclipse_05,audio/257_eclipse_05.mp3,lyrics/257_eclipse_05.txt,eclipse,folk
257_eclipse_06,audio/257_eclipse_06.mp3,lyrics/257_eclipse_06.txt,eclipse,folk
260_end_of_time_jimek_remix_00,audio/260_end_of_time_jimek_remix_00.mp3,lyrics/260_end_of_time_jimek_remix_00.txt,end,rock
260_end_of_time_jimek_remix_01,audio/260_end_of_time_jimek_remix_01.mp3,lyrics/260_end_of_time_jimek_remix_01.txt,end,rock
260_end_of_time_jimek_remix_02,audio/260_end_of_time_jimek_remix_02.mp3,lyrics/260_end_of_time_jimek_remix_02.txt,end,rock
260_end_of_time_jimek_remix_03,audio/260_end_of_time_jimek_remix_03.mp3,lyrics/260_end_of_time_jimek_remix_03.txt,end,rock
260_end_of_time_jimek_remix_04,audio/260_end_of_time_jimek_remix_04.mp3,lyrics/260_end_of_time_jimek_remix_04.txt,end,rock
260_end_of_time_jimek_remix_05,audio/260_end_of_time_jimek_remix_05.mp3,lyrics/260_end_of_time_jimek_remix_05.txt,end,rock
260_end_of_time_jimek_remix_06,audio/260_end_of_time_jimek_remix_06.mp3,lyrics/260_end_of_time_jimek_remix_06.txt,end,rock
290_halo_dave_audé_club_remix_00,audio/290_halo_dave_audé_club_remix_00.mp3,lyrics/290_halo_dave_audé_club_remix_00.txt,halo,folk
290_halo_dave_audé_club_remix_01,audio/290_halo_dave_audé_club_remix_01.mp3,lyrics/290_halo_dave_audé_club_remix_01.txt,halo,folk
290_halo_dave_audé_club_remix_02,audio/290_halo_dave_audé_club_remix_02.mp3,lyrics/290_halo_dave_audé_club_remix_02.txt,halo,folk
290_halo_dave_audé_club_remix_03,audio/290_halo_dave_audé_club_remix_03.mp3,lyrics/290_halo_dave_audé_club_remix_03.txt,halo,folk
290_halo_dave_audé_club_remix_04,audio/290_halo_dave_audé_club_remix_04.mp3,lyrics/290_halo_dave_audé_club_remix_04.txt,halo,folk
290_halo_dave_audé_club_remix_05,audio/290_halo_dave_audé_club_remix_05.mp3,lyrics/290_halo_dave_audé_club_remix_05.txt,halo,folk
290_halo_dave_audé_club_remix_06,audio/290_halo_dave_audé_club_remix_06.mp3,lyrics/290_halo_dave_audé_club_remix_06.txt,halo,folk
290_halo_dave_audé_club_remix_07,audio/290_halo_dave_audé_club_remix_07.mp3,lyrics/290_halo_dave_audé_club_remix_07.txt,halo,folk
290_halo_dave_audé_club_remix_08,audio/290_halo_dave_audé_club_remix_08.mp3,lyrics/290_halo_dave_audé_club_remix_08.txt,halo,folk
299_diva_karmatronic_club_remix_00,audio/299_diva_karmatronic_club_remix_00.mp3,lyrics/299_diva_karmatronic_club_remix_00.txt,diva,rock
299_diva_karmatronic_club_remix_01,audio/299_diva_karmatronic_club_remix_01.mp3,lyrics/299_diva_karmatronic_club_remix_01.txt,diva,rock
299_diva_karmatronic_club_remix_02,audio/299_diva_karmatronic_club_remix_02.mp3,lyrics/299_diva_karmatronic_club_remix_02.txt,diva,rock
299_diva_karmatronic_club_remix_03,audio/299_diva_karmatronic_club_remix_03.mp3,lyrics/299_diva_karmatronic_club_remix_03.txt,diva,rock
299_diva_karmatronic_club_remix_04,audio/299_diva_karmatronic_club_remix_04.mp3,lyrics/299_diva_karmatronic_club_remix_04.txt,diva,rock
299_diva_karmatronic_club_remix_05,audio/299_diva_karmatronic_club_remix_05.mp3,lyrics/299_diva_karmatronic_club_remix_05.txt,diva,rock
299_diva_karmatronic_club_remix_06,audio/299_diva_karmatronic_club_remix_06.mp3,lyrics/299_diva_karmatronic_club_remix_06.txt,diva,rock
002_partition_00,audio/002_partition_00.mp3,lyrics/002_partition_00.txt,partition,electronic
002_partition_01,audio/002_partition_01.mp3,lyrics/002_partition_01.txt,partition,electronic
002_partition_02,audio/002_partition_02.mp3,lyrics/002_partition_02.txt,partition,electronic
002_partition_03,audio/002_partition_03.mp3,lyrics/002_partition_03.txt,partition,electronic
006_sorry_00,audio/006_sorry_00.mp3,lyrics/006_sorry_00.txt,sorry,pop
006_sorry_01,audio/006_sorry_01.mp3,lyrics/006_sorry_01.txt,sorry,pop
006_sorry_02,audio/006_sorry_02.mp3,lyrics/006_sorry_02.txt,sorry,pop
006_sorry_03,audio/006_sorry_03.mp3,lyrics/006_sorry_03.txt,sorry,pop
006_sorry_04,audio/006_sorry_04.mp3,lyrics/006_sorry_04.txt,sorry,pop
006_sorry_05,audio/006_sorry_05.mp3,lyrics/006_sorry_05.txt,sorry,pop
006_sorry_06,audio/006_sorry_06.mp3,lyrics/006_sorry_06.txt,sorry,pop
006_sorry_07,audio/006_sorry_07.mp3,lyrics/006_sorry_07.txt,sorry,pop
008_pray_you_catch_me_00,audio/008_pray_you_catch_me_00.mp3,lyrics/008_pray_you_catch_me_00.txt,pray,pop
008_pray_you_catch_me_01,audio/008_pray_you_catch_me_01.mp3,lyrics/008_pray_you_catch_me_01.txt,pray,pop
008_pray_you_catch_me_02,audio/008_pray_you_catch_me_02.mp3,lyrics/008_pray_you_catch_me_02.txt,pray,pop
008_pray_you_catch_me_03,audio/008_pray_you_catch_me_03.mp3,lyrics/008_pray_you_catch_me_03.txt,pray,pop
008_pray_you_catch_me_04,audio/008_pray_you_catch_me_04.mp3,lyrics/008_pray_you_catch_me_04.txt,pray,pop
008_pray_you_catch_me_05,audio/008_pray_you_catch_me_05.mp3,lyrics/008_pray_you_catch_me_05.txt,pray,pop
009_all_night_00,audio/009_all_night_00.mp3,lyrics/009_all_night_00.txt,all,rock
009_all_night_01,audio/009_all_night_01.mp3,lyrics/009_all_night_01.txt,all,rock
009_all_night_02,audio/009_all_night_02.mp3,lyrics/009_all_night_02.txt,all,rock
009_all_night_03,audio/009_all_night_03.mp3,lyrics/009_all_night_03.txt,all,rock
009_all_night_04,audio/009_all_night_04.mp3,lyrics/009_all_night_04.txt,all,rock
009_all_night_05,audio/009_all_night_05.mp3,lyrics/009_all_night_05.txt,all,rock
009_all_night_06,audio/009_all_night_06.mp3,lyrics/009_all_night_06.txt,all,rock
009_all_night_07,audio/009_all_night_07.mp3,lyrics/009_all_night_07.txt,all,rock
009_all_night_08,audio/009_all_night_08.mp3,lyrics/009_all_night_08.txt,all,rock
009_all_night_09,audio/009_all_night_09.mp3,lyrics/009_all_night_09.txt,all,rock
009_all_night_10,audio/009_all_night_10.mp3,lyrics/009_all_night_10.txt,all,rock
010_halo_00,audio/010_halo_00.mp3,lyrics/010_halo_00.txt,halo,folk
010_halo_01,audio/010_halo_01.mp3,lyrics/010_halo_01.txt,halo,folk
010_halo_02,audio/010_halo_02.mp3,lyrics/010_halo_02.txt,halo,folk
010_halo_03,audio/010_halo_03.mp3,lyrics/010_halo_03.txt,halo,folk
010_halo_04,audio/010_halo_04.mp3,lyrics/010_halo_04.txt,halo,folk
010_halo_05,audio/010_halo_05.mp3,lyrics/010_halo_05.txt,halo,folk
010_halo_06,audio/010_halo_06.mp3,lyrics/010_halo_06.txt,halo,folk
010_halo_07,audio/010_halo_07.mp3,lyrics/010_halo_07.txt,halo,folk
010_halo_08,audio/010_halo_08.mp3,lyrics/010_halo_08.txt,halo,folk
012_freedom_00,audio/012_freedom_00.mp3,lyrics/012_freedom_00.txt,freedom,electronic
012_freedom_01,audio/012_freedom_01.mp3,lyrics/012_freedom_01.txt,freedom,electronic
012_freedom_02,audio/012_freedom_02.mp3,lyrics/012_freedom_02.txt,freedom,electronic
012_freedom_03,audio/012_freedom_03.mp3,lyrics/012_freedom_03.txt,freedom,electronic
012_freedom_04,audio/012_freedom_04.mp3,lyrics/012_freedom_04.txt,freedom,electronic
012_freedom_05,audio/012_freedom_05.mp3,lyrics/012_freedom_05.txt,freedom,electronic
012_freedom_06,audio/012_freedom_06.mp3,lyrics/012_freedom_06.txt,freedom,electronic
012_freedom_07,audio/012_freedom_07.mp3,lyrics/012_freedom_07.txt,freedom,electronic
012_freedom_08,audio/012_freedom_08.mp3,lyrics/012_freedom_08.txt,freedom,electronic
013_dont_hurt_yourself_00,audio/013_dont_hurt_yourself_00.mp3,lyrics/013_dont_hurt_yourself_00.txt,dont,pop
013_dont_hurt_yourself_01,audio/013_dont_hurt_yourself_01.mp3,lyrics/013_dont_hurt_yourself_01.txt,dont,pop
013_dont_hurt_yourself_02,audio/013_dont_hurt_yourself_02.mp3,lyrics/013_dont_hurt_yourself_02.txt,dont,pop
013_dont_hurt_yourself_03,audio/013_dont_hurt_yourself_03.mp3,lyrics/013_dont_hurt_yourself_03.txt,dont,pop
013_dont_hurt_yourself_04,audio/013_dont_hurt_yourself_04.mp3,lyrics/013_dont_hurt_yourself_04.txt,dont,pop
013_dont_hurt_yourself_05,audio/013_dont_hurt_yourself_05.mp3,lyrics/013_dont_hurt_yourself_05.txt,dont,pop
013_dont_hurt_yourself_06,audio/013_dont_hurt_yourself_06.mp3,lyrics/013_dont_hurt_yourself_06.txt,dont,pop
013_dont_hurt_yourself_07,audio/013_dont_hurt_yourself_07.mp3,lyrics/013_dont_hurt_yourself_07.txt,dont,pop
016_sandcastles_00,audio/016_sandcastles_00.mp3,lyrics/016_sandcastles_00.txt,sandcastles,folk
016_sandcastles_01,audio/016_sandcastles_01.mp3,lyrics/016_sandcastles_01.txt,sandcastles,folk
016_sandcastles_02,audio/016_sandcastles_02.mp3,lyrics/016_sandcastles_02.txt,sandcastles,folk
016_sandcastles_03,audio/016_sandcastles_03.mp3,lyrics/016_sandcastles_03.txt,sandcastles,folk
016_sandcastles_04,audio/016_sandcastles_04.mp3,lyrics/016_sandcastles_04.txt,sandcastles,folk
016_sandcastles_05,audio/016_sandcastles_05.mp3,lyrics/016_sandcastles_05.txt,sandcastles,folk
018_6_inch_00,audio/018_6_inch_00.mp3,lyrics/018_6_inch_00.txt,6,rock
018_6_inch_01,audio/018_6_inch_01.mp3,lyrics/018_6_inch_01.txt,6,rock
018_6_inch_02,audio/018_6_inch_02.mp3,lyrics/018_6_inch_02.txt,6,rock
018_6_inch_03,audio/018_6_inch_03.mp3,lyrics/018_6_inch_03.txt,6,rock
018_6_inch_04,audio/018_6_inch_04.mp3,lyrics/018_6_inch_04.txt,6,rock
018_6_inch_05,audio/018_6_inch_05.mp3,lyrics/018_6_inch_05.txt,6,rock
018_6_inch_06,audio/018_6_inch_06.mp3,lyrics/018_6_inch_06.txt,6,rock
018_6_inch_07,audio/018_6_inch_07.mp3,lyrics/018_6_inch_07.txt,6,rock
018_6_inch_08,audio/018_6_inch_08.mp3,lyrics/018_6_inch_08.txt,6,rock
025_daddy_lessons_00,audio/025_daddy_lessons_00.mp3,lyrics/025_daddy_lessons_00.txt,daddy,pop
025_daddy_lessons_01,audio/025_daddy_lessons_01.mp3,lyrics/025_daddy_lessons_01.txt,daddy,pop
025_daddy_lessons_02,audio/025_daddy_lessons_02.mp3,lyrics/025_daddy_lessons_02.txt,daddy,pop
025_daddy_lessons_03,audio/025_daddy_lessons_03.mp3,lyrics/025_daddy_lessons_03.txt,daddy,pop
025_daddy_lessons_04,audio/025_daddy_lessons_04.mp3,lyrics/025_daddy_lessons_04.txt,daddy,pop
025_daddy_lessons_05,audio/025_daddy_lessons_05.mp3,lyrics/025_daddy_lessons_05.txt,daddy,pop
025_daddy_lessons_06,audio/025_daddy_lessons_06.mp3,lyrics/025_daddy_lessons_06.txt,daddy,pop
025_daddy_lessons_07,audio/025_daddy_lessons_07.mp3,lyrics/025_daddy_lessons_07.txt,daddy,pop
025_daddy_lessons_08,audio/025_daddy_lessons_08.mp3,lyrics/025_daddy_lessons_08.txt,daddy,pop
033_forward_00,audio/033_forward_00.mp3,lyrics/033_forward_00.txt,forward,rock
033_forward_01,audio/033_forward_01.mp3,lyrics/033_forward_01.txt,forward,rock
034_mood_4_eva_00,audio/034_mood_4_eva_00.mp3,lyrics/034_mood_4_eva_00.txt,mood,rock
034_mood_4_eva_01,audio/034_mood_4_eva_01.mp3,lyrics/034_mood_4_eva_01.txt,mood,rock
034_mood_4_eva_02,audio/034_mood_4_eva_02.mp3,lyrics/034_mood_4_eva_02.txt,mood,rock
034_mood_4_eva_03,audio/034_mood_4_eva_03.mp3,lyrics/034_mood_4_eva_03.txt,mood,rock
034_mood_4_eva_04,audio/034_mood_4_eva_04.mp3,lyrics/034_mood_4_eva_04.txt,mood,rock
034_mood_4_eva_05,audio/034_mood_4_eva_05.mp3,lyrics/034_mood_4_eva_05.txt,mood,rock
034_mood_4_eva_06,audio/034_mood_4_eva_06.mp3,lyrics/034_mood_4_eva_06.txt,mood,rock
034_mood_4_eva_07,audio/034_mood_4_eva_07.mp3,lyrics/034_mood_4_eva_07.txt,mood,rock
034_mood_4_eva_08,audio/034_mood_4_eva_08.mp3,lyrics/034_mood_4_eva_08.txt,mood,rock
051_ave_maria_00,audio/051_ave_maria_00.mp3,lyrics/051_ave_maria_00.txt,ave,electronic
051_ave_maria_01,audio/051_ave_maria_01.mp3,lyrics/051_ave_maria_01.txt,ave,electronic
051_ave_maria_02,audio/051_ave_maria_02.mp3,lyrics/051_ave_maria_02.txt,ave,electronic
051_ave_maria_03,audio/051_ave_maria_03.mp3,lyrics/051_ave_maria_03.txt,ave,electronic
051_ave_maria_04,audio/051_ave_maria_04.mp3,lyrics/051_ave_maria_04.txt,ave,electronic
051_ave_maria_05,audio/051_ave_maria_05.mp3,lyrics/051_ave_maria_05.txt,ave,electronic
051_ave_maria_06,audio/051_ave_maria_06.mp3,lyrics/051_ave_maria_06.txt,ave,electronic
056_before_i_let_go_00,audio/056_before_i_let_go_00.mp3,lyrics/056_before_i_let_go_00.txt,before,pop
056_before_i_let_go_01,audio/056_before_i_let_go_01.mp3,lyrics/056_before_i_let_go_01.txt,before,pop
056_before_i_let_go_02,audio/056_before_i_let_go_02.mp3,lyrics/056_before_i_let_go_02.txt,before,pop
056_before_i_let_go_03,audio/056_before_i_let_go_03.mp3,lyrics/056_before_i_let_go_03.txt,before,pop
056_before_i_let_go_04,audio/056_before_i_let_go_04.mp3,lyrics/056_before_i_let_go_04.txt,before,pop
056_before_i_let_go_05,audio/056_before_i_let_go_05.mp3,lyrics/056_before_i_let_go_05.txt,before,pop
056_before_i_let_go_06,audio/056_before_i_let_go_06.mp3,lyrics/056_before_i_let_go_06.txt,before,pop
056_before_i_let_go_07,audio/056_before_i_let_go_07.mp3,lyrics/056_before_i_let_go_07.txt,before,pop
060_broken-hearted_girl_00,audio/060_broken-hearted_girl_00.mp3,lyrics/060_broken-hearted_girl_00.txt,broken-hearted,electronic
060_broken-hearted_girl_01,audio/060_broken-hearted_girl_01.mp3,lyrics/060_broken-hearted_girl_01.txt,broken-hearted,electronic
060_broken-hearted_girl_02,audio/060_broken-hearted_girl_02.mp3,lyrics/060_broken-hearted_girl_02.txt,broken-hearted,electronic
060_broken-hearted_girl_03,audio/060_broken-hearted_girl_03.mp3,lyrics/060_broken-hearted_girl_03.txt,broken-hearted,electronic
060_broken-hearted_girl_04,audio/060_broken-hearted_girl_04.mp3,lyrics/060_broken-hearted_girl_04.txt,broken-hearted,electronic
060_broken-hearted_girl_05,audio/060_broken-hearted_girl_05.mp3,lyrics/060_broken-hearted_girl_05.txt,broken-hearted,electronic
060_broken-hearted_girl_06,audio/060_broken-hearted_girl_06.mp3,lyrics/060_broken-hearted_girl_06.txt,broken-hearted,electronic
060_broken-hearted_girl_07,audio/060_broken-hearted_girl_07.mp3,lyrics/060_broken-hearted_girl_07.txt,broken-hearted,electronic
060_broken-hearted_girl_08,audio/060_broken-hearted_girl_08.mp3,lyrics/060_broken-hearted_girl_08.txt,broken-hearted,electronic
061_bigger_00,audio/061_bigger_00.mp3,lyrics/061_bigger_00.txt,bigger,electronic
061_bigger_01,audio/061_bigger_01.mp3,lyrics/061_bigger_01.txt,bigger,electronic
061_bigger_02,audio/061_bigger_02.mp3,lyrics/061_bigger_02.txt,bigger,electronic
061_bigger_03,audio/061_bigger_03.mp3,lyrics/061_bigger_03.txt,bigger,electronic
061_bigger_04,audio/061_bigger_04.mp3,lyrics/061_bigger_04.txt,bigger,electronic
061_bigger_05,audio/061_bigger_05.mp3,lyrics/061_bigger_05.txt,bigger,electronic
061_bigger_06,audio/061_bigger_06.mp3,lyrics/061_bigger_06.txt,bigger,electronic
063_diva_00,audio/063_diva_00.mp3,lyrics/063_diva_00.txt,diva,rock
063_diva_01,audio/063_diva_01.mp3,lyrics/063_diva_01.txt,diva,rock
063_diva_02,audio/063_diva_02.mp3,lyrics/063_diva_02.txt,diva,rock
063_diva_03,audio/063_diva_03.mp3,lyrics/063_diva_03.txt,diva,rock
063_diva_04,audio/063_diva_04.mp3,lyrics/063_diva_04.txt,diva,rock
063_diva_05,audio/063_diva_05.mp3,lyrics/063_diva_05.txt,diva,rock
063_diva_06,audio/063_diva_06.mp3,lyrics/063_diva_06.txt,diva,rock
070_id_rather_go_blind_00,audio/070_id_rather_go_blind_00.mp3,lyrics/070_id_rather_go_blind_00.txt,id,hip_hop
070_id_rather_go_blind_01,audio/070_id_rather_go_blind_01.mp3,lyrics/070_id_rather_go_blind_01.txt,id,hip_hop
070_id_rather_go_blind_02,audio/070_id_rather_go_blind_02.mp3,lyrics/070_id_rather_go_blind_02.txt,id,hip_hop
070_id_rather_go_blind_03,audio/070_id_rather_go_blind_03.mp3,lyrics/070_id_rather_go_blind_03.txt,id,hip_hop
070_id_rather_go_blind_04,audio/070_id_rather_go_blind_04.mp3,lyrics/070_id_rather_go_blind_04.txt,id,hip_hop
070_id_rather_go_blind_05,audio/070_id_rather_go_blind_05.mp3,lyrics/070_id_rather_go_blind_05.txt,id,hip_hop
073_otherside_00,audio/073_otherside_00.mp3,lyrics/073_otherside_00.txt,otherside,pop
073_otherside_01,audio/073_otherside_01.mp3,lyrics/073_otherside_01.txt,otherside,pop
073_otherside_02,audio/073_otherside_02.mp3,lyrics/073_otherside_02.txt,otherside,pop
073_otherside_03,audio/073_otherside_03.mp3,lyrics/073_otherside_03.txt,otherside,pop
073_otherside_04,audio/073_otherside_04.mp3,lyrics/073_otherside_04.txt,otherside,pop
073_otherside_05,audio/073_otherside_05.mp3,lyrics/073_otherside_05.txt,otherside,pop
073_otherside_06,audio/073_otherside_06.mp3,lyrics/073_otherside_06.txt,otherside,pop
081_check_on_it_lp_version_00,audio/081_check_on_it_lp_version_00.mp3,lyrics/081_check_on_it_lp_version_00.txt,check,hip_hop
081_check_on_it_lp_version_01,audio/081_check_on_it_lp_version_01.mp3,lyrics/081_check_on_it_lp_version_01.txt,check,hip_hop
085_sorry_original_demo_00,audio/085_sorry_original_demo_00.mp3,lyrics/085_sorry_original_demo_00.txt,sorry,pop
085_sorry_original_demo_01,audio/085_sorry_original_demo_01.mp3,lyrics/085_sorry_original_demo_01.txt,sorry,pop
085_sorry_original_demo_02,audio/085_sorry_original_demo_02.mp3,lyrics/085_sorry_original_demo_02.txt,sorry,pop
085_sorry_original_demo_03,audio/085_sorry_original_demo_03.mp3,lyrics/085_sorry_original_demo_03.txt,sorry,pop
085_sorry_original_demo_04,audio/085_sorry_original_demo_04.mp3,lyrics/085_sorry_original_demo_04.txt,sorry,pop
085_sorry_original_demo_05,audio/085_sorry_original_demo_05.mp3,lyrics/085_sorry_original_demo_05.txt,sorry,pop
085_sorry_original_demo_06,audio/085_sorry_original_demo_06.mp3,lyrics/085_sorry_original_demo_06.txt,sorry,pop
122_top_off_homecoming_live_00,audio/122_top_off_homecoming_live_00.mp3,lyrics/122_top_off_homecoming_live_00.txt,top,jazz
122_top_off_homecoming_live_01,audio/122_top_off_homecoming_live_01.mp3,lyrics/122_top_off_homecoming_live_01.txt,top,jazz
122_top_off_homecoming_live_02,audio/122_top_off_homecoming_live_02.mp3,lyrics/122_top_off_homecoming_live_02.txt,top,jazz
125_sorry_homecoming_live_00,audio/125_sorry_homecoming_live_00.mp3,lyrics/125_sorry_homecoming_live_00.txt,sorry,pop
125_sorry_homecoming_live_01,audio/125_sorry_homecoming_live_01.mp3,lyrics/125_sorry_homecoming_live_01.txt,sorry,pop
125_sorry_homecoming_live_02,audio/125_sorry_homecoming_live_02.mp3,lyrics/125_sorry_homecoming_live_02.txt,sorry,pop
125_sorry_homecoming_live_03,audio/125_sorry_homecoming_live_03.mp3,lyrics/125_sorry_homecoming_live_03.txt,sorry,pop
125_sorry_homecoming_live_04,audio/125_sorry_homecoming_live_04.mp3,lyrics/125_sorry_homecoming_live_04.txt,sorry,pop
125_sorry_homecoming_live_05,audio/125_sorry_homecoming_live_05.mp3,lyrics/125_sorry_homecoming_live_05.txt,sorry,pop
125_sorry_homecoming_live_06,audio/125_sorry_homecoming_live_06.mp3,lyrics/125_sorry_homecoming_live_06.txt,sorry,pop
125_sorry_homecoming_live_07,audio/125_sorry_homecoming_live_07.mp3,lyrics/125_sorry_homecoming_live_07.txt,sorry,pop
125_sorry_homecoming_live_08,audio/125_sorry_homecoming_live_08.mp3,lyrics/125_sorry_homecoming_live_08.txt,sorry,pop
125_sorry_homecoming_live_09,audio/125_sorry_homecoming_live_09.mp3,lyrics/125_sorry_homecoming_live_09.txt,sorry,pop
125_sorry_homecoming_live_10,audio/125_sorry_homecoming_live_10.mp3,lyrics/125_sorry_homecoming_live_10.txt,sorry,pop
125_sorry_homecoming_live_11,audio/125_sorry_homecoming_live_11.mp3,lyrics/125_sorry_homecoming_live_11.txt,sorry,pop
125_sorry_homecoming_live_12,audio/125_sorry_homecoming_live_12.mp3,lyrics/125_sorry_homecoming_live_12.txt,sorry,pop
128_all_i_could_do_was_cry_00,audio/128_all_i_could_do_was_cry_00.mp3,lyrics/128_all_i_could_do_was_cry_00.txt,all,rock
128_all_i_could_do_was_cry_01,audio/128_all_i_could_do_was_cry_01.mp3,lyrics/128_all_i_could_do_was_cry_01.txt,all,rock
128_all_i_could_do_was_cry_02,audio/128_all_i_could_do_was_cry_02.mp3,lyrics/128_all_i_could_do_was_cry_02.txt,all,rock
128_all_i_could_do_was_cry_03,audio/128_all_i_could_do_was_cry_03.mp3,lyrics/128_all_i_could_do_was_cry_03.txt,all,rock
128_all_i_could_do_was_cry_04,audio/128_all_i_could_do_was_cry_04.mp3,lyrics/128_all_i_could_do_was_cry_04.txt,all,rock
128_all_i_could_do_was_cry_05,audio/128_all_i_could_do_was_cry_05.mp3,lyrics/128_all_i_could_do_was_cry_05.txt,all,rock
133_at_last_00,audio/133_at_last_00.mp3,lyrics/133_at_last_00.txt,at,pop
133_at_last_01,audio/133_at_last_01.mp3,lyrics/133_at_last_01.txt,at,pop
133_at_last_02,audio/133_at_last_02.mp3,lyrics/133_at_last_02.txt,at,pop
133_at_last_03,audio/133_at_last_03.mp3,lyrics/133_at_last_03.txt,at,pop
133_at_last_04,audio/133_at_last_04.mp3,lyrics/133_at_last_04.txt,at,pop
133_at_last_05,audio/133_at_last_05.mp3,lyrics/133_at_last_05.txt,at,pop
145_flawless_feeling_myself_homecoming_live_00,audio/145_flawless_feeling_myself_homecoming_live_00.mp3,lyrics/145_flawless_feeling_myself_homecoming_live_00.txt,flawless,pop
145_flawless_feeling_myself_homecoming_live_01,audio/145_flawless_feeling_myself_homecoming_live_01.mp3,lyrics/145_flawless_feeling_myself_homecoming_live_01.txt,flawless,pop
145_flawless_feeling_myself_homecoming_live_02,audio/145_flawless_feeling_myself_homecoming_live_02.mp3,lyrics/145_flawless_feeling_myself_homecoming_live_02.txt,flawless,pop
145_flawless_feeling_myself_homecoming_live_03,audio/145_flawless_feeling_myself_homecoming_live_03.mp3,lyrics/145_flawless_feeling_myself_homecoming_live_03.txt,flawless,pop
145_flawless_feeling_myself_homecoming_live_04,audio/145_flawless_feeling_myself_homecoming_live_04.mp3,lyrics/145_flawless_feeling_myself_homecoming_live_04.txt,flawless,pop
145_flawless_feeling_myself_homecoming_live_05,audio/145_flawless_feeling_myself_homecoming_live_05.mp3,lyrics/145_flawless_feeling_myself_homecoming_live_05.txt,flawless,pop
145_flawless_feeling_myself_homecoming_live_06,audio/145_flawless_feeling_myself_homecoming_live_06.mp3,lyrics/145_flawless_feeling_myself_homecoming_live_06.txt,flawless,pop
145_flawless_feeling_myself_homecoming_live_07,audio/145_flawless_feeling_myself_homecoming_live_07.mp3,lyrics/145_flawless_feeling_myself_homecoming_live_07.txt,flawless,pop
154_bow_down_homecoming_live_00,audio/154_bow_down_homecoming_live_00.mp3,lyrics/154_bow_down_homecoming_live_00.txt,bow,pop
154_bow_down_homecoming_live_01,audio/154_bow_down_homecoming_live_01.mp3,lyrics/154_bow_down_homecoming_live_01.txt,bow,pop
154_bow_down_homecoming_live_02,audio/154_bow_down_homecoming_live_02.mp3,lyrics/154_bow_down_homecoming_live_02.txt,bow,pop
168_once_in_a_lifetime_00,audio/168_once_in_a_lifetime_00.mp3,lyrics/168_once_in_a_lifetime_00.txt,once,pop
168_once_in_a_lifetime_01,audio/168_once_in_a_lifetime_01.mp3,lyrics/168_once_in_a_lifetime_01.txt,once,pop
168_once_in_a_lifetime_02,audio/168_once_in_a_lifetime_02.mp3,lyrics/168_once_in_a_lifetime_02.txt,once,pop
168_once_in_a_lifetime_03,audio/168_once_in_a_lifetime_03.mp3,lyrics/168_once_in_a_lifetime_03.txt,once,pop
168_once_in_a_lifetime_04,audio/168_once_in_a_lifetime_04.mp3,lyrics/168_once_in_a_lifetime_04.txt,once,pop
168_once_in_a_lifetime_05,audio/168_once_in_a_lifetime_05.mp3,lyrics/168_once_in_a_lifetime_05.txt,once,pop
168_once_in_a_lifetime_06,audio/168_once_in_a_lifetime_06.mp3,lyrics/168_once_in_a_lifetime_06.txt,once,pop
168_once_in_a_lifetime_07,audio/168_once_in_a_lifetime_07.mp3,lyrics/168_once_in_a_lifetime_07.txt,once,pop
171_dont_hurt_yourself_homecoming_live_00,audio/171_dont_hurt_yourself_homecoming_live_00.mp3,lyrics/171_dont_hurt_yourself_homecoming_live_00.txt,dont,pop
171_dont_hurt_yourself_homecoming_live_01,audio/171_dont_hurt_yourself_homecoming_live_01.mp3,lyrics/171_dont_hurt_yourself_homecoming_live_01.txt,dont,pop
171_dont_hurt_yourself_homecoming_live_02,audio/171_dont_hurt_yourself_homecoming_live_02.mp3,lyrics/171_dont_hurt_yourself_homecoming_live_02.txt,dont,pop
171_dont_hurt_yourself_homecoming_live_03,audio/171_dont_hurt_yourself_homecoming_live_03.mp3,lyrics/171_dont_hurt_yourself_homecoming_live_03.txt,dont,pop
171_dont_hurt_yourself_homecoming_live_04,audio/171_dont_hurt_yourself_homecoming_live_04.mp3,lyrics/171_dont_hurt_yourself_homecoming_live_04.txt,dont,pop
171_dont_hurt_yourself_homecoming_live_05,audio/171_dont_hurt_yourself_homecoming_live_05.mp3,lyrics/171_dont_hurt_yourself_homecoming_live_05.txt,dont,pop
171_dont_hurt_yourself_homecoming_live_06,audio/171_dont_hurt_yourself_homecoming_live_06.mp3,lyrics/171_dont_hurt_yourself_homecoming_live_06.txt,dont,pop
171_dont_hurt_yourself_homecoming_live_07,audio/171_dont_hurt_yourself_homecoming_live_07.mp3,lyrics/171_dont_hurt_yourself_homecoming_live_07.txt,dont,pop
174_yoncé_homecoming_live_00,audio/174_yoncé_homecoming_live_00.mp3,lyrics/174_yoncé_homecoming_live_00.txt,yoncé,rock
174_yoncé_homecoming_live_01,audio/174_yoncé_homecoming_live_01.mp3,lyrics/174_yoncé_homecoming_live_01.txt,yoncé,rock
175_i_care_homecoming_live_00,audio/175_i_care_homecoming_live_00.mp3,lyrics/175_i_care_homecoming_live_00.txt,i,rock
175_i_care_homecoming_live_01,audio/175_i_care_homecoming_live_01.mp3,lyrics/175_i_care_homecoming_live_01.txt,i,rock
175_i_care_homecoming_live_02,audio/175_i_care_homecoming_live_02.mp3,lyrics/175_i_care_homecoming_live_02.txt,i,rock
175_i_care_homecoming_live_03,audio/175_i_care_homecoming_live_03.mp3,lyrics/175_i_care_homecoming_live_03.txt,i,rock
175_i_care_homecoming_live_04,audio/175_i_care_homecoming_live_04.mp3,lyrics/175_i_care_homecoming_live_04.txt,i,rock
175_i_care_homecoming_live_05,audio/175_i_care_homecoming_live_05.mp3,lyrics/175_i_care_homecoming_live_05.txt,i,rock
175_i_care_homecoming_live_06,audio/175_i_care_homecoming_live_06.mp3,lyrics/175_i_care_homecoming_live_06.txt,i,rock
175_i_care_homecoming_live_07,audio/175_i_care_homecoming_live_07.mp3,lyrics/175_i_care_homecoming_live_07.txt,i,rock
182_trust_in_me_00,audio/182_trust_in_me_00.mp3,lyrics/182_trust_in_me_00.txt,trust,rock
182_trust_in_me_01,audio/182_trust_in_me_01.mp3,lyrics/182_trust_in_me_01.txt,trust,rock
182_trust_in_me_02,audio/182_trust_in_me_02.mp3,lyrics/182_trust_in_me_02.txt,trust,rock
182_trust_in_me_03,audio/182_trust_in_me_03.mp3,lyrics/182_trust_in_me_03.txt,trust,rock
182_trust_in_me_04,audio/182_trust_in_me_04.mp3,lyrics/182_trust_in_me_04.txt,trust,rock
182_trust_in_me_05,audio/182_trust_in_me_05.mp3,lyrics/182_trust_in_me_05.txt,trust,rock
182_trust_in_me_06,audio/182_trust_in_me_06.mp3,lyrics/182_trust_in_me_06.txt,trust,rock
187_crazy_in_love_homecoming_live_00,audio/187_crazy_in_love_homecoming_live_00.mp3,lyrics/187_crazy_in_love_homecoming_live_00.txt,crazy,hip_hop
187_crazy_in_love_homecoming_live_01,audio/187_crazy_in_love_homecoming_live_01.mp3,lyrics/187_crazy_in_love_homecoming_live_01.txt,crazy,hip_hop
187_crazy_in_love_homecoming_live_02,audio/187_crazy_in_love_homecoming_live_02.mp3,lyrics/187_crazy_in_love_homecoming_live_02.txt,crazy,hip_hop
187_crazy_in_love_homecoming_live_03,audio/187_crazy_in_love_homecoming_live_03.mp3,lyrics/187_crazy_in_love_homecoming_live_03.txt,crazy,hip_hop
187_crazy_in_love_homecoming_live_04,audio/187_crazy_in_love_homecoming_live_04.mp3,lyrics/187_crazy_in_love_homecoming_live_04.txt,crazy,hip_hop
190_run_the_world_girls_homecoming_live_00,audio/190_run_the_world_girls_homecoming_live_00.mp3,lyrics/190_run_the_world_girls_homecoming_live_00.txt,run,hip_hop
190_run_the_world_girls_homecoming_live_01,audio/190_run_the_world_girls_homecoming_live_01.mp3,lyrics/190_run_the_world_girls_homecoming_live_01.txt,run,hip_hop
190_run_the_world_girls_homecoming_live_02,audio/190_run_the_world_girls_homecoming_live_02.mp3,lyrics/190_run_the_world_girls_homecoming_live_02.txt,run,hip_hop
190_run_the_world_girls_homecoming_live_03,audio/190_run_the_world_girls_homecoming_live_03.mp3,lyrics/190_run_the_world_girls_homecoming_live_03.txt,run,hip_hop
190_run_the_world_girls_homecoming_live_04,audio/190_run_the_world_girls_homecoming_live_04.mp3,lyrics/190_run_the_world_girls_homecoming_live_04.txt,run,hip_hop
190_run_the_world_girls_homecoming_live_05,audio/190_run_the_world_girls_homecoming_live_05.mp3,lyrics/190_run_the_world_girls_homecoming_live_05.txt,run,hip_hop
190_run_the_world_girls_homecoming_live_06,audio/190_run_the_world_girls_homecoming_live_06.mp3,lyrics/190_run_the_world_girls_homecoming_live_06.txt,run,hip_hop
190_run_the_world_girls_homecoming_live_07,audio/190_run_the_world_girls_homecoming_live_07.mp3,lyrics/190_run_the_world_girls_homecoming_live_07.txt,run,hip_hop
195_welcome_homecoming_live_00,audio/195_welcome_homecoming_live_00.mp3,lyrics/195_welcome_homecoming_live_00.txt,welcome,pop
195_welcome_homecoming_live_01,audio/195_welcome_homecoming_live_01.mp3,lyrics/195_welcome_homecoming_live_01.txt,welcome,pop
195_welcome_homecoming_live_02,audio/195_welcome_homecoming_live_02.mp3,lyrics/195_welcome_homecoming_live_02.txt,welcome,pop
195_welcome_homecoming_live_03,audio/195_welcome_homecoming_live_03.mp3,lyrics/195_welcome_homecoming_live_03.txt,welcome,pop
195_welcome_homecoming_live_04,audio/195_welcome_homecoming_live_04.mp3,lyrics/195_welcome_homecoming_live_04.txt,welcome,pop
195_welcome_homecoming_live_05,audio/195_welcome_homecoming_live_05.mp3,lyrics/195_welcome_homecoming_live_05.txt,welcome,pop
198_hold_up_italian_version_00,audio/198_hold_up_italian_version_00.mp3,lyrics/198_hold_up_italian_version_00.txt,hold,hip_hop
198_hold_up_italian_version_01,audio/198_hold_up_italian_version_01.mp3,lyrics/198_hold_up_italian_version_01.txt,hold,hip_hop
198_hold_up_italian_version_02,audio/198_hold_up_italian_version_02.mp3,lyrics/198_hold_up_italian_version_02.txt,hold,hip_hop
198_hold_up_italian_version_03,audio/198_hold_up_italian_version_03.mp3,lyrics/198_hold_up_italian_version_03.txt,hold,hip_hop
198_hold_up_italian_version_04,audio/198_hold_up_italian_version_04.mp3,lyrics/198_hold_up_italian_version_04.txt,hold,hip_hop
198_hold_up_italian_version_05,audio/198_hold_up_italian_version_05.mp3,lyrics/198_hold_up_italian_version_05.txt,hold,hip_hop
198_hold_up_italian_version_06,audio/198_hold_up_italian_version_06.mp3,lyrics/198_hold_up_italian_version_06.txt,hold,hip_hop
201_party_homecoming_live_00,audio/201_party_homecoming_live_00.mp3,lyrics/201_party_homecoming_live_00.txt,party,electronic
201_party_homecoming_live_01,audio/201_party_homecoming_live_01.mp3,lyrics/201_party_homecoming_live_01.txt,party,electronic
201_party_homecoming_live_02,audio/201_party_homecoming_live_02.mp3,lyrics/201_party_homecoming_live_02.txt,party,electronic
201_party_homecoming_live_03,audio/201_party_homecoming_live_03.mp3,lyrics/201_party_homecoming_live_03.txt,party,electronic
201_party_homecoming_live_04,audio/201_party_homecoming_live_04.mp3,lyrics/201_party_homecoming_live_04.txt,party,electronic
201_party_homecoming_live_05,audio/201_party_homecoming_live_05.mp3,lyrics/201_party_homecoming_live_05.txt,party,electronic
201_party_homecoming_live_06,audio/201_party_homecoming_live_06.mp3,lyrics/201_party_homecoming_live_06.txt,party,electronic
213_so_much_damn_swag_interlude_homecoming_live_00,audio/213_so_much_damn_swag_interlude_homecoming_live_00.mp3,lyrics/213_so_much_damn_swag_interlude_homecoming_live_00.txt,so,rock
213_so_much_damn_swag_interlude_homecoming_live_01,audio/213_so_much_damn_swag_interlude_homecoming_live_01.mp3,lyrics/213_so_much_damn_swag_interlude_homecoming_live_01.txt,so,rock
218_hold_up_homecoming_live_00,audio/218_hold_up_homecoming_live_00.mp3,lyrics/218_hold_up_homecoming_live_00.txt,hold,hip_hop
228_love_on_top_homecoming_live_00,audio/228_love_on_top_homecoming_live_00.mp3,lyrics/228_love_on_top_homecoming_live_00.txt,love,rock
228_love_on_top_homecoming_live_01,audio/228_love_on_top_homecoming_live_01.mp3,lyrics/228_love_on_top_homecoming_live_01.txt,love,rock
228_love_on_top_homecoming_live_02,audio/228_love_on_top_homecoming_live_02.mp3,lyrics/228_love_on_top_homecoming_live_02.txt,love,rock
228_love_on_top_homecoming_live_03,audio/228_love_on_top_homecoming_live_03.mp3,lyrics/228_love_on_top_homecoming_live_03.txt,love,rock
228_love_on_top_homecoming_live_04,audio/228_love_on_top_homecoming_live_04.mp3,lyrics/228_love_on_top_homecoming_live_04.txt,love,rock
228_love_on_top_homecoming_live_05,audio/228_love_on_top_homecoming_live_05.mp3,lyrics/228_love_on_top_homecoming_live_05.txt,love,rock
228_love_on_top_homecoming_live_06,audio/228_love_on_top_homecoming_live_06.mp3,lyrics/228_love_on_top_homecoming_live_06.txt,love,rock
233_lift_every_voice_and_sing_blues_version_homecoming_live_00,audio/233_lift_every_voice_and_sing_blues_version_homecoming_live_00.mp3,lyrics/233_lift_every_voice_and_sing_blues_version_homecoming_live_00.txt,lift,pop
233_lift_every_voice_and_sing_blues_version_homecoming_live_01,audio/233_lift_every_voice_and_sing_blues_version_homecoming_live_01.mp3,lyrics/233_lift_every_voice_and_sing_blues_version_homecoming_live_01.txt,lift,pop
233_lift_every_voice_and_sing_blues_version_homecoming_live_02,audio/233_lift_every_voice_and_sing_blues_version_homecoming_live_02.mp3,lyrics/233_lift_every_voice_and_sing_blues_version_homecoming_live_02.txt,lift,pop
234_single_ladies_put_a_ring_on_it_homecoming_live_00,audio/234_single_ladies_put_a_ring_on_it_homecoming_live_00.mp3,lyrics/234_single_ladies_put_a_ring_on_it_homecoming_live_00.txt,single,hip_hop
234_single_ladies_put_a_ring_on_it_homecoming_live_01,audio/234_single_ladies_put_a_ring_on_it_homecoming_live_01.mp3,lyrics/234_single_ladies_put_a_ring_on_it_homecoming_live_01.txt,single,hip_hop
234_single_ladies_put_a_ring_on_it_homecoming_live_02,audio/234_single_ladies_put_a_ring_on_it_homecoming_live_02.mp3,lyrics/234_single_ladies_put_a_ring_on_it_homecoming_live_02.txt,single,hip_hop
234_single_ladies_put_a_ring_on_it_homecoming_live_03,audio/234_single_ladies_put_a_ring_on_it_homecoming_live_03.mp3,lyrics/234_single_ladies_put_a_ring_on_it_homecoming_live_03.txt,single,hip_hop
234_single_ladies_put_a_ring_on_it_homecoming_live_04,audio/234_single_ladies_put_a_ring_on_it_homecoming_live_04.mp3,lyrics/234_single_ladies_put_a_ring_on_it_homecoming_live_04.txt,single,hip_hop
234_single_ladies_put_a_ring_on_it_homecoming_live_05,audio/234_single_ladies_put_a_ring_on_it_homecoming_live_05.mp3,lyrics/234_single_ladies_put_a_ring_on_it_homecoming_live_05.txt,single,hip_hop
234_single_ladies_put_a_ring_on_it_homecoming_live_06,audio/234_single_ladies_put_a_ring_on_it_homecoming_live_06.mp3,lyrics/234_single_ladies_put_a_ring_on_it_homecoming_live_06.txt,single,hip_hop
244_the_last_great_seduction_00,audio/244_the_last_great_seduction_00.mp3,lyrics/244_the_last_great_seduction_00.txt,the,country
244_the_last_great_seduction_01,audio/244_the_last_great_seduction_01.mp3,lyrics/244_the_last_great_seduction_01.txt,the,country
254_shining_thank_you_homecoming_live_00,audio/254_shining_thank_you_homecoming_live_00.mp3,lyrics/254_shining_thank_you_homecoming_live_00.txt,shining,rock
254_shining_thank_you_homecoming_live_01,audio/254_shining_thank_you_homecoming_live_01.mp3,lyrics/254_shining_thank_you_homecoming_live_01.txt,shining,rock
254_shining_thank_you_homecoming_live_02,audio/254_shining_thank_you_homecoming_live_02.mp3,lyrics/254_shining_thank_you_homecoming_live_02.txt,shining,rock
254_shining_thank_you_homecoming_live_03,audio/254_shining_thank_you_homecoming_live_03.mp3,lyrics/254_shining_thank_you_homecoming_live_03.txt,shining,rock
254_shining_thank_you_homecoming_live_04,audio/254_shining_thank_you_homecoming_live_04.mp3,lyrics/254_shining_thank_you_homecoming_live_04.txt,shining,rock
261_destinys_child_medley_00,audio/261_destinys_child_medley_00.mp3,lyrics/261_destinys_child_medley_00.txt,destinys,electronic
311_intro_speak_my_mind_00,audio/311_intro_speak_my_mind_00.mp3,lyrics/311_intro_speak_my_mind_00.txt,intro,electronic
311_intro_speak_my_mind_01,audio/311_intro_speak_my_mind_01.mp3,lyrics/311_intro_speak_my_mind_01.txt,intro,electronic
311_intro_speak_my_mind_02,audio/311_intro_speak_my_mind_02.mp3,lyrics/311_intro_speak_my_mind_02.txt,intro,electronic
311_intro_speak_my_mind_03,audio/311_intro_speak_my_mind_03.mp3,lyrics/311_intro_speak_my_mind_03.txt,intro,electronic
311_intro_speak_my_mind_04,audio/311_intro_speak_my_mind_04.mp3,lyrics/311_intro_speak_my_mind_04.txt,intro,electronic
311_intro_speak_my_mind_05,audio/311_intro_speak_my_mind_05.mp3,lyrics/311_intro_speak_my_mind_05.txt,intro,electronic
311_intro_speak_my_mind_06,audio/311_intro_speak_my_mind_06.mp3,lyrics/311_intro_speak_my_mind_06.txt,intro,electronic
333_sweet_dreams_harlan_pepper_ag_iii_remix_00,audio/333_sweet_dreams_harlan_pepper_ag_iii_remix_00.mp3,lyrics/333_sweet_dreams_harlan_pepper_ag_iii_remix_00.txt,sweet,jazz
333_sweet_dreams_harlan_pepper_ag_iii_remix_01,audio/333_sweet_dreams_harlan_pepper_ag_iii_remix_01.mp3,lyrics/333_sweet_dreams_harlan_pepper_ag_iii_remix_01.txt,sweet,jazz
333_sweet_dreams_harlan_pepper_ag_iii_remix_02,audio/333_sweet_dreams_harlan_pepper_ag_iii_remix_02.mp3,lyrics/333_sweet_dreams_harlan_pepper_ag_iii_remix_02.txt,sweet,jazz
333_sweet_dreams_harlan_pepper_ag_iii_remix_03,audio/333_sweet_dreams_harlan_pepper_ag_iii_remix_03.mp3,lyrics/333_sweet_dreams_harlan_pepper_ag_iii_remix_03.txt,sweet,jazz
333_sweet_dreams_harlan_pepper_ag_iii_remix_04,audio/333_sweet_dreams_harlan_pepper_ag_iii_remix_04.mp3,lyrics/333_sweet_dreams_harlan_pepper_ag_iii_remix_04.txt,sweet,jazz
333_sweet_dreams_harlan_pepper_ag_iii_remix_05,audio/333_sweet_dreams_harlan_pepper_ag_iii_remix_05.mp3,lyrics/333_sweet_dreams_harlan_pepper_ag_iii_remix_05.txt,sweet,jazz
333_sweet_dreams_harlan_pepper_ag_iii_remix_06,audio/333_sweet_dreams_harlan_pepper_ag_iii_remix_06.mp3,lyrics/333_sweet_dreams_harlan_pepper_ag_iii_remix_06.txt,sweet,jazz
402_black_parade_remix_00,audio/402_black_parade_remix_00.mp3,lyrics/402_black_parade_remix_00.txt,black,electronic
402_black_parade_remix_01,audio/402_black_parade_remix_01.mp3,lyrics/402_black_parade_remix_01.txt,black,electronic
402_black_parade_remix_02,audio/402_black_parade_remix_02.mp3,lyrics/402_black_parade_remix_02.txt,black,electronic
402_black_parade_remix_03,audio/402_black_parade_remix_03.mp3,lyrics/402_black_parade_remix_03.txt,black,electronic
402_black_parade_remix_04,audio/402_black_parade_remix_04.mp3,lyrics/402_black_parade_remix_04.txt,black,electronic
402_black_parade_remix_05,audio/402_black_parade_remix_05.mp3,lyrics/402_black_parade_remix_05.txt,black,electronic
402_black_parade_remix_06,audio/402_black_parade_remix_06.mp3,lyrics/402_black_parade_remix_06.txt,black,electronic
111_better_than_revenge_00,audio/111_better_than_revenge_00.mp3,lyrics/111_better_than_revenge_00.txt,better,electronic
111_better_than_revenge_01,audio/111_better_than_revenge_01.mp3,lyrics/111_better_than_revenge_01.txt,better,electronic
111_better_than_revenge_02,audio/111_better_than_revenge_02.mp3,lyrics/111_better_than_revenge_02.txt,better,electronic
111_better_than_revenge_03,audio/111_better_than_revenge_03.mp3,lyrics/111_better_than_revenge_03.txt,better,electronic
111_better_than_revenge_04,audio/111_better_than_revenge_04.mp3,lyrics/111_better_than_revenge_04.txt,better,electronic
111_better_than_revenge_05,audio/111_better_than_revenge_05.mp3,lyrics/111_better_than_revenge_05.txt,better,electronic
111_better_than_revenge_06,audio/111_better_than_revenge_06.mp3,lyrics/111_better_than_revenge_06.txt,better,electronic
112_the_last_time_00,audio/112_the_last_time_00.mp3,lyrics/112_the_last_time_00.txt,the,country
112_the_last_time_01,audio/112_the_last_time_01.mp3,lyrics/112_the_last_time_01.txt,the,country
112_the_last_time_02,audio/112_the_last_time_02.mp3,lyrics/112_the_last_time_02.txt,the,country
112_the_last_time_03,audio/112_the_last_time_03.mp3,lyrics/112_the_last_time_03.txt,the,country
112_the_last_time_04,audio/112_the_last_time_04.mp3,lyrics/112_the_last_time_04.txt,the,country
112_the_last_time_05,audio/112_the_last_time_05.mp3,lyrics/112_the_last_time_05.txt,the,country
112_the_last_time_06,audio/112_the_last_time_06.mp3,lyrics/112_the_last_time_06.txt,the,country
112_the_last_time_07,audio/112_the_last_time_07.mp3,lyrics/112_the_last_time_07.txt,the,country
112_the_last_time_08,audio/112_the_last_time_08.mp3,lyrics/112_the_last_time_08.txt,the,country
112_the_last_time_09,audio/112_the_last_time_09.mp3,lyrics/112_the_last_time_09.txt,the,country
115_sad_beautiful_tragic_00,audio/115_sad_beautiful_tragic_00.mp3,lyrics/115_sad_beautiful_tragic_00.txt,sad,pop
115_sad_beautiful_tragic_01,audio/115_sad_beautiful_tragic_01.mp3,lyrics/115_sad_beautiful_tragic_01.txt,sad,pop
115_sad_beautiful_tragic_02,audio/115_sad_beautiful_tragic_02.mp3,lyrics/115_sad_beautiful_tragic_02.txt,sad,pop
115_sad_beautiful_tragic_03,audio/115_sad_beautiful_tragic_03.mp3,lyrics/115_sad_beautiful_tragic_03.txt,sad,pop
115_sad_beautiful_tragic_04,audio/115_sad_beautiful_tragic_04.mp3,lyrics/115_sad_beautiful_tragic_04.txt,sad,pop
115_sad_beautiful_tragic_05,audio/115_sad_beautiful_tragic_05.mp3,lyrics/115_sad_beautiful_tragic_05.txt,sad,pop
115_sad_beautiful_tragic_06,audio/115_sad_beautiful_tragic_06.mp3,lyrics/115_sad_beautiful_tragic_06.txt,sad,pop
115_sad_beautiful_tragic_07,audio/115_sad_beautiful_tragic_07.mp3,lyrics/115_sad_beautiful_tragic_07.txt,sad,pop
115_sad_beautiful_tragic_08,audio/115_sad_beautiful_tragic_08.mp3,lyrics/115_sad_beautiful_tragic_08.txt,sad,pop
116_the_lucky_one_00,audio/116_the_lucky_one_00.mp3,lyrics/116_the_lucky_one_00.txt,the,country
116_the_lucky_one_01,audio/116_the_lucky_one_01.mp3,lyrics/116_the_lucky_one_01.txt,the,country
116_the_lucky_one_02,audio/116_the_lucky_one_02.mp3,lyrics/116_the_lucky_one_02.txt,the,country
116_the_lucky_one_03,audio/116_the_lucky_one_03.mp3,lyrics/116_the_lucky_one_03.txt,the,country
116_the_lucky_one_04,audio/116_the_lucky_one_04.mp3,lyrics/116_the_lucky_one_04.txt,the,country
116_the_lucky_one_05,audio/116_the_lucky_one_05.mp3,lyrics/116_the_lucky_one_05.txt,the,country
116_the_lucky_one_06,audio/116_the_lucky_one_06.mp3,lyrics/116_the_lucky_one_06.txt,the,country
116_the_lucky_one_07,audio/116_the_lucky_one_07.mp3,lyrics/116_the_lucky_one_07.txt,the,country
117_i_almost_do_00,audio/117_i_almost_do_00.mp3,lyrics/117_i_almost_do_00.txt,i,rock
117_i_almost_do_01,audio/117_i_almost_do_01.mp3,lyrics/117_i_almost_do_01.txt,i,rock
117_i_almost_do_02,audio/117_i_almost_do_02.mp3,lyrics/117_i_almost_do_02.txt,i,rock
117_i_almost_do_03,audio/117_i_almost_do_03.mp3,lyrics/117_i_almost_do_03.txt,i,rock
117_i_almost_do_04,audio/117_i_almost_do_04.mp3,lyrics/117_i_almost_do_04.txt,i,rock
117_i_almost_do_05,audio/117_i_almost_do_05.mp3,lyrics/117_i_almost_do_05.txt,i,rock
117_i_almost_do_06,audio/117_i_almost_do_06.mp3,lyrics/117_i_almost_do_06.txt,i,rock
117_i_almost_do_07,audio/117_i_almost_do_07.mp3,lyrics/117_i_almost_do_07.txt,i,rock
119_sparks_fly_00,audio/119_sparks_fly_00.mp3,lyrics/119_sparks_fly_00.txt,sparks,electronic
119_sparks_fly_01,audio/119_sparks_fly_01.mp3,lyrics/119_sparks_fly_01.txt,sparks,electronic
119_sparks_fly_02,audio/119_sparks_fly_02.mp3,lyrics/119_sparks_fly_02.txt,sparks,electronic
119_sparks_fly_03,audio/119_sparks_fly_03.mp3,lyrics/119_sparks_fly_03.txt,sparks,electronic
119_sparks_fly_04,audio/119_sparks_fly_04.mp3,lyrics/119_sparks_fly_04.txt,sparks,electronic
119_sparks_fly_05,audio/119_sparks_fly_05.mp3,lyrics/119_sparks_fly_05.txt,sparks,electronic
119_sparks_fly_06,audio/119_sparks_fly_06.mp3,lyrics/119_sparks_fly_06.txt,sparks,electronic
119_sparks_fly_07,audio/119_sparks_fly_07.mp3,lyrics/119_sparks_fly_07.txt,sparks,electronic
119_sparks_fly_08,audio/119_sparks_fly_08.mp3,lyrics/119_sparks_fly_08.txt,sparks,electronic
120_innocent_00,audio/120_innocent_00.mp3,lyrics/120_innocent_00.txt,innocent,pop
120_innocent_01,audio/120_innocent_01.mp3,lyrics/120_innocent_01.txt,innocent,pop
120_innocent_02,audio/120_innocent_02.mp3,lyrics/120_innocent_02.txt,innocent,pop
120_innocent_03,audio/120_innocent_03.mp3,lyrics/120_innocent_03.txt,innocent,pop
120_innocent_04,audio/120_innocent_04.mp3,lyrics/120_innocent_04.txt,innocent,pop
120_innocent_05,audio/120_innocent_05.mp3,lyrics/120_innocent_05.txt,innocent,pop
120_innocent_06,audio/120_innocent_06.mp3,lyrics/120_innocent_06.txt,innocent,pop
120_innocent_07,audio/120_innocent_07.mp3,lyrics/120_innocent_07.txt,innocent,pop
120_innocent_08,audio/120_innocent_08.mp3,lyrics/120_innocent_08.txt,innocent,pop
120_innocent_09,audio/120_innocent_09.mp3,lyrics/120_innocent_09.txt,innocent,pop
121_our_song_00,audio/121_our_song_00.mp3,lyrics/121_our_song_00.txt,our,electronic
121_our_song_01,audio/121_our_song_01.mp3,lyrics/121_our_song_01.txt,our,electronic
121_our_song_02,audio/121_our_song_02.mp3,lyrics/121_our_song_02.txt,our,electronic
121_our_song_03,audio/121_our_song_03.mp3,lyrics/121_our_song_03.txt,our,electronic
121_our_song_04,audio/121_our_song_04.mp3,lyrics/121_our_song_04.txt,our,electronic
121_our_song_05,audio/121_our_song_05.mp3,lyrics/121_our_song_05.txt,our,electronic
121_our_song_06,audio/121_our_song_06.mp3,lyrics/121_our_song_06.txt,our,electronic
123_the_story_of_us_00,audio/123_the_story_of_us_00.mp3,lyrics/123_the_story_of_us_00.txt,the,country
123_the_story_of_us_01,audio/123_the_story_of_us_01.mp3,lyrics/123_the_story_of_us_01.txt,the,country
123_the_story_of_us_02,audio/123_the_story_of_us_02.mp3,lyrics/123_the_story_of_us_02.txt,the,country
123_the_story_of_us_03,audio/123_the_story_of_us_03.mp3,lyrics/123_the_story_of_us_03.txt,the,country
123_the_story_of_us_04,audio/123_the_story_of_us_04.mp3,lyrics/123_the_story_of_us_04.txt,the,country
123_the_story_of_us_05,audio/123_the_story_of_us_05.mp3,lyrics/123_the_story_of_us_05.txt,the,country
123_the_story_of_us_06,audio/123_the_story_of_us_06.mp3,lyrics/123_the_story_of_us_06.txt,the,country
123_the_story_of_us_07,audio/123_the_story_of_us_07.mp3,lyrics/123_the_story_of_us_07.txt,the,country
123_the_story_of_us_08,audio/123_the_story_of_us_08.mp3,lyrics/123_the_story_of_us_08.txt,the,country
126_starlight_00,audio/126_starlight_00.mp3,lyrics/126_starlight_00.txt,starlight,folk
126_starlight_01,audio/126_starlight_01.mp3,lyrics/126_starlight_01.txt,starlight,folk
126_starlight_02,audio/126_starlight_02.mp3,lyrics/126_starlight_02.txt,starlight,folk
126_starlight_03,audio/126_starlight_03.mp3,lyrics/126_starlight_03.txt,starlight,folk
126_starlight_04,audio/126_starlight_04.mp3,lyrics/126_starlight_04.txt,starlight,folk
126_starlight_05,audio/126_starlight_05.mp3,lyrics/126_starlight_05.txt,starlight,folk
126_starlight_06,audio/126_starlight_06.mp3,lyrics/126_starlight_06.txt,starlight,folk
127_haunted_00,audio/127_haunted_00.mp3,lyrics/127_haunted_00.txt,haunted,rock
127_haunted_01,audio/127_haunted_01.mp3,lyrics/127_haunted_01.txt,haunted,rock
127_haunted_02,audio/127_haunted_02.mp3,lyrics/127_haunted_02.txt,haunted,rock
127_haunted_03,audio/127_haunted_03.mp3,lyrics/127_haunted_03.txt,haunted,rock
127_haunted_04,audio/127_haunted_04.mp3,lyrics/127_haunted_04.txt,haunted,rock
127_haunted_05,audio/127_haunted_05.mp3,lyrics/127_haunted_05.txt,haunted,rock
127_haunted_06,audio/127_haunted_06.mp3,lyrics/127_haunted_06.txt,haunted,rock
127_haunted_07,audio/127_haunted_07.mp3,lyrics/127_haunted_07.txt,haunted,rock
128_come_back_be_here_00,audio/128_come_back_be_here_00.mp3,lyrics/128_come_back_be_here_00.txt,come,pop
128_come_back_be_here_01,audio/128_come_back_be_here_01.mp3,lyrics/128_come_back_be_here_01.txt,come,pop
128_come_back_be_here_02,audio/128_come_back_be_here_02.mp3,lyrics/128_come_back_be_here_02.txt,come,pop
128_come_back_be_here_03,audio/128_come_back_be_here_03.mp3,lyrics/128_come_back_be_here_03.txt,come,pop
128_come_back_be_here_04,audio/128_come_back_be_here_04.mp3,lyrics/128_come_back_be_here_04.txt,come,pop
128_come_back_be_here_05,audio/128_come_back_be_here_05.mp3,lyrics/128_come_back_be_here_05.txt,come,pop
128_come_back_be_here_06,audio/128_come_back_be_here_06.mp3,lyrics/128_come_back_be_here_06.txt,come,pop
131_ours_00,audio/131_ours_00.mp3,lyrics/131_ours_00.txt,ours,rock
131_ours_01,audio/131_ours_01.mp3,lyrics/131_ours_01.txt,ours,rock
131_ours_02,audio/131_ours_02.mp3,lyrics/131_ours_02.txt,ours,rock
131_ours_03,audio/131_ours_03.mp3,lyrics/131_ours_03.txt,ours,rock
131_ours_04,audio/131_ours_04.mp3,lyrics/131_ours_04.txt,ours,rock
131_ours_05,audio/131_ours_05.mp3,lyrics/131_ours_05.txt,ours,rock
131_ours_06,audio/131_ours_06.mp3,lyrics/131_ours_06.txt,ours,rock
131_ours_07,audio/131_ours_07.mp3,lyrics/131_ours_07.txt,ours,rock
132_tim_mcgraw_00,audio/132_tim_mcgraw_00.mp3,lyrics/132_tim_mcgraw_00.txt,tim,rock
132_tim_mcgraw_01,audio/132_tim_mcgraw_01.mp3,lyrics/132_tim_mcgraw_01.txt,tim,rock
132_tim_mcgraw_02,audio/132_tim_mcgraw_02.mp3,lyrics/132_tim_mcgraw_02.txt,tim,rock
132_tim_mcgraw_03,audio/132_tim_mcgraw_03.mp3,lyrics/132_tim_mcgraw_03.txt,tim,rock
132_tim_mcgraw_04,audio/132_tim_mcgraw_04.mp3,lyrics/132_tim_mcgraw_04.txt,tim,rock
132_tim_mcgraw_05,audio/132_tim_mcgraw_05.mp3,lyrics/132_tim_mcgraw_05.txt,tim,rock
132_tim_mcgraw_06,audio/132_tim_mcgraw_06.mp3,lyrics/132_tim_mcgraw_06.txt,tim,rock
132_tim_mcgraw_07,audio/132_tim_mcgraw_07.mp3,lyrics/132_tim_mcgraw_07.txt,tim,rock
133_stay_stay_stay_00,audio/133_stay_stay_stay_00.mp3,lyrics/133_stay_stay_stay_00.txt,stay,electronic
133_stay_stay_stay_01,audio/133_stay_stay_stay_01.mp3,lyrics/133_stay_stay_stay_01.txt,stay,electronic
133_stay_stay_stay_02,audio/133_stay_stay_stay_02.mp3,lyrics/133_stay_stay_stay_02.txt,stay,electronic
133_stay_stay_stay_03,audio/133_stay_stay_stay_03.mp3,lyrics/133_stay_stay_stay_03.txt,stay,electronic
133_stay_stay_stay_04,audio/133_stay_stay_stay_04.mp3,lyrics/133_stay_stay_stay_04.txt,stay,electronic
133_stay_stay_stay_05,audio/133_stay_stay_stay_05.mp3,lyrics/133_stay_stay_stay_05.txt,stay,electronic
133_stay_stay_stay_06,audio/133_stay_stay_stay_06.mp3,lyrics/133_stay_stay_stay_06.txt,stay,electronic
136_never_grow_up_00,audio/136_never_grow_up_00.mp3,lyrics/136_never_grow_up_00.txt,never,pop
136_never_grow_up_01,audio/136_never_grow_up_01.mp3,lyrics/136_never_grow_up_01.txt,never,pop
136_never_grow_up_02,audio/136_never_grow_up_02.mp3,lyrics/136_never_grow_up_02.txt,never,pop
136_never_grow_up_03,audio/136_never_grow_up_03.mp3,lyrics/136_never_grow_up_03.txt,never,pop
136_never_grow_up_04,audio/136_never_grow_up_04.mp3,lyrics/136_never_grow_up_04.txt,never,pop
136_never_grow_up_05,audio/136_never_grow_up_05.mp3,lyrics/136_never_grow_up_05.txt,never,pop
136_never_grow_up_06,audio/136_never_grow_up_06.mp3,lyrics/136_never_grow_up_06.txt,never,pop
136_never_grow_up_07,audio/136_never_grow_up_07.mp3,lyrics/136_never_grow_up_07.txt,never,pop
136_never_grow_up_08,audio/136_never_grow_up_08.mp3,lyrics/136_never_grow_up_08.txt,never,pop
136_never_grow_up_09,audio/136_never_grow_up_09.mp3,lyrics/136_never_grow_up_09.txt,never,pop
147_girl_at_home_00,audio/147_girl_at_home_00.mp3,lyrics/147_girl_at_home_00.txt,girl,electronic
147_girl_at_home_01,audio/147_girl_at_home_01.mp3,lyrics/147_girl_at_home_01.txt,girl,electronic
147_girl_at_home_02,audio/147_girl_at_home_02.mp3,lyrics/147_girl_at_home_02.txt,girl,electronic
147_girl_at_home_03,audio/147_girl_at_home_03.mp3,lyrics/147_girl_at_home_03.txt,girl,electronic
147_girl_at_home_04,audio/147_girl_at_home_04.mp3,lyrics/147_girl_at_home_04.txt,girl,electronic
147_girl_at_home_05,audio/147_girl_at_home_05.mp3,lyrics/147_girl_at_home_05.txt,girl,electronic
147_girl_at_home_06,audio/147_girl_at_home_06.mp3,lyrics/147_girl_at_home_06.txt,girl,electronic
148_cold_as_you_00,audio/148_cold_as_you_00.mp3,lyrics/148_cold_as_you_00.txt,cold,electronic
148_cold_as_you_01,audio/148_cold_as_you_01.mp3,lyrics/148_cold_as_you_01.txt,cold,electronic
148_cold_as_you_02,audio/148_cold_as_you_02.mp3,lyrics/148_cold_as_you_02.txt,cold,electronic
148_cold_as_you_03,audio/148_cold_as_you_03.mp3,lyrics/148_cold_as_you_03.txt,cold,electronic
148_cold_as_you_04,audio/148_cold_as_you_04.mp3,lyrics/148_cold_as_you_04.txt,cold,electronic
148_cold_as_you_05,audio/148_cold_as_you_05.mp3,lyrics/148_cold_as_you_05.txt,cold,electronic
148_cold_as_you_06,audio/148_cold_as_you_06.mp3,lyrics/148_cold_as_you_06.txt,cold,electronic
148_cold_as_you_07,audio/148_cold_as_you_07.mp3,lyrics/148_cold_as_you_07.txt,cold,electronic
151_tied_together_with_a_smile_00,audio/151_tied_together_with_a_smile_00.mp3,lyrics/151_tied_together_with_a_smile_00.txt,tied,hip_hop
151_tied_together_with_a_smile_01,audio/151_tied_together_with_a_smile_01.mp3,lyrics/151_tied_together_with_a_smile_01.txt,tied,hip_hop
151_tied_together_with_a_smile_02,audio/151_tied_together_with_a_smile_02.mp3,lyrics/151_tied_together_with_a_smile_02.txt,tied,hip_hop
151_tied_together_with_a_smile_03,audio/151_tied_together_with_a_smile_03.mp3,lyrics/151_tied_together_with_a_smile_03.txt,tied,hip_hop
151_tied_together_with_a_smile_04,audio/151_tied_together_with_a_smile_04.mp3,lyrics/151_tied_together_with_a_smile_04.txt,tied,hip_hop
151_tied_together_with_a_smile_05,audio/151_tied_together_with_a_smile_05.mp3,lyrics/151_tied_together_with_a_smile_05.txt,tied,hip_hop
151_tied_together_with_a_smile_06,audio/151_tied_together_with_a_smile_06.mp3,lyrics/151_tied_together_with_a_smile_06.txt,tied,hip_hop
151_tied_together_with_a_smile_07,audio/151_tied_together_with_a_smile_07.mp3,lyrics/151_tied_together_with_a_smile_07.txt,tied,hip_hop
152_ronan_00,audio/152_ronan_00.mp3,lyrics/152_ronan_00.txt,ronan,pop
152_ronan_01,audio/152_ronan_01.mp3,lyrics/152_ronan_01.txt,ronan,pop
152_ronan_02,audio/152_ronan_02.mp3,lyrics/152_ronan_02.txt,ronan,pop
152_ronan_03,audio/152_ronan_03.mp3,lyrics/152_ronan_03.txt,ronan,pop
152_ronan_04,audio/152_ronan_04.mp3,lyrics/152_ronan_04.txt,ronan,pop
152_ronan_05,audio/152_ronan_05.mp3,lyrics/152_ronan_05.txt,ronan,pop
152_ronan_06,audio/152_ronan_06.mp3,lyrics/152_ronan_06.txt,ronan,pop
152_ronan_07,audio/152_ronan_07.mp3,lyrics/152_ronan_07.txt,ronan,pop
152_ronan_08,audio/152_ronan_08.mp3,lyrics/152_ronan_08.txt,ronan,pop
153_marys_song_oh_my_my_my_00,audio/153_marys_song_oh_my_my_my_00.mp3,lyrics/153_marys_song_oh_my_my_my_00.txt,marys,hip_hop
153_marys_song_oh_my_my_my_01,audio/153_marys_song_oh_my_my_my_01.mp3,lyrics/153_marys_song_oh_my_my_my_01.txt,marys,hip_hop
153_marys_song_oh_my_my_my_02,audio/153_marys_song_oh_my_my_my_02.mp3,lyrics/153_marys_song_oh_my_my_my_02.txt,marys,hip_hop
153_marys_song_oh_my_my_my_03,audio/153_marys_song_oh_my_my_my_03.mp3,lyrics/153_marys_song_oh_my_my_my_03.txt,marys,hip_hop
153_marys_song_oh_my_my_my_04,audio/153_marys_song_oh_my_my_my_04.mp3,lyrics/153_marys_song_oh_my_my_my_04.txt,marys,hip_hop
153_marys_song_oh_my_my_my_05,audio/153_marys_song_oh_my_my_my_05.mp3,lyrics/153_marys_song_oh_my_my_my_05.txt,marys,hip_hop
153_marys_song_oh_my_my_my_06,audio/153_marys_song_oh_my_my_my_06.mp3,lyrics/153_marys_song_oh_my_my_my_06.txt,marys,hip_hop
158_superman_00,audio/158_superman_00.mp3,lyrics/158_superman_00.txt,superman,jazz
158_superman_01,audio/158_superman_01.mp3,lyrics/158_superman_01.txt,superman,jazz
158_superman_02,audio/158_superman_02.mp3,lyrics/158_superman_02.txt,superman,jazz
158_superman_03,audio/158_superman_03.mp3,lyrics/158_superman_03.txt,superman,jazz
158_superman_04,audio/158_superman_04.mp3,lyrics/158_superman_04.txt,superman,jazz
158_superman_05,audio/158_superman_05.mp3,lyrics/158_superman_05.txt,superman,jazz
158_superman_06,audio/158_superman_06.mp3,lyrics/158_superman_06.txt,superman,jazz
158_superman_07,audio/158_superman_07.mp3,lyrics/158_superman_07.txt,superman,jazz
158_superman_08,audio/158_superman_08.mp3,lyrics/158_superman_08.txt,superman,jazz
161_im_only_me_when_im_with_you_00,audio/161_im_only_me_when_im_with_you_00.mp3,lyrics/161_im_only_me_when_im_with_you_00.txt,im,pop
161_im_only_me_when_im_with_you_01,audio/161_im_only_me_when_im_with_you_01.mp3,lyrics/161_im_only_me_when_im_with_you_01.txt,im,pop
161_im_only_me_when_im_with_you_02,audio/161_im_only_me_when_im_with_you_02.mp3,lyrics/161_im_only_me_when_im_with_you_02.txt,im,pop
161_im_only_me_when_im_with_you_03,audio/161_im_only_me_when_im_with_you_03.mp3,lyrics/161_im_only_me_when_im_with_you_03.txt,im,pop
161_im_only_me_when_im_with_you_04,audio/161_im_only_me_when_im_with_you_04.mp3,lyrics/161_im_only_me_when_im_with_you_04.txt,im,pop
161_im_only_me_when_im_with_you_05,audio/161_im_only_me_when_im_with_you_05.mp3,lyrics/161_im_only_me_when_im_with_you_05.txt,im,pop
161_im_only_me_when_im_with_you_06,audio/161_im_only_me_when_im_with_you_06.mp3,lyrics/161_im_only_me_when_im_with_you_06.txt,im,pop
162_stay_beautiful_00,audio/162_stay_beautiful_00.mp3,lyrics/162_stay_beautiful_00.txt,stay,electronic
162_stay_beautiful_01,audio/162_stay_beautiful_01.mp3,lyrics/162_stay_beautiful_01.txt,stay,electronic
162_stay_beautiful_02,audio/162_stay_beautiful_02.mp3,lyrics/162_stay_beautiful_02.txt,stay,electronic
162_stay_beautiful_03,audio/162_stay_beautiful_03.mp3,lyrics/162_stay_beautiful_03.txt,stay,electronic
162_stay_beautiful_04,audio/162_stay_beautiful_04.mp3,lyrics/162_stay_beautiful_04.txt,stay,electronic
162_stay_beautiful_05,audio/162_stay_beautiful_05.mp3,lyrics/162_stay_beautiful_05.txt,stay,electronic
162_stay_beautiful_06,audio/162_stay_beautiful_06.mp3,lyrics/162_stay_beautiful_06.txt,stay,electronic
162_stay_beautiful_07,audio/162_stay_beautiful_07.mp3,lyrics/162_stay_beautiful_07.txt,stay,electronic
165_the_outside_00,audio/165_the_outside_00.mp3,lyrics/165_the_outside_00.txt,the,country
165_the_outside_01,audio/165_the_outside_01.mp3,lyrics/165_the_outside_01.txt,the,country
165_the_outside_02,audio/165_the_outside_02.mp3,lyrics/165_the_outside_02.txt,the,country
165_the_outside_03,audio/165_the_outside_03.mp3,lyrics/165_the_outside_03.txt,the,country
165_the_outside_04,audio/165_the_outside_04.mp3,lyrics/165_the_outside_04.txt,the,country
165_the_outside_05,audio/165_the_outside_05.mp3,lyrics/165_the_outside_05.txt,the,country
165_the_outside_06,audio/165_the_outside_06.mp3,lyrics/165_the_outside_06.txt,the,country
166_invisible_00,audio/166_invisible_00.mp3,lyrics/166_invisible_00.txt,invisible,pop
166_invisible_01,audio/166_invisible_01.mp3,lyrics/166_invisible_01.txt,invisible,pop
166_invisible_02,audio/166_invisible_02.mp3,lyrics/166_invisible_02.txt,invisible,pop
166_invisible_03,audio/166_invisible_03.mp3,lyrics/166_invisible_03.txt,invisible,pop
166_invisible_04,audio/166_invisible_04.mp3,lyrics/166_invisible_04.txt,invisible,pop
166_invisible_05,audio/166_invisible_05.mp3,lyrics/166_invisible_05.txt,invisible,pop
166_invisible_06,audio/166_invisible_06.mp3,lyrics/166_invisible_06.txt,invisible,pop
169_a_place_in_this_world_00,audio/169_a_place_in_this_world_00.mp3,lyrics/169_a_place_in_this_world_00.txt,a,electronic
169_a_place_in_this_world_01,audio/169_a_place_in_this_world_01.mp3,lyrics/169_a_place_in_this_world_01.txt,a,electronic
169_a_place_in_this_world_02,audio/169_a_place_in_this_world_02.mp3,lyrics/169_a_place_in_this_world_02.txt,a,electronic
169_a_place_in_this_world_03,audio/169_a_place_in_this_world_03.mp3,lyrics/169_a_place_in_this_world_03.txt,a,electronic
169_a_place_in_this_world_04,audio/169_a_place_in_this_world_04.mp3,lyrics/169_a_place_in_this_world_04.txt,a,electronic
169_a_place_in_this_world_05,audio/169_a_place_in_this_world_05.mp3,lyrics/169_a_place_in_this_world_05.txt,a,electronic
176_a_perfectly_good_heart_00,audio/176_a_perfectly_good_heart_00.mp3,lyrics/176_a_perfectly_good_heart_00.txt,a,electronic
176_a_perfectly_good_heart_01,audio/176_a_perfectly_good_heart_01.mp3,lyrics/176_a_perfectly_good_heart_01.txt,a,electronic
176_a_perfectly_good_heart_02,audio/176_a_perfectly_good_heart_02.mp3,lyrics/176_a_perfectly_good_heart_02.txt,a,electronic
176_a_perfectly_good_heart_03,audio/176_a_perfectly_good_heart_03.mp3,lyrics/176_a_perfectly_good_heart_03.txt,a,electronic
176_a_perfectly_good_heart_04,audio/176_a_perfectly_good_heart_04.mp3,lyrics/176_a_perfectly_good_heart_04.txt,a,electronic
176_a_perfectly_good_heart_05,audio/176_a_perfectly_good_heart_05.mp3,lyrics/176_a_perfectly_good_heart_05.txt,a,electronic
176_a_perfectly_good_heart_06,audio/176_a_perfectly_good_heart_06.mp3,lyrics/176_a_perfectly_good_heart_06.txt,a,electronic
177_last_christmas_00,audio/177_last_christmas_00.mp3,lyrics/177_last_christmas_00.txt,last,pop
177_last_christmas_01,audio/177_last_christmas_01.mp3,lyrics/177_last_christmas_01.txt,last,pop
177_last_christmas_02,audio/177_last_christmas_02.mp3,lyrics/177_last_christmas_02.txt,last,pop
177_last_christmas_03,audio/177_last_christmas_03.mp3,lyrics/177_last_christmas_03.txt,last,pop
177_last_christmas_04,audio/177_last_christmas_04.mp3,lyrics/177_last_christmas_04.txt,last,pop
177_last_christmas_05,audio/177_last_christmas_05.mp3,lyrics/177_last_christmas_05.txt,last,pop
177_last_christmas_06,audio/177_last_christmas_06.mp3,lyrics/177_last_christmas_06.txt,last,pop
199_santa_baby_00,audio/199_santa_baby_00.mp3,lyrics/199_santa_baby_00.txt,santa,pop
199_santa_baby_01,audio/199_santa_baby_01.mp3,lyrics/199_santa_baby_01.txt,santa,pop
199_santa_baby_02,audio/199_santa_baby_02.mp3,lyrics/199_santa_baby_02.txt,santa,pop
199_santa_baby_03,audio/199_santa_baby_03.mp3,lyrics/199_santa_baby_03.txt,santa,pop
199_santa_baby_04,audio/199_santa_baby_04.mp3,lyrics/199_santa_baby_04.txt,santa,pop
205_i_did_something_bad_reputation_tour_remix_00,audio/205_i_did_something_bad_reputation_tour_remix_00.mp3,lyrics/205_i_did_something_bad_reputation_tour_remix_00.txt,i,rock
205_i_did_something_bad_reputation_tour_remix_01,audio/205_i_did_something_bad_reputation_tour_remix_01.mp3,lyrics/205_i_did_something_bad_reputation_tour_remix_01.txt,i,rock
205_i_did_something_bad_reputation_tour_remix_02,audio/205_i_did_something_bad_reputation_tour_remix_02.mp3,lyrics/205_i_did_something_bad_reputation_tour_remix_02.txt,i,rock
205_i_did_something_bad_reputation_tour_remix_03,audio/205_i_did_something_bad_reputation_tour_remix_03.mp3,lyrics/205_i_did_something_bad_reputation_tour_remix_03.txt,i,rock
205_i_did_something_bad_reputation_tour_remix_04,audio/205_i_did_something_bad_reputation_tour_remix_04.mp3,lyrics/205_i_did_something_bad_reputation_tour_remix_04.txt,i,rock
205_i_did_something_bad_reputation_tour_remix_05,audio/205_i_did_something_bad_reputation_tour_remix_05.mp3,lyrics/205_i_did_something_bad_reputation_tour_remix_05.txt,i,rock
205_i_did_something_bad_reputation_tour_remix_06,audio/205_i_did_something_bad_reputation_tour_remix_06.mp3,lyrics/205_i_did_something_bad_reputation_tour_remix_06.txt,i,rock
205_i_did_something_bad_reputation_tour_remix_07,audio/205_i_did_something_bad_reputation_tour_remix_07.mp3,lyrics/205_i_did_something_bad_reputation_tour_remix_07.txt,i,rock
211_teardrops_on_my_guitar_pop_version_00,audio/211_teardrops_on_my_guitar_pop_version_00.mp3,lyrics/211_teardrops_on_my_guitar_pop_version_00.txt,teardrops,rock
211_teardrops_on_my_guitar_pop_version_01,audio/211_teardrops_on_my_guitar_pop_version_01.mp3,lyrics/211_teardrops_on_my_guitar_pop_version_01.txt,teardrops,rock
211_teardrops_on_my_guitar_pop_version_02,audio/211_teardrops_on_my_guitar_pop_version_02.mp3,lyrics/211_teardrops_on_my_guitar_pop_version_02.txt,teardrops,rock
211_teardrops_on_my_guitar_pop_version_03,audio/211_teardrops_on_my_guitar_pop_version_03.mp3,lyrics/211_teardrops_on_my_guitar_pop_version_03.txt,teardrops,rock
211_teardrops_on_my_guitar_pop_version_04,audio/211_teardrops_on_my_guitar_pop_version_04.mp3,lyrics/211_teardrops_on_my_guitar_pop_version_04.txt,teardrops,rock
211_teardrops_on_my_guitar_pop_version_05,audio/211_teardrops_on_my_guitar_pop_version_05.mp3,lyrics/211_teardrops_on_my_guitar_pop_version_05.txt,teardrops,rock
217_state_of_grace_acoustic_version_00,audio/217_state_of_grace_acoustic_version_00.mp3,lyrics/217_state_of_grace_acoustic_version_00.txt,state,folk
217_state_of_grace_acoustic_version_01,audio/217_state_of_grace_acoustic_version_01.mp3,lyrics/217_state_of_grace_acoustic_version_01.txt,state,folk
217_state_of_grace_acoustic_version_02,audio/217_state_of_grace_acoustic_version_02.mp3,lyrics/217_state_of_grace_acoustic_version_02.txt,state,folk
217_state_of_grace_acoustic_version_03,audio/217_state_of_grace_acoustic_version_03.mp3,lyrics/217_state_of_grace_acoustic_version_03.txt,state,folk
217_state_of_grace_acoustic_version_04,audio/217_state_of_grace_acoustic_version_04.mp3,lyrics/217_state_of_grace_acoustic_version_04.txt,state,folk
217_state_of_grace_acoustic_version_05,audio/217_state_of_grace_acoustic_version_05.mp3,lyrics/217_state_of_grace_acoustic_version_05.txt,state,folk
217_state_of_grace_acoustic_version_06,audio/217_state_of_grace_acoustic_version_06.mp3,lyrics/217_state_of_grace_acoustic_version_06.txt,state,folk
217_state_of_grace_acoustic_version_07,audio/217_state_of_grace_acoustic_version_07.mp3,lyrics/217_state_of_grace_acoustic_version_07.txt,state,folk
217_state_of_grace_acoustic_version_08,audio/217_state_of_grace_acoustic_version_08.mp3,lyrics/217_state_of_grace_acoustic_version_08.txt,state,folk
217_state_of_grace_acoustic_version_09,audio/217_state_of_grace_acoustic_version_09.mp3,lyrics/217_state_of_grace_acoustic_version_09.txt,state,folk
217_state_of_grace_acoustic_version_10,audio/217_state_of_grace_acoustic_version_10.mp3,lyrics/217_state_of_grace_acoustic_version_10.txt,state,folk
221_white_christmas_00,audio/221_white_christmas_00.mp3,lyrics/221_white_christmas_00.txt,white,country
221_white_christmas_01,audio/221_white_christmas_01.mp3,lyrics/221_white_christmas_01.txt,white,country
221_white_christmas_02,audio/221_white_christmas_02.mp3,lyrics/221_white_christmas_02.txt,white,country
221_white_christmas_03,audio/221_white_christmas_03.mp3,lyrics/221_white_christmas_03.txt,white,country
221_white_christmas_04,audio/221_white_christmas_04.mp3,lyrics/221_white_christmas_04.txt,white,country
230_christmases_when_you_were_mine_00,audio/230_christmases_when_you_were_mine_00.mp3,lyrics/230_christmases_when_you_were_mine_00.txt,christmases,rock
230_christmases_when_you_were_mine_01,audio/230_christmases_when_you_were_mine_01.mp3,lyrics/230_christmases_when_you_were_mine_01.txt,christmases,rock
230_christmases_when_you_were_mine_02,audio/230_christmases_when_you_were_mine_02.mp3,lyrics/230_christmases_when_you_were_mine_02.txt,christmases,rock
230_christmases_when_you_were_mine_03,audio/230_christmases_when_you_were_mine_03.mp3,lyrics/230_christmases_when_you_were_mine_03.txt,christmases,rock
230_christmases_when_you_were_mine_04,audio/230_christmases_when_you_were_mine_04.mp3,lyrics/230_christmases_when_you_were_mine_04.txt,christmases,rock
230_christmases_when_you_were_mine_05,audio/230_christmases_when_you_were_mine_05.mp3,lyrics/230_christmases_when_you_were_mine_05.txt,christmases,rock
238_christmas_must_be_something_more_00,audio/238_christmas_must_be_something_more_00.mp3,lyrics/238_christmas_must_be_something_more_00.txt,christmas,hip_hop
238_christmas_must_be_something_more_01,audio/238_christmas_must_be_something_more_01.mp3,lyrics/238_christmas_must_be_something_more_01.txt,christmas,hip_hop
238_christmas_must_be_something_more_02,audio/238_christmas_must_be_something_more_02.mp3,lyrics/238_christmas_must_be_something_more_02.txt,christmas,hip_hop
238_christmas_must_be_something_more_03,audio/238_christmas_must_be_something_more_03.mp3,lyrics/238_christmas_must_be_something_more_03.txt,christmas,hip_hop
238_christmas_must_be_something_more_04,audio/238_christmas_must_be_something_more_04.mp3,lyrics/238_christmas_must_be_something_more_04.txt,christmas,hip_hop
238_christmas_must_be_something_more_05,audio/238_christmas_must_be_something_more_05.mp3,lyrics/238_christmas_must_be_something_more_05.txt,christmas,hip_hop
238_christmas_must_be_something_more_06,audio/238_christmas_must_be_something_more_06.mp3,lyrics/238_christmas_must_be_something_more_06.txt,christmas,hip_hop
238_christmas_must_be_something_more_07,audio/238_christmas_must_be_something_more_07.mp3,lyrics/238_christmas_must_be_something_more_07.txt,christmas,hip_hop
247_cardigan_cabin_in_candlelight_version_00,audio/247_cardigan_cabin_in_candlelight_version_00.mp3,lyrics/247_cardigan_cabin_in_candlelight_version_00.txt,cardigan,pop
247_cardigan_cabin_in_candlelight_version_01,audio/247_cardigan_cabin_in_candlelight_version_01.mp3,lyrics/247_cardigan_cabin_in_candlelight_version_01.txt,cardigan,pop
247_cardigan_cabin_in_candlelight_version_02,audio/247_cardigan_cabin_in_candlelight_version_02.mp3,lyrics/247_cardigan_cabin_in_candlelight_version_02.txt,cardigan,pop
247_cardigan_cabin_in_candlelight_version_03,audio/247_cardigan_cabin_in_candlelight_version_03.mp3,lyrics/247_cardigan_cabin_in_candlelight_version_03.txt,cardigan,pop
247_cardigan_cabin_in_candlelight_version_04,audio/247_cardigan_cabin_in_candlelight_version_04.mp3,lyrics/247_cardigan_cabin_in_candlelight_version_04.txt,cardigan,pop
247_cardigan_cabin_in_candlelight_version_05,audio/247_cardigan_cabin_in_candlelight_version_05.mp3,lyrics/247_cardigan_cabin_in_candlelight_version_05.txt,cardigan,pop
247_cardigan_cabin_in_candlelight_version_06,audio/247_cardigan_cabin_in_candlelight_version_06.mp3,lyrics/247_cardigan_cabin_in_candlelight_version_06.txt,cardigan,pop
247_cardigan_cabin_in_candlelight_version_07,audio/247_cardigan_cabin_in_candlelight_version_07.mp3,lyrics/247_cardigan_cabin_in_candlelight_version_07.txt,cardigan,pop
307_end_game_solo_version_00,audio/307_end_game_solo_version_00.mp3,lyrics/307_end_game_solo_version_00.txt,end,rock
307_end_game_solo_version_01,audio/307_end_game_solo_version_01.mp3,lyrics/307_end_game_solo_version_01.txt,end,rock
307_end_game_solo_version_02,audio/307_end_game_solo_version_02.mp3,lyrics/307_end_game_solo_version_02.txt,end,rock
307_end_game_solo_version_03,audio/307_end_game_solo_version_03.mp3,lyrics/307_end_game_solo_version_03.txt,end,rock
307_end_game_solo_version_04,audio/307_end_game_solo_version_04.mp3,lyrics/307_end_game_solo_version_04.txt,end,rock
307_end_game_solo_version_05,audio/307_end_game_solo_version_05.mp3,lyrics/307_end_game_solo_version_05.txt,end,rock
307_end_game_solo_version_06,audio/307_end_game_solo_version_06.mp3,lyrics/307_end_game_solo_version_06.txt,end,rock
307_end_game_solo_version_07,audio/307_end_game_solo_version_07.mp3,lyrics/307_end_game_solo_version_07.txt,end,rock
318_nothin_new_00,audio/318_nothin_new_00.mp3,lyrics/318_nothin_new_00.txt,nothin,hip_hop
318_nothin_new_01,audio/318_nothin_new_01.mp3,lyrics/318_nothin_new_01.txt,nothin,hip_hop
318_nothin_new_02,audio/318_nothin_new_02.mp3,lyrics/318_nothin_new_02.txt,nothin,hip_hop
318_nothin_new_03,audio/318_nothin_new_03.mp3,lyrics/318_nothin_new_03.txt,nothin,hip_hop
318_nothin_new_04,audio/318_nothin_new_04.mp3,lyrics/318_nothin_new_04.txt,nothin,hip_hop
318_nothin_new_05,audio/318_nothin_new_05.mp3,lyrics/318_nothin_new_05.txt,nothin,hip_hop
318_nothin_new_06,audio/318_nothin_new_06.mp3,lyrics/318_nothin_new_06.txt,nothin,hip_hop
318_nothin_new_07,audio/318_nothin_new_07.mp3,lyrics/318_nothin_new_07.txt,nothin,hip_hop
326_her_00,audio/326_her_00.mp3,lyrics/326_her_00.txt,her,pop
326_her_01,audio/326_her_01.mp3,lyrics/326_her_01.txt,her,pop
326_her_02,audio/326_her_02.mp3,lyrics/326_her_02.txt,her,pop
326_her_03,audio/326_her_03.mp3,lyrics/326_her_03.txt,her,pop
326_her_04,audio/326_her_04.mp3,lyrics/326_her_04.txt,her,pop
326_her_05,audio/326_her_05.mp3,lyrics/326_her_05.txt,her,pop
326_her_06,audio/326_her_06.mp3,lyrics/326_her_06.txt,her,pop
326_her_07,audio/326_her_07.mp3,lyrics/326_her_07.txt,her,pop
326_her_08,audio/326_her_08.mp3,lyrics/326_her_08.txt,her,pop
326_her_09,audio/326_her_09.mp3,lyrics/326_her_09.txt,her,pop
326_her_10,audio/326_her_10.mp3,lyrics/326_her_10.txt,her,pop
346_my_tears_ricochet_the_long_pond_studio_sessions_00,audio/346_my_tears_ricochet_the_long_pond_studio_sessions_00.mp3,lyrics/346_my_tears_ricochet_the_long_pond_studio_sessions_00.txt,my,pop
346_my_tears_ricochet_the_long_pond_studio_sessions_01,audio/346_my_tears_ricochet_the_long_pond_studio_sessions_01.mp3,lyrics/346_my_tears_ricochet_the_long_pond_studio_sessions_01.txt,my,pop
346_my_tears_ricochet_the_long_pond_studio_sessions_02,audio/346_my_tears_ricochet_the_long_pond_studio_sessions_02.mp3,lyrics/346_my_tears_ricochet_the_long_pond_studio_sessions_02.txt,my,pop
346_my_tears_ricochet_the_long_pond_studio_sessions_03,audio/346_my_tears_ricochet_the_long_pond_studio_sessions_03.mp3,lyrics/346_my_tears_ricochet_the_long_pond_studio_sessions_03.txt,my,pop
346_my_tears_ricochet_the_long_pond_studio_sessions_04,audio/346_my_tears_ricochet_the_long_pond_studio_sessions_04.mp3,lyrics/346_my_tears_ricochet_the_long_pond_studio_sessions_04.txt,my,pop
346_my_tears_ricochet_the_long_pond_studio_sessions_05,audio/346_my_tears_ricochet_the_long_pond_studio_sessions_05.mp3,lyrics/346_my_tears_ricochet_the_long_pond_studio_sessions_05.txt,my,pop
346_my_tears_ricochet_the_long_pond_studio_sessions_06,audio/346_my_tears_ricochet_the_long_pond_studio_sessions_06.mp3,lyrics/346_my_tears_ricochet_the_long_pond_studio_sessions_06.txt,my,pop
346_my_tears_ricochet_the_long_pond_studio_sessions_07,audio/346_my_tears_ricochet_the_long_pond_studio_sessions_07.mp3,lyrics/346_my_tears_ricochet_the_long_pond_studio_sessions_07.txt,my,pop
370_exile_the_long_pond_studio_sessions_00,audio/370_exile_the_long_pond_studio_sessions_00.mp3,lyrics/370_exile_the_long_pond_studio_sessions_00.txt,exile,R&B
370_exile_the_long_pond_studio_sessions_01,audio/370_exile_the_long_pond_studio_sessions_01.mp3,lyrics/370_exile_the_long_pond_studio_sessions_01.txt,exile,R&B
370_exile_the_long_pond_studio_sessions_02,audio/370_exile_the_long_pond_studio_sessions_02.mp3,lyrics/370_exile_the_long_pond_studio_sessions_02.txt,exile,R&B
370_exile_the_long_pond_studio_sessions_03,audio/370_exile_the_long_pond_studio_sessions_03.mp3,lyrics/370_exile_the_long_pond_studio_sessions_03.txt,exile,R&B
370_exile_the_long_pond_studio_sessions_04,audio/370_exile_the_long_pond_studio_sessions_04.mp3,lyrics/370_exile_the_long_pond_studio_sessions_04.txt,exile,R&B
370_exile_the_long_pond_studio_sessions_05,audio/370_exile_the_long_pond_studio_sessions_05.mp3,lyrics/370_exile_the_long_pond_studio_sessions_05.txt,exile,R&B
370_exile_the_long_pond_studio_sessions_06,audio/370_exile_the_long_pond_studio_sessions_06.mp3,lyrics/370_exile_the_long_pond_studio_sessions_06.txt,exile,R&B
370_exile_the_long_pond_studio_sessions_07,audio/370_exile_the_long_pond_studio_sessions_07.mp3,lyrics/370_exile_the_long_pond_studio_sessions_07.txt,exile,R&B
370_exile_the_long_pond_studio_sessions_08,audio/370_exile_the_long_pond_studio_sessions_08.mp3,lyrics/370_exile_the_long_pond_studio_sessions_08.txt,exile,R&B
387_the_1_the_long_pond_studio_sessions_00,audio/387_the_1_the_long_pond_studio_sessions_00.mp3,lyrics/387_the_1_the_long_pond_studio_sessions_00.txt,the,country
387_the_1_the_long_pond_studio_sessions_01,audio/387_the_1_the_long_pond_studio_sessions_01.mp3,lyrics/387_the_1_the_long_pond_studio_sessions_01.txt,the,country
387_the_1_the_long_pond_studio_sessions_02,audio/387_the_1_the_long_pond_studio_sessions_02.mp3,lyrics/387_the_1_the_long_pond_studio_sessions_02.txt,the,country
387_the_1_the_long_pond_studio_sessions_03,audio/387_the_1_the_long_pond_studio_sessions_03.mp3,lyrics/387_the_1_the_long_pond_studio_sessions_03.txt,the,country
387_the_1_the_long_pond_studio_sessions_04,audio/387_the_1_the_long_pond_studio_sessions_04.mp3,lyrics/387_the_1_the_long_pond_studio_sessions_04.txt,the,country
387_the_1_the_long_pond_studio_sessions_05,audio/387_the_1_the_long_pond_studio_sessions_05.mp3,lyrics/387_the_1_the_long_pond_studio_sessions_05.txt,the,country
387_the_1_the_long_pond_studio_sessions_06,audio/387_the_1_the_long_pond_studio_sessions_06.mp3,lyrics/387_the_1_the_long_pond_studio_sessions_06.txt,the,country
407_soon_youll_get_better_one_world_together_at_home_00,audio/407_soon_youll_get_better_one_world_together_at_home_00.mp3,lyrics/407_soon_youll_get_better_one_world_together_at_home_00.txt,soon,hip_hop
407_soon_youll_get_better_one_world_together_at_home_01,audio/407_soon_youll_get_better_one_world_together_at_home_01.mp3,lyrics/407_soon_youll_get_better_one_world_together_at_home_01.txt,soon,hip_hop
407_soon_youll_get_better_one_world_together_at_home_02,audio/407_soon_youll_get_better_one_world_together_at_home_02.mp3,lyrics/407_soon_youll_get_better_one_world_together_at_home_02.txt,soon,hip_hop
407_soon_youll_get_better_one_world_together_at_home_03,audio/407_soon_youll_get_better_one_world_together_at_home_03.mp3,lyrics/407_soon_youll_get_better_one_world_together_at_home_03.txt,soon,hip_hop
407_soon_youll_get_better_one_world_together_at_home_04,audio/407_soon_youll_get_better_one_world_together_at_home_04.mp3,lyrics/407_soon_youll_get_better_one_world_together_at_home_04.txt,soon,hip_hop
407_soon_youll_get_better_one_world_together_at_home_05,audio/407_soon_youll_get_better_one_world_together_at_home_05.mp3,lyrics/407_soon_youll_get_better_one_world_together_at_home_05.txt,soon,hip_hop
407_soon_youll_get_better_one_world_together_at_home_06,audio/407_soon_youll_get_better_one_world_together_at_home_06.mp3,lyrics/407_soon_youll_get_better_one_world_together_at_home_06.txt,soon,hip_hop
418_teardrops_on_my_guitar_acoustic_00,audio/418_teardrops_on_my_guitar_acoustic_00.mp3,lyrics/418_teardrops_on_my_guitar_acoustic_00.txt,teardrops,rock
418_teardrops_on_my_guitar_acoustic_01,audio/418_teardrops_on_my_guitar_acoustic_01.mp3,lyrics/418_teardrops_on_my_guitar_acoustic_01.txt,teardrops,rock
418_teardrops_on_my_guitar_acoustic_02,audio/418_teardrops_on_my_guitar_acoustic_02.mp3,lyrics/418_teardrops_on_my_guitar_acoustic_02.txt,teardrops,rock
418_teardrops_on_my_guitar_acoustic_03,audio/418_teardrops_on_my_guitar_acoustic_03.mp3,lyrics/418_teardrops_on_my_guitar_acoustic_03.txt,teardrops,rock
418_teardrops_on_my_guitar_acoustic_04,audio/418_teardrops_on_my_guitar_acoustic_04.mp3,lyrics/418_teardrops_on_my_guitar_acoustic_04.txt,teardrops,rock
418_teardrops_on_my_guitar_acoustic_05,audio/418_teardrops_on_my_guitar_acoustic_05.mp3,lyrics/418_teardrops_on_my_guitar_acoustic_05.txt,teardrops,rock
418_teardrops_on_my_guitar_acoustic_06,audio/418_teardrops_on_my_guitar_acoustic_06.mp3,lyrics/418_teardrops_on_my_guitar_acoustic_06.txt,teardrops,rock
420_seven_the_long_pond_studio_sessions_00,audio/420_seven_the_long_pond_studio_sessions_00.mp3,lyrics/420_seven_the_long_pond_studio_sessions_00.txt,seven,rock
420_seven_the_long_pond_studio_sessions_01,audio/420_seven_the_long_pond_studio_sessions_01.mp3,lyrics/420_seven_the_long_pond_studio_sessions_01.txt,seven,rock
420_seven_the_long_pond_studio_sessions_02,audio/420_seven_the_long_pond_studio_sessions_02.mp3,lyrics/420_seven_the_long_pond_studio_sessions_02.txt,seven,rock
420_seven_the_long_pond_studio_sessions_03,audio/420_seven_the_long_pond_studio_sessions_03.mp3,lyrics/420_seven_the_long_pond_studio_sessions_03.txt,seven,rock
420_seven_the_long_pond_studio_sessions_04,audio/420_seven_the_long_pond_studio_sessions_04.mp3,lyrics/420_seven_the_long_pond_studio_sessions_04.txt,seven,rock
420_seven_the_long_pond_studio_sessions_05,audio/420_seven_the_long_pond_studio_sessions_05.mp3,lyrics/420_seven_the_long_pond_studio_sessions_05.txt,seven,rock
420_seven_the_long_pond_studio_sessions_06,audio/420_seven_the_long_pond_studio_sessions_06.mp3,lyrics/420_seven_the_long_pond_studio_sessions_06.txt,seven,rock
428_hoax_the_long_pond_studio_sessions_00,audio/428_hoax_the_long_pond_studio_sessions_00.mp3,lyrics/428_hoax_the_long_pond_studio_sessions_00.txt,hoax,electronic
428_hoax_the_long_pond_studio_sessions_01,audio/428_hoax_the_long_pond_studio_sessions_01.mp3,lyrics/428_hoax_the_long_pond_studio_sessions_01.txt,hoax,electronic
428_hoax_the_long_pond_studio_sessions_02,audio/428_hoax_the_long_pond_studio_sessions_02.mp3,lyrics/428_hoax_the_long_pond_studio_sessions_02.txt,hoax,electronic
428_hoax_the_long_pond_studio_sessions_03,audio/428_hoax_the_long_pond_studio_sessions_03.mp3,lyrics/428_hoax_the_long_pond_studio_sessions_03.txt,hoax,electronic
428_hoax_the_long_pond_studio_sessions_04,audio/428_hoax_the_long_pond_studio_sessions_04.mp3,lyrics/428_hoax_the_long_pond_studio_sessions_04.txt,hoax,electronic
428_hoax_the_long_pond_studio_sessions_05,audio/428_hoax_the_long_pond_studio_sessions_05.mp3,lyrics/428_hoax_the_long_pond_studio_sessions_05.txt,hoax,electronic
428_hoax_the_long_pond_studio_sessions_06,audio/428_hoax_the_long_pond_studio_sessions_06.mp3,lyrics/428_hoax_the_long_pond_studio_sessions_06.txt,hoax,electronic
443_speak_now_live2011_00,audio/443_speak_now_live2011_00.mp3,lyrics/443_speak_now_live2011_00.txt,speak,electronic
443_speak_now_live2011_01,audio/443_speak_now_live2011_01.mp3,lyrics/443_speak_now_live2011_01.txt,speak,electronic
443_speak_now_live2011_02,audio/443_speak_now_live2011_02.mp3,lyrics/443_speak_now_live2011_02.txt,speak,electronic
443_speak_now_live2011_03,audio/443_speak_now_live2011_03.mp3,lyrics/443_speak_now_live2011_03.txt,speak,electronic
443_speak_now_live2011_04,audio/443_speak_now_live2011_04.mp3,lyrics/443_speak_now_live2011_04.txt,speak,electronic
443_speak_now_live2011_05,audio/443_speak_now_live2011_05.mp3,lyrics/443_speak_now_live2011_05.txt,speak,electronic
443_speak_now_live2011_06,audio/443_speak_now_live2011_06.mp3,lyrics/443_speak_now_live2011_06.txt,speak,electronic
443_speak_now_live2011_07,audio/443_speak_now_live2011_07.mp3,lyrics/443_speak_now_live2011_07.txt,speak,electronic
453_mean_live2011_00,audio/453_mean_live2011_00.mp3,lyrics/453_mean_live2011_00.txt,mean,electronic
453_mean_live2011_01,audio/453_mean_live2011_01.mp3,lyrics/453_mean_live2011_01.txt,mean,electronic
453_mean_live2011_02,audio/453_mean_live2011_02.mp3,lyrics/453_mean_live2011_02.txt,mean,electronic
453_mean_live2011_03,audio/453_mean_live2011_03.mp3,lyrics/453_mean_live2011_03.txt,mean,electronic
453_mean_live2011_04,audio/453_mean_live2011_04.mp3,lyrics/453_mean_live2011_04.txt,mean,electronic
453_mean_live2011_05,audio/453_mean_live2011_05.mp3,lyrics/453_mean_live2011_05.txt,mean,electronic
453_mean_live2011_06,audio/453_mean_live2011_06.mp3,lyrics/453_mean_live2011_06.txt,mean,electronic
453_mean_live2011_07,audio/453_mean_live2011_07.mp3,lyrics/453_mean_live2011_07.txt,mean,electronic
461_last_kiss_live2011_00,audio/461_last_kiss_live2011_00.mp3,lyrics/461_last_kiss_live2011_00.txt,last,pop
461_last_kiss_live2011_01,audio/461_last_kiss_live2011_01.mp3,lyrics/461_last_kiss_live2011_01.txt,last,pop
461_last_kiss_live2011_02,audio/461_last_kiss_live2011_02.mp3,lyrics/461_last_kiss_live2011_02.txt,last,pop
461_last_kiss_live2011_03,audio/461_last_kiss_live2011_03.mp3,lyrics/461_last_kiss_live2011_03.txt,last,pop
461_last_kiss_live2011_04,audio/461_last_kiss_live2011_04.mp3,lyrics/461_last_kiss_live2011_04.txt,last,pop
461_last_kiss_live2011_05,audio/461_last_kiss_live2011_05.mp3,lyrics/461_last_kiss_live2011_05.txt,last,pop
461_last_kiss_live2011_06,audio/461_last_kiss_live2011_06.mp3,lyrics/461_last_kiss_live2011_06.txt,last,pop
461_last_kiss_live2011_07,audio/461_last_kiss_live2011_07.mp3,lyrics/461_last_kiss_live2011_07.txt,last,pop
461_last_kiss_live2011_08,audio/461_last_kiss_live2011_08.mp3,lyrics/461_last_kiss_live2011_08.txt,last,pop
461_last_kiss_live2011_09,audio/461_last_kiss_live2011_09.mp3,lyrics/461_last_kiss_live2011_09.txt,last,pop
461_last_kiss_live2011_10,audio/461_last_kiss_live2011_10.mp3,lyrics/461_last_kiss_live2011_10.txt,last,pop
461_last_kiss_live2011_11,audio/461_last_kiss_live2011_11.mp3,lyrics/461_last_kiss_live2011_11.txt,last,pop
462_shouldve_said_no_live_from_soho_00,audio/462_shouldve_said_no_live_from_soho_00.mp3,lyrics/462_shouldve_said_no_live_from_soho_00.txt,shouldve,hip_hop
462_shouldve_said_no_live_from_soho_01,audio/462_shouldve_said_no_live_from_soho_01.mp3,lyrics/462_shouldve_said_no_live_from_soho_01.txt,shouldve,hip_hop
462_shouldve_said_no_live_from_soho_02,audio/462_shouldve_said_no_live_from_soho_02.mp3,lyrics/462_shouldve_said_no_live_from_soho_02.txt,shouldve,hip_hop
462_shouldve_said_no_live_from_soho_03,audio/462_shouldve_said_no_live_from_soho_03.mp3,lyrics/462_shouldve_said_no_live_from_soho_03.txt,shouldve,hip_hop
462_shouldve_said_no_live_from_soho_04,audio/462_shouldve_said_no_live_from_soho_04.mp3,lyrics/462_shouldve_said_no_live_from_soho_04.txt,shouldve,hip_hop
462_shouldve_said_no_live_from_soho_05,audio/462_shouldve_said_no_live_from_soho_05.mp3,lyrics/462_shouldve_said_no_live_from_soho_05.txt,shouldve,hip_hop
462_shouldve_said_no_live_from_soho_06,audio/462_shouldve_said_no_live_from_soho_06.mp3,lyrics/462_shouldve_said_no_live_from_soho_06.txt,shouldve,hip_hop
462_shouldve_said_no_live_from_soho_07,audio/462_shouldve_said_no_live_from_soho_07.mp3,lyrics/462_shouldve_said_no_live_from_soho_07.txt,shouldve,hip_hop
471_picture_to_burn_live_from_clear_channel_stripped_2008_00,audio/471_picture_to_burn_live_from_clear_channel_stripped_2008_00.mp3,lyrics/471_picture_to_burn_live_from_clear_channel_stripped_2008_00.txt,picture,jazz
471_picture_to_burn_live_from_clear_channel_stripped_2008_01,audio/471_picture_to_burn_live_from_clear_channel_stripped_2008_01.mp3,lyrics/471_picture_to_burn_live_from_clear_channel_stripped_2008_01.txt,picture,jazz
471_picture_to_burn_live_from_clear_channel_stripped_2008_02,audio/471_picture_to_burn_live_from_clear_channel_stripped_2008_02.mp3,lyrics/471_picture_to_burn_live_from_clear_channel_stripped_2008_02.txt,picture,jazz
471_picture_to_burn_live_from_clear_channel_stripped_2008_03,audio/471_picture_to_burn_live_from_clear_channel_stripped_2008_03.mp3,lyrics/471_picture_to_burn_live_from_clear_channel_stripped_2008_03.txt,picture,jazz
471_picture_to_burn_live_from_clear_channel_stripped_2008_04,audio/471_picture_to_burn_live_from_clear_channel_stripped_2008_04.mp3,lyrics/471_picture_to_burn_live_from_clear_channel_stripped_2008_04.txt,picture,jazz
471_picture_to_burn_live_from_clear_channel_stripped_2008_05,audio/471_picture_to_burn_live_from_clear_channel_stripped_2008_05.mp3,lyrics/471_picture_to_burn_live_from_clear_channel_stripped_2008_05.txt,picture,jazz
303_listen_live_00,audio/303_listen_live_00.mp3,lyrics/303_listen_live_00.txt,listen,electronic
303_listen_live_01,audio/303_listen_live_01.mp3,lyrics/303_listen_live_01.txt,listen,electronic
303_listen_live_02,audio/303_listen_live_02.mp3,lyrics/303_listen_live_02.txt,listen,electronic
303_listen_live_03,audio/303_listen_live_03.mp3,lyrics/303_listen_live_03.txt,listen,electronic
303_listen_live_04,audio/303_listen_live_04.mp3,lyrics/303_listen_live_04.txt,listen,electronic
303_listen_live_05,audio/303_listen_live_05.mp3,lyrics/303_listen_live_05.txt,listen,electronic
303_listen_live_06,audio/303_listen_live_06.mp3,lyrics/303_listen_live_06.txt,listen,electronic
310_déjà_vu_freemasons_radio_-_with_rap_00,audio/310_déjà_vu_freemasons_radio_-_with_rap_00.mp3,lyrics/310_déjà_vu_freemasons_radio_-_with_rap_00.txt,déjà,pop
310_déjà_vu_freemasons_radio_-_with_rap_01,audio/310_déjà_vu_freemasons_radio_-_with_rap_01.mp3,lyrics/310_déjà_vu_freemasons_radio_-_with_rap_01.txt,déjà,pop
310_déjà_vu_freemasons_radio_-_with_rap_02,audio/310_déjà_vu_freemasons_radio_-_with_rap_02.mp3,lyrics/310_déjà_vu_freemasons_radio_-_with_rap_02.txt,déjà,pop
310_déjà_vu_freemasons_radio_-_with_rap_03,audio/310_déjà_vu_freemasons_radio_-_with_rap_03.mp3,lyrics/310_déjà_vu_freemasons_radio_-_with_rap_03.txt,déjà,pop
310_déjà_vu_freemasons_radio_-_with_rap_04,audio/310_déjà_vu_freemasons_radio_-_with_rap_04.mp3,lyrics/310_déjà_vu_freemasons_radio_-_with_rap_04.txt,déjà,pop
310_déjà_vu_freemasons_radio_-_with_rap_05,audio/310_déjà_vu_freemasons_radio_-_with_rap_05.mp3,lyrics/310_déjà_vu_freemasons_radio_-_with_rap_05.txt,déjà,pop
310_déjà_vu_freemasons_radio_-_with_rap_06,audio/310_déjà_vu_freemasons_radio_-_with_rap_06.mp3,lyrics/310_déjà_vu_freemasons_radio_-_with_rap_06.txt,déjà,pop
310_déjà_vu_freemasons_radio_-_with_rap_07,audio/310_déjà_vu_freemasons_radio_-_with_rap_07.mp3,lyrics/310_déjà_vu_freemasons_radio_-_with_rap_07.txt,déjà,pop
316_broken-hearted_girl_catalyst_remix_00,audio/316_broken-hearted_girl_catalyst_remix_00.mp3,lyrics/316_broken-hearted_girl_catalyst_remix_00.txt,broken-hearted,electronic
316_broken-hearted_girl_catalyst_remix_01,audio/316_broken-hearted_girl_catalyst_remix_01.mp3,lyrics/316_broken-hearted_girl_catalyst_remix_01.txt,broken-hearted,electronic
316_broken-hearted_girl_catalyst_remix_02,audio/316_broken-hearted_girl_catalyst_remix_02.mp3,lyrics/316_broken-hearted_girl_catalyst_remix_02.txt,broken-hearted,electronic
316_broken-hearted_girl_catalyst_remix_03,audio/316_broken-hearted_girl_catalyst_remix_03.mp3,lyrics/316_broken-hearted_girl_catalyst_remix_03.txt,broken-hearted,electronic
316_broken-hearted_girl_catalyst_remix_04,audio/316_broken-hearted_girl_catalyst_remix_04.mp3,lyrics/316_broken-hearted_girl_catalyst_remix_04.txt,broken-hearted,electronic
316_broken-hearted_girl_catalyst_remix_05,audio/316_broken-hearted_girl_catalyst_remix_05.mp3,lyrics/316_broken-hearted_girl_catalyst_remix_05.txt,broken-hearted,electronic
316_broken-hearted_girl_catalyst_remix_06,audio/316_broken-hearted_girl_catalyst_remix_06.mp3,lyrics/316_broken-hearted_girl_catalyst_remix_06.txt,broken-hearted,electronic
316_broken-hearted_girl_catalyst_remix_07,audio/316_broken-hearted_girl_catalyst_remix_07.mp3,lyrics/316_broken-hearted_girl_catalyst_remix_07.txt,broken-hearted,electronic
316_broken-hearted_girl_catalyst_remix_08,audio/316_broken-hearted_girl_catalyst_remix_08.mp3,lyrics/316_broken-hearted_girl_catalyst_remix_08.txt,broken-hearted,electronic
322_ring_the_alarm_freemasons_mix_00,audio/322_ring_the_alarm_freemasons_mix_00.mp3,lyrics/322_ring_the_alarm_freemasons_mix_00.txt,ring,hip_hop
322_ring_the_alarm_freemasons_mix_01,audio/322_ring_the_alarm_freemasons_mix_01.mp3,lyrics/322_ring_the_alarm_freemasons_mix_01.txt,ring,hip_hop
322_ring_the_alarm_freemasons_mix_02,audio/322_ring_the_alarm_freemasons_mix_02.mp3,lyrics/322_ring_the_alarm_freemasons_mix_02.txt,ring,hip_hop
322_ring_the_alarm_freemasons_mix_03,audio/322_ring_the_alarm_freemasons_mix_03.mp3,lyrics/322_ring_the_alarm_freemasons_mix_03.txt,ring,hip_hop
322_ring_the_alarm_freemasons_mix_04,audio/322_ring_the_alarm_freemasons_mix_04.mp3,lyrics/322_ring_the_alarm_freemasons_mix_04.txt,ring,hip_hop
322_ring_the_alarm_freemasons_mix_05,audio/322_ring_the_alarm_freemasons_mix_05.mp3,lyrics/322_ring_the_alarm_freemasons_mix_05.txt,ring,hip_hop
322_ring_the_alarm_freemasons_mix_06,audio/322_ring_the_alarm_freemasons_mix_06.mp3,lyrics/322_ring_the_alarm_freemasons_mix_06.txt,ring,hip_hop
323_irreplaceable_live_00,audio/323_irreplaceable_live_00.mp3,lyrics/323_irreplaceable_live_00.txt,irreplaceable,pop
323_irreplaceable_live_01,audio/323_irreplaceable_live_01.mp3,lyrics/323_irreplaceable_live_01.txt,irreplaceable,pop
323_irreplaceable_live_02,audio/323_irreplaceable_live_02.mp3,lyrics/323_irreplaceable_live_02.txt,irreplaceable,pop
323_irreplaceable_live_03,audio/323_irreplaceable_live_03.mp3,lyrics/323_irreplaceable_live_03.txt,irreplaceable,pop
323_irreplaceable_live_04,audio/323_irreplaceable_live_04.mp3,lyrics/323_irreplaceable_live_04.txt,irreplaceable,pop
323_irreplaceable_live_05,audio/323_irreplaceable_live_05.mp3,lyrics/323_irreplaceable_live_05.txt,irreplaceable,pop
323_irreplaceable_live_06,audio/323_irreplaceable_live_06.mp3,lyrics/323_irreplaceable_live_06.txt,irreplaceable,pop
328_broken-hearted_girl_live_00,audio/328_broken-hearted_girl_live_00.mp3,lyrics/328_broken-hearted_girl_live_00.txt,broken-hearted,electronic
328_broken-hearted_girl_live_01,audio/328_broken-hearted_girl_live_01.mp3,lyrics/328_broken-hearted_girl_live_01.txt,broken-hearted,electronic
328_broken-hearted_girl_live_02,audio/328_broken-hearted_girl_live_02.mp3,lyrics/328_broken-hearted_girl_live_02.txt,broken-hearted,electronic
328_broken-hearted_girl_live_03,audio/328_broken-hearted_girl_live_03.mp3,lyrics/328_broken-hearted_girl_live_03.txt,broken-hearted,electronic
328_broken-hearted_girl_live_04,audio/328_broken-hearted_girl_live_04.mp3,lyrics/328_broken-hearted_girl_live_04.txt,broken-hearted,electronic
328_broken-hearted_girl_live_05,audio/328_broken-hearted_girl_live_05.mp3,lyrics/328_broken-hearted_girl_live_05.txt,broken-hearted,electronic
328_broken-hearted_girl_live_06,audio/328_broken-hearted_girl_live_06.mp3,lyrics/328_broken-hearted_girl_live_06.txt,broken-hearted,electronic
328_broken-hearted_girl_live_07,audio/328_broken-hearted_girl_live_07.mp3,lyrics/328_broken-hearted_girl_live_07.txt,broken-hearted,electronic
328_broken-hearted_girl_live_08,audio/328_broken-hearted_girl_live_08.mp3,lyrics/328_broken-hearted_girl_live_08.txt,broken-hearted,electronic
329_ave_maria_live_00,audio/329_ave_maria_live_00.mp3,lyrics/329_ave_maria_live_00.txt,ave,electronic
329_ave_maria_live_01,audio/329_ave_maria_live_01.mp3,lyrics/329_ave_maria_live_01.txt,ave,electronic
329_ave_maria_live_02,audio/329_ave_maria_live_02.mp3,lyrics/329_ave_maria_live_02.txt,ave,electronic
329_ave_maria_live_03,audio/329_ave_maria_live_03.mp3,lyrics/329_ave_maria_live_03.txt,ave,electronic
329_ave_maria_live_04,audio/329_ave_maria_live_04.mp3,lyrics/329_ave_maria_live_04.txt,ave,electronic
329_ave_maria_live_05,audio/329_ave_maria_live_05.mp3,lyrics/329_ave_maria_live_05.txt,ave,electronic
329_ave_maria_live_06,audio/329_ave_maria_live_06.mp3,lyrics/329_ave_maria_live_06.txt,ave,electronic
334_green_light_remix_00,audio/334_green_light_remix_00.mp3,lyrics/334_green_light_remix_00.txt,green,pop
334_green_light_remix_01,audio/334_green_light_remix_01.mp3,lyrics/334_green_light_remix_01.txt,green,pop
334_green_light_remix_02,audio/334_green_light_remix_02.mp3,lyrics/334_green_light_remix_02.txt,green,pop
334_green_light_remix_03,audio/334_green_light_remix_03.mp3,lyrics/334_green_light_remix_03.txt,green,pop
334_green_light_remix_04,audio/334_green_light_remix_04.mp3,lyrics/334_green_light_remix_04.txt,green,pop
334_green_light_remix_05,audio/334_green_light_remix_05.mp3,lyrics/334_green_light_remix_05.txt,green,pop
334_green_light_remix_06,audio/334_green_light_remix_06.mp3,lyrics/334_green_light_remix_06.txt,green,pop
337_irreplaceable_beyoncé_experience_live_00,audio/337_irreplaceable_beyoncé_experience_live_00.mp3,lyrics/337_irreplaceable_beyoncé_experience_live_00.txt,irreplaceable,pop
337_irreplaceable_beyoncé_experience_live_01,audio/337_irreplaceable_beyoncé_experience_live_01.mp3,lyrics/337_irreplaceable_beyoncé_experience_live_01.txt,irreplaceable,pop
337_irreplaceable_beyoncé_experience_live_02,audio/337_irreplaceable_beyoncé_experience_live_02.mp3,lyrics/337_irreplaceable_beyoncé_experience_live_02.txt,irreplaceable,pop
337_irreplaceable_beyoncé_experience_live_03,audio/337_irreplaceable_beyoncé_experience_live_03.mp3,lyrics/337_irreplaceable_beyoncé_experience_live_03.txt,irreplaceable,pop
337_irreplaceable_beyoncé_experience_live_04,audio/337_irreplaceable_beyoncé_experience_live_04.mp3,lyrics/337_irreplaceable_beyoncé_experience_live_04.txt,irreplaceable,pop
337_irreplaceable_beyoncé_experience_live_05,audio/337_irreplaceable_beyoncé_experience_live_05.mp3,lyrics/337_irreplaceable_beyoncé_experience_live_05.txt,irreplaceable,pop
337_irreplaceable_beyoncé_experience_live_06,audio/337_irreplaceable_beyoncé_experience_live_06.mp3,lyrics/337_irreplaceable_beyoncé_experience_live_06.txt,irreplaceable,pop
343_outro_speak_my_mind_00,audio/343_outro_speak_my_mind_00.mp3,lyrics/343_outro_speak_my_mind_00.txt,outro,pop
343_outro_speak_my_mind_01,audio/343_outro_speak_my_mind_01.mp3,lyrics/343_outro_speak_my_mind_01.txt,outro,pop
343_outro_speak_my_mind_02,audio/343_outro_speak_my_mind_02.mp3,lyrics/343_outro_speak_my_mind_02.txt,outro,pop
343_outro_speak_my_mind_03,audio/343_outro_speak_my_mind_03.mp3,lyrics/343_outro_speak_my_mind_03.txt,outro,pop
343_outro_speak_my_mind_04,audio/343_outro_speak_my_mind_04.mp3,lyrics/343_outro_speak_my_mind_04.txt,outro,pop
343_outro_speak_my_mind_05,audio/343_outro_speak_my_mind_05.mp3,lyrics/343_outro_speak_my_mind_05.txt,outro,pop
343_outro_speak_my_mind_06,audio/343_outro_speak_my_mind_06.mp3,lyrics/343_outro_speak_my_mind_06.txt,outro,pop
343_outro_speak_my_mind_07,audio/343_outro_speak_my_mind_07.mp3,lyrics/343_outro_speak_my_mind_07.txt,outro,pop
344_freakum_dress_beyoncé_experience_live_00,audio/344_freakum_dress_beyoncé_experience_live_00.mp3,lyrics/344_freakum_dress_beyoncé_experience_live_00.txt,freakum,electronic
344_freakum_dress_beyoncé_experience_live_01,audio/344_freakum_dress_beyoncé_experience_live_01.mp3,lyrics/344_freakum_dress_beyoncé_experience_live_01.txt,freakum,electronic
344_freakum_dress_beyoncé_experience_live_02,audio/344_freakum_dress_beyoncé_experience_live_02.mp3,lyrics/344_freakum_dress_beyoncé_experience_live_02.txt,freakum,electronic
344_freakum_dress_beyoncé_experience_live_03,audio/344_freakum_dress_beyoncé_experience_live_03.mp3,lyrics/344_freakum_dress_beyoncé_experience_live_03.txt,freakum,electronic
344_freakum_dress_beyoncé_experience_live_04,audio/344_freakum_dress_beyoncé_experience_live_04.mp3,lyrics/344_freakum_dress_beyoncé_experience_live_04.txt,freakum,electronic
344_freakum_dress_beyoncé_experience_live_05,audio/344_freakum_dress_beyoncé_experience_live_05.mp3,lyrics/344_freakum_dress_beyoncé_experience_live_05.txt,freakum,electronic
344_freakum_dress_beyoncé_experience_live_06,audio/344_freakum_dress_beyoncé_experience_live_06.mp3,lyrics/344_freakum_dress_beyoncé_experience_live_06.txt,freakum,electronic
348_you_dont_love_me_nonono_live_00,audio/348_you_dont_love_me_nonono_live_00.mp3,lyrics/348_you_dont_love_me_nonono_live_00.txt,you,R&B
348_you_dont_love_me_nonono_live_01,audio/348_you_dont_love_me_nonono_live_01.mp3,lyrics/348_you_dont_love_me_nonono_live_01.txt,you,R&B
348_you_dont_love_me_nonono_live_02,audio/348_you_dont_love_me_nonono_live_02.mp3,lyrics/348_you_dont_love_me_nonono_live_02.txt,you,R&B
348_you_dont_love_me_nonono_live_03,audio/348_you_dont_love_me_nonono_live_03.mp3,lyrics/348_you_dont_love_me_nonono_live_03.txt,you,R&B
348_you_dont_love_me_nonono_live_04,audio/348_you_dont_love_me_nonono_live_04.mp3,lyrics/348_you_dont_love_me_nonono_live_04.txt,you,R&B
348_you_dont_love_me_nonono_live_05,audio/348_you_dont_love_me_nonono_live_05.mp3,lyrics/348_you_dont_love_me_nonono_live_05.txt,you,R&B
348_you_dont_love_me_nonono_live_06,audio/348_you_dont_love_me_nonono_live_06.mp3,lyrics/348_you_dont_love_me_nonono_live_06.txt,you,R&B
348_you_dont_love_me_nonono_live_07,audio/348_you_dont_love_me_nonono_live_07.mp3,lyrics/348_you_dont_love_me_nonono_live_07.txt,you,R&B
348_you_dont_love_me_nonono_live_08,audio/348_you_dont_love_me_nonono_live_08.mp3,lyrics/348_you_dont_love_me_nonono_live_08.txt,you,R&B
348_you_dont_love_me_nonono_live_09,audio/348_you_dont_love_me_nonono_live_09.mp3,lyrics/348_you_dont_love_me_nonono_live_09.txt,you,R&B
348_you_dont_love_me_nonono_live_10,audio/348_you_dont_love_me_nonono_live_10.mp3,lyrics/348_you_dont_love_me_nonono_live_10.txt,you,R&B
356_flaws_and_all_beyoncé_experience_live_00,audio/356_flaws_and_all_beyoncé_experience_live_00.mp3,lyrics/356_flaws_and_all_beyoncé_experience_live_00.txt,flaws,folk
356_flaws_and_all_beyoncé_experience_live_01,audio/356_flaws_and_all_beyoncé_experience_live_01.mp3,lyrics/356_flaws_and_all_beyoncé_experience_live_01.txt,flaws,folk
356_flaws_and_all_beyoncé_experience_live_02,audio/356_flaws_and_all_beyoncé_experience_live_02.mp3,lyrics/356_flaws_and_all_beyoncé_experience_live_02.txt,flaws,folk
356_flaws_and_all_beyoncé_experience_live_03,audio/356_flaws_and_all_beyoncé_experience_live_03.mp3,lyrics/356_flaws_and_all_beyoncé_experience_live_03.txt,flaws,folk
356_flaws_and_all_beyoncé_experience_live_04,audio/356_flaws_and_all_beyoncé_experience_live_04.mp3,lyrics/356_flaws_and_all_beyoncé_experience_live_04.txt,flaws,folk
356_flaws_and_all_beyoncé_experience_live_05,audio/356_flaws_and_all_beyoncé_experience_live_05.mp3,lyrics/356_flaws_and_all_beyoncé_experience_live_05.txt,flaws,folk
356_flaws_and_all_beyoncé_experience_live_06,audio/356_flaws_and_all_beyoncé_experience_live_06.mp3,lyrics/356_flaws_and_all_beyoncé_experience_live_06.txt,flaws,folk
356_flaws_and_all_beyoncé_experience_live_07,audio/356_flaws_and_all_beyoncé_experience_live_07.mp3,lyrics/356_flaws_and_all_beyoncé_experience_live_07.txt,flaws,folk
365_beautiful_liar_beyoncé_experience_live_00,audio/365_beautiful_liar_beyoncé_experience_live_00.mp3,lyrics/365_beautiful_liar_beyoncé_experience_live_00.txt,beautiful,rock
365_beautiful_liar_beyoncé_experience_live_01,audio/365_beautiful_liar_beyoncé_experience_live_01.mp3,lyrics/365_beautiful_liar_beyoncé_experience_live_01.txt,beautiful,rock
365_beautiful_liar_beyoncé_experience_live_02,audio/365_beautiful_liar_beyoncé_experience_live_02.mp3,lyrics/365_beautiful_liar_beyoncé_experience_live_02.txt,beautiful,rock
365_beautiful_liar_beyoncé_experience_live_03,audio/365_beautiful_liar_beyoncé_experience_live_03.mp3,lyrics/365_beautiful_liar_beyoncé_experience_live_03.txt,beautiful,rock
365_beautiful_liar_beyoncé_experience_live_04,audio/365_beautiful_liar_beyoncé_experience_live_04.mp3,lyrics/365_beautiful_liar_beyoncé_experience_live_04.txt,beautiful,rock
365_beautiful_liar_beyoncé_experience_live_05,audio/365_beautiful_liar_beyoncé_experience_live_05.mp3,lyrics/365_beautiful_liar_beyoncé_experience_live_05.txt,beautiful,rock
375_check_on_it_beyoncé_experience_live_00,audio/375_check_on_it_beyoncé_experience_live_00.mp3,lyrics/375_check_on_it_beyoncé_experience_live_00.txt,check,hip_hop
375_check_on_it_beyoncé_experience_live_01,audio/375_check_on_it_beyoncé_experience_live_01.mp3,lyrics/375_check_on_it_beyoncé_experience_live_01.txt,check,hip_hop
375_check_on_it_beyoncé_experience_live_02,audio/375_check_on_it_beyoncé_experience_live_02.mp3,lyrics/375_check_on_it_beyoncé_experience_live_02.txt,check,hip_hop
375_check_on_it_beyoncé_experience_live_03,audio/375_check_on_it_beyoncé_experience_live_03.mp3,lyrics/375_check_on_it_beyoncé_experience_live_03.txt,check,hip_hop
375_check_on_it_beyoncé_experience_live_04,audio/375_check_on_it_beyoncé_experience_live_04.mp3,lyrics/375_check_on_it_beyoncé_experience_live_04.txt,check,hip_hop
375_check_on_it_beyoncé_experience_live_05,audio/375_check_on_it_beyoncé_experience_live_05.mp3,lyrics/375_check_on_it_beyoncé_experience_live_05.txt,check,hip_hop
375_check_on_it_beyoncé_experience_live_06,audio/375_check_on_it_beyoncé_experience_live_06.mp3,lyrics/375_check_on_it_beyoncé_experience_live_06.txt,check,hip_hop
397_haunted_rodg_private_mix_00,audio/397_haunted_rodg_private_mix_00.mp3,lyrics/397_haunted_rodg_private_mix_00.txt,haunted,rock
397_haunted_rodg_private_mix_01,audio/397_haunted_rodg_private_mix_01.mp3,lyrics/397_haunted_rodg_private_mix_01.txt,haunted,rock
397_haunted_rodg_private_mix_02,audio/397_haunted_rodg_private_mix_02.mp3,lyrics/397_haunted_rodg_private_mix_02.txt,haunted,rock
397_haunted_rodg_private_mix_03,audio/397_haunted_rodg_private_mix_03.mp3,lyrics/397_haunted_rodg_private_mix_03.txt,haunted,rock
397_haunted_rodg_private_mix_04,audio/397_haunted_rodg_private_mix_04.mp3,lyrics/397_haunted_rodg_private_mix_04.txt,haunted,rock
397_haunted_rodg_private_mix_05,audio/397_haunted_rodg_private_mix_05.mp3,lyrics/397_haunted_rodg_private_mix_05.txt,haunted,rock
397_haunted_rodg_private_mix_06,audio/397_haunted_rodg_private_mix_06.mp3,lyrics/397_haunted_rodg_private_mix_06.txt,haunted,rock
397_haunted_rodg_private_mix_07,audio/397_haunted_rodg_private_mix_07.mp3,lyrics/397_haunted_rodg_private_mix_07.txt,haunted,rock
397_haunted_rodg_private_mix_08,audio/397_haunted_rodg_private_mix_08.mp3,lyrics/397_haunted_rodg_private_mix_08.txt,haunted,rock
397_haunted_rodg_private_mix_09,audio/397_haunted_rodg_private_mix_09.mp3,lyrics/397_haunted_rodg_private_mix_09.txt,haunted,rock
397_haunted_rodg_private_mix_10,audio/397_haunted_rodg_private_mix_10.mp3,lyrics/397_haunted_rodg_private_mix_10.txt,haunted,rock
397_haunted_rodg_private_mix_11,audio/397_haunted_rodg_private_mix_11.mp3,lyrics/397_haunted_rodg_private_mix_11.txt,haunted,rock
398_royalty_00,audio/398_royalty_00.mp3,lyrics/398_royalty_00.txt,royalty,rock
398_royalty_01,audio/398_royalty_01.mp3,lyrics/398_royalty_01.txt,royalty,rock
398_royalty_02,audio/398_royalty_02.mp3,lyrics/398_royalty_02.txt,royalty,rock
398_royalty_03,audio/398_royalty_03.mp3,lyrics/398_royalty_03.txt,royalty,rock
398_royalty_04,audio/398_royalty_04.mp3,lyrics/398_royalty_04.txt,royalty,rock
398_royalty_05,audio/398_royalty_05.mp3,lyrics/398_royalty_05.txt,royalty,rock
398_royalty_06,audio/398_royalty_06.mp3,lyrics/398_royalty_06.txt,royalty,rock
001_love_on_the_brain_00,audio/001_love_on_the_brain_00.mp3,lyrics/001_love_on_the_brain_00.txt,love,rock
001_love_on_the_brain_01,audio/001_love_on_the_brain_01.mp3,lyrics/001_love_on_the_brain_01.txt,love,rock
001_love_on_the_brain_02,audio/001_love_on_the_brain_02.mp3,lyrics/001_love_on_the_brain_02.txt,love,rock
001_love_on_the_brain_03,audio/001_love_on_the_brain_03.mp3,lyrics/001_love_on_the_brain_03.txt,love,rock
001_love_on_the_brain_04,audio/001_love_on_the_brain_04.mp3,lyrics/001_love_on_the_brain_04.txt,love,rock
001_love_on_the_brain_05,audio/001_love_on_the_brain_05.mp3,lyrics/001_love_on_the_brain_05.txt,love,rock
001_love_on_the_brain_06,audio/001_love_on_the_brain_06.mp3,lyrics/001_love_on_the_brain_06.txt,love,rock
003_stay_00,audio/003_stay_00.mp3,lyrics/003_stay_00.txt,stay,electronic
003_stay_01,audio/003_stay_01.mp3,lyrics/003_stay_01.txt,stay,electronic
003_stay_02,audio/003_stay_02.mp3,lyrics/003_stay_02.txt,stay,electronic
003_stay_03,audio/003_stay_03.mp3,lyrics/003_stay_03.txt,stay,electronic
003_stay_04,audio/003_stay_04.mp3,lyrics/003_stay_04.txt,stay,electronic
003_stay_05,audio/003_stay_05.mp3,lyrics/003_stay_05.txt,stay,electronic
003_stay_06,audio/003_stay_06.mp3,lyrics/003_stay_06.txt,stay,electronic
003_stay_07,audio/003_stay_07.mp3,lyrics/003_stay_07.txt,stay,electronic
004_kiss_it_better_00,audio/004_kiss_it_better_00.mp3,lyrics/004_kiss_it_better_00.txt,kiss,electronic
004_kiss_it_better_01,audio/004_kiss_it_better_01.mp3,lyrics/004_kiss_it_better_01.txt,kiss,electronic
004_kiss_it_better_02,audio/004_kiss_it_better_02.mp3,lyrics/004_kiss_it_better_02.txt,kiss,electronic
004_kiss_it_better_03,audio/004_kiss_it_better_03.mp3,lyrics/004_kiss_it_better_03.txt,kiss,electronic
004_kiss_it_better_04,audio/004_kiss_it_better_04.mp3,lyrics/004_kiss_it_better_04.txt,kiss,electronic
004_kiss_it_better_05,audio/004_kiss_it_better_05.mp3,lyrics/004_kiss_it_better_05.txt,kiss,electronic
004_kiss_it_better_06,audio/004_kiss_it_better_06.mp3,lyrics/004_kiss_it_better_06.txt,kiss,electronic
004_kiss_it_better_07,audio/004_kiss_it_better_07.mp3,lyrics/004_kiss_it_better_07.txt,kiss,electronic
011_whats_my_name_00,audio/011_whats_my_name_00.mp3,lyrics/011_whats_my_name_00.txt,whats,pop
011_whats_my_name_01,audio/011_whats_my_name_01.mp3,lyrics/011_whats_my_name_01.txt,whats,pop
011_whats_my_name_02,audio/011_whats_my_name_02.mp3,lyrics/011_whats_my_name_02.txt,whats,pop
011_whats_my_name_03,audio/011_whats_my_name_03.mp3,lyrics/011_whats_my_name_03.txt,whats,pop
011_whats_my_name_04,audio/011_whats_my_name_04.mp3,lyrics/011_whats_my_name_04.txt,whats,pop
011_whats_my_name_05,audio/011_whats_my_name_05.mp3,lyrics/011_whats_my_name_05.txt,whats,pop
011_whats_my_name_06,audio/011_whats_my_name_06.mp3,lyrics/011_whats_my_name_06.txt,whats,pop
011_whats_my_name_07,audio/011_whats_my_name_07.mp3,lyrics/011_whats_my_name_07.txt,whats,pop
011_whats_my_name_08,audio/011_whats_my_name_08.mp3,lyrics/011_whats_my_name_08.txt,whats,pop
015_higher_00,audio/015_higher_00.mp3,lyrics/015_higher_00.txt,higher,pop
015_higher_01,audio/015_higher_01.mp3,lyrics/015_higher_01.txt,higher,pop
015_higher_02,audio/015_higher_02.mp3,lyrics/015_higher_02.txt,higher,pop
015_higher_03,audio/015_higher_03.mp3,lyrics/015_higher_03.txt,higher,pop
017_yeah_i_said_it_00,audio/017_yeah_i_said_it_00.mp3,lyrics/017_yeah_i_said_it_00.txt,yeah,electronic
017_yeah_i_said_it_01,audio/017_yeah_i_said_it_01.mp3,lyrics/017_yeah_i_said_it_01.txt,yeah,electronic
017_yeah_i_said_it_02,audio/017_yeah_i_said_it_02.mp3,lyrics/017_yeah_i_said_it_02.txt,yeah,electronic
017_yeah_i_said_it_03,audio/017_yeah_i_said_it_03.mp3,lyrics/017_yeah_i_said_it_03.txt,yeah,electronic
018_close_to_you_00,audio/018_close_to_you_00.mp3,lyrics/018_close_to_you_00.txt,close,folk
018_close_to_you_01,audio/018_close_to_you_01.mp3,lyrics/018_close_to_you_01.txt,close,folk
018_close_to_you_02,audio/018_close_to_you_02.mp3,lyrics/018_close_to_you_02.txt,close,folk
018_close_to_you_03,audio/018_close_to_you_03.mp3,lyrics/018_close_to_you_03.txt,close,folk
018_close_to_you_04,audio/018_close_to_you_04.mp3,lyrics/018_close_to_you_04.txt,close,folk
018_close_to_you_05,audio/018_close_to_you_05.mp3,lyrics/018_close_to_you_05.txt,close,folk
018_close_to_you_06,audio/018_close_to_you_06.mp3,lyrics/018_close_to_you_06.txt,close,folk
019_woo_00,audio/019_woo_00.mp3,lyrics/019_woo_00.txt,woo,rock
019_woo_01,audio/019_woo_01.mp3,lyrics/019_woo_01.txt,woo,rock
019_woo_02,audio/019_woo_02.mp3,lyrics/019_woo_02.txt,woo,rock
019_woo_03,audio/019_woo_03.mp3,lyrics/019_woo_03.txt,woo,rock
019_woo_04,audio/019_woo_04.mp3,lyrics/019_woo_04.txt,woo,rock
019_woo_05,audio/019_woo_05.mp3,lyrics/019_woo_05.txt,woo,rock
019_woo_06,audio/019_woo_06.mp3,lyrics/019_woo_06.txt,woo,rock
019_woo_07,audio/019_woo_07.mp3,lyrics/019_woo_07.txt,woo,rock
020_man_down_00,audio/020_man_down_00.mp3,lyrics/020_man_down_00.txt,man,rock
020_man_down_01,audio/020_man_down_01.mp3,lyrics/020_man_down_01.txt,man,rock
020_man_down_02,audio/020_man_down_02.mp3,lyrics/020_man_down_02.txt,man,rock
020_man_down_03,audio/020_man_down_03.mp3,lyrics/020_man_down_03.txt,man,rock
020_man_down_04,audio/020_man_down_04.mp3,lyrics/020_man_down_04.txt,man,rock
020_man_down_05,audio/020_man_down_05.mp3,lyrics/020_man_down_05.txt,man,rock
020_man_down_06,audio/020_man_down_06.mp3,lyrics/020_man_down_06.txt,man,rock
020_man_down_07,audio/020_man_down_07.mp3,lyrics/020_man_down_07.txt,man,rock
020_man_down_08,audio/020_man_down_08.mp3,lyrics/020_man_down_08.txt,man,rock
020_man_down_09,audio/020_man_down_09.mp3,lyrics/020_man_down_09.txt,man,rock
020_man_down_10,audio/020_man_down_10.mp3,lyrics/020_man_down_10.txt,man,rock
024_never_ending_00,audio/024_never_ending_00.mp3,lyrics/024_never_ending_00.txt,never,pop
024_never_ending_01,audio/024_never_ending_01.mp3,lyrics/024_never_ending_01.txt,never,pop
024_never_ending_02,audio/024_never_ending_02.mp3,lyrics/024_never_ending_02.txt,never,pop
024_never_ending_03,audio/024_never_ending_03.mp3,lyrics/024_never_ending_03.txt,never,pop
024_never_ending_04,audio/024_never_ending_04.mp3,lyrics/024_never_ending_04.txt,never,pop
024_never_ending_05,audio/024_never_ending_05.mp3,lyrics/024_never_ending_05.txt,never,pop
024_never_ending_06,audio/024_never_ending_06.mp3,lyrics/024_never_ending_06.txt,never,pop
025_what_now_00,audio/025_what_now_00.mp3,lyrics/025_what_now_00.txt,what,hip_hop
025_what_now_01,audio/025_what_now_01.mp3,lyrics/025_what_now_01.txt,what,hip_hop
025_what_now_02,audio/025_what_now_02.mp3,lyrics/025_what_now_02.txt,what,hip_hop
025_what_now_03,audio/025_what_now_03.mp3,lyrics/025_what_now_03.txt,what,hip_hop
025_what_now_04,audio/025_what_now_04.mp3,lyrics/025_what_now_04.txt,what,hip_hop
025_what_now_05,audio/025_what_now_05.mp3,lyrics/025_what_now_05.txt,what,hip_hop
025_what_now_06,audio/025_what_now_06.mp3,lyrics/025_what_now_06.txt,what,hip_hop
025_what_now_07,audio/025_what_now_07.mp3,lyrics/025_what_now_07.txt,what,hip_hop
026_we_found_love_00,audio/026_we_found_love_00.mp3,lyrics/026_we_found_love_00.txt,we,hip_hop
026_we_found_love_01,audio/026_we_found_love_01.mp3,lyrics/026_we_found_love_01.txt,we,hip_hop
026_we_found_love_02,audio/026_we_found_love_02.mp3,lyrics/026_we_found_love_02.txt,we,hip_hop
026_we_found_love_03,audio/026_we_found_love_03.mp3,lyrics/026_we_found_love_03.txt,we,hip_hop
026_we_found_love_04,audio/026_we_found_love_04.mp3,lyrics/026_we_found_love_04.txt,we,hip_hop
026_we_found_love_05,audio/026_we_found_love_05.mp3,lyrics/026_we_found_love_05.txt,we,hip_hop
026_we_found_love_06,audio/026_we_found_love_06.mp3,lyrics/026_we_found_love_06.txt,we,hip_hop
026_we_found_love_07,audio/026_we_found_love_07.mp3,lyrics/026_we_found_love_07.txt,we,hip_hop
026_we_found_love_08,audio/026_we_found_love_08.mp3,lyrics/026_we_found_love_08.txt,we,hip_hop
027_james_joint_00,audio/027_james_joint_00.mp3,lyrics/027_james_joint_00.txt,james,rock
027_james_joint_01,audio/027_james_joint_01.mp3,lyrics/027_james_joint_01.txt,james,rock
036_numb_00,audio/036_numb_00.mp3,lyrics/036_numb_00.txt,numb,electronic
036_numb_01,audio/036_numb_01.mp3,lyrics/036_numb_01.txt,numb,electronic
036_numb_02,audio/036_numb_02.mp3,lyrics/036_numb_02.txt,numb,electronic
036_numb_03,audio/036_numb_03.mp3,lyrics/036_numb_03.txt,numb,electronic
036_numb_04,audio/036_numb_04.mp3,lyrics/036_numb_04.txt,numb,electronic
036_numb_05,audio/036_numb_05.mp3,lyrics/036_numb_05.txt,numb,electronic
036_numb_06,audio/036_numb_06.mp3,lyrics/036_numb_06.txt,numb,electronic
038_jump_00,audio/038_jump_00.mp3,lyrics/038_jump_00.txt,jump,country
038_jump_01,audio/038_jump_01.mp3,lyrics/038_jump_01.txt,jump,country
038_jump_02,audio/038_jump_02.mp3,lyrics/038_jump_02.txt,jump,country
038_jump_03,audio/038_jump_03.mp3,lyrics/038_jump_03.txt,jump,country
038_jump_04,audio/038_jump_04.mp3,lyrics/038_jump_04.txt,jump,country
038_jump_05,audio/038_jump_05.mp3,lyrics/038_jump_05.txt,jump,country
038_jump_06,audio/038_jump_06.mp3,lyrics/038_jump_06.txt,jump,country
038_jump_07,audio/038_jump_07.mp3,lyrics/038_jump_07.txt,jump,country
038_jump_08,audio/038_jump_08.mp3,lyrics/038_jump_08.txt,jump,country
039_skin_00,audio/039_skin_00.mp3,lyrics/039_skin_00.txt,skin,pop
039_skin_01,audio/039_skin_01.mp3,lyrics/039_skin_01.txt,skin,pop
039_skin_02,audio/039_skin_02.mp3,lyrics/039_skin_02.txt,skin,pop
039_skin_03,audio/039_skin_03.mp3,lyrics/039_skin_03.txt,skin,pop
039_skin_04,audio/039_skin_04.mp3,lyrics/039_skin_04.txt,skin,pop
039_skin_05,audio/039_skin_05.mp3,lyrics/039_skin_05.txt,skin,pop
039_skin_06,audio/039_skin_06.mp3,lyrics/039_skin_06.txt,skin,pop
039_skin_07,audio/039_skin_07.mp3,lyrics/039_skin_07.txt,skin,pop
039_skin_08,audio/039_skin_08.mp3,lyrics/039_skin_08.txt,skin,pop
039_skin_09,audio/039_skin_09.mp3,lyrics/039_skin_09.txt,skin,pop
043_goodnight_gotham_00,audio/043_goodnight_gotham_00.mp3,lyrics/043_goodnight_gotham_00.txt,goodnight,electronic
043_goodnight_gotham_01,audio/043_goodnight_gotham_01.mp3,lyrics/043_goodnight_gotham_01.txt,goodnight,electronic
043_goodnight_gotham_02,audio/043_goodnight_gotham_02.mp3,lyrics/043_goodnight_gotham_02.txt,goodnight,electronic
043_goodnight_gotham_03,audio/043_goodnight_gotham_03.mp3,lyrics/043_goodnight_gotham_03.txt,goodnight,electronic
043_goodnight_gotham_04,audio/043_goodnight_gotham_04.mp3,lyrics/043_goodnight_gotham_04.txt,goodnight,electronic
043_goodnight_gotham_05,audio/043_goodnight_gotham_05.mp3,lyrics/043_goodnight_gotham_05.txt,goodnight,electronic
043_goodnight_gotham_06,audio/043_goodnight_gotham_06.mp3,lyrics/043_goodnight_gotham_06.txt,goodnight,electronic
046_te_amo_00,audio/046_te_amo_00.mp3,lyrics/046_te_amo_00.txt,te,electronic
046_te_amo_01,audio/046_te_amo_01.mp3,lyrics/046_te_amo_01.txt,te,electronic
046_te_amo_02,audio/046_te_amo_02.mp3,lyrics/046_te_amo_02.txt,te,electronic
046_te_amo_03,audio/046_te_amo_03.mp3,lyrics/046_te_amo_03.txt,te,electronic
046_te_amo_04,audio/046_te_amo_04.mp3,lyrics/046_te_amo_04.txt,te,electronic
046_te_amo_05,audio/046_te_amo_05.mp3,lyrics/046_te_amo_05.txt,te,electronic
046_te_amo_06,audio/046_te_amo_06.mp3,lyrics/046_te_amo_06.txt,te,electronic
046_te_amo_07,audio/046_te_amo_07.mp3,lyrics/046_te_amo_07.txt,te,electronic
049_nobodys_business_00,audio/049_nobodys_business_00.mp3,lyrics/049_nobodys_business_00.txt,nobodys,hip_hop
049_nobodys_business_01,audio/049_nobodys_business_01.mp3,lyrics/049_nobodys_business_01.txt,nobodys,hip_hop
049_nobodys_business_02,audio/049_nobodys_business_02.mp3,lyrics/049_nobodys_business_02.txt,nobodys,hip_hop
049_nobodys_business_03,audio/049_nobodys_business_03.mp3,lyrics/049_nobodys_business_03.txt,nobodys,hip_hop
049_nobodys_business_04,audio/049_nobodys_business_04.mp3,lyrics/049_nobodys_business_04.txt,nobodys,hip_hop
049_nobodys_business_05,audio/049_nobodys_business_05.mp3,lyrics/049_nobodys_business_05.txt,nobodys,hip_hop
049_nobodys_business_06,audio/049_nobodys_business_06.mp3,lyrics/049_nobodys_business_06.txt,nobodys,hip_hop
050_get_it_over_with_00,audio/050_get_it_over_with_00.mp3,lyrics/050_get_it_over_with_00.txt,get,pop
050_get_it_over_with_01,audio/050_get_it_over_with_01.mp3,lyrics/050_get_it_over_with_01.txt,get,pop
050_get_it_over_with_02,audio/050_get_it_over_with_02.mp3,lyrics/050_get_it_over_with_02.txt,get,pop
050_get_it_over_with_03,audio/050_get_it_over_with_03.mp3,lyrics/050_get_it_over_with_03.txt,get,pop
050_get_it_over_with_04,audio/050_get_it_over_with_04.mp3,lyrics/050_get_it_over_with_04.txt,get,pop
050_get_it_over_with_05,audio/050_get_it_over_with_05.mp3,lyrics/050_get_it_over_with_05.txt,get,pop
050_get_it_over_with_06,audio/050_get_it_over_with_06.mp3,lyrics/050_get_it_over_with_06.txt,get,pop
055_no_love_allowed_00,audio/055_no_love_allowed_00.mp3,lyrics/055_no_love_allowed_00.txt,no,hip_hop
055_no_love_allowed_01,audio/055_no_love_allowed_01.mp3,lyrics/055_no_love_allowed_01.txt,no,hip_hop
055_no_love_allowed_02,audio/055_no_love_allowed_02.mp3,lyrics/055_no_love_allowed_02.txt,no,hip_hop
055_no_love_allowed_03,audio/055_no_love_allowed_03.mp3,lyrics/055_no_love_allowed_03.txt,no,hip_hop
055_no_love_allowed_04,audio/055_no_love_allowed_04.mp3,lyrics/055_no_love_allowed_04.txt,no,hip_hop
055_no_love_allowed_05,audio/055_no_love_allowed_05.mp3,lyrics/055_no_love_allowed_05.txt,no,hip_hop
055_no_love_allowed_06,audio/055_no_love_allowed_06.mp3,lyrics/055_no_love_allowed_06.txt,no,hip_hop
055_no_love_allowed_07,audio/055_no_love_allowed_07.mp3,lyrics/055_no_love_allowed_07.txt,no,hip_hop
057_hard_00,audio/057_hard_00.mp3,lyrics/057_hard_00.txt,hard,hip_hop
057_hard_01,audio/057_hard_01.mp3,lyrics/057_hard_01.txt,hard,hip_hop
057_hard_02,audio/057_hard_02.mp3,lyrics/057_hard_02.txt,hard,hip_hop
057_hard_03,audio/057_hard_03.mp3,lyrics/057_hard_03.txt,hard,hip_hop
057_hard_04,audio/057_hard_04.mp3,lyrics/057_hard_04.txt,hard,hip_hop
057_hard_05,audio/057_hard_05.mp3,lyrics/057_hard_05.txt,hard,hip_hop
057_hard_06,audio/057_hard_06.mp3,lyrics/057_hard_06.txt,hard,hip_hop
057_hard_07,audio/057_hard_07.mp3,lyrics/057_hard_07.txt,hard,hip_hop
061_watch_n_learn_00,audio/061_watch_n_learn_00.mp3,lyrics/061_watch_n_learn_00.txt,watch,jazz
061_watch_n_learn_01,audio/061_watch_n_learn_01.mp3,lyrics/061_watch_n_learn_01.txt,watch,jazz
061_watch_n_learn_02,audio/061_watch_n_learn_02.mp3,lyrics/061_watch_n_learn_02.txt,watch,jazz
061_watch_n_learn_03,audio/061_watch_n_learn_03.mp3,lyrics/061_watch_n_learn_03.txt,watch,jazz
061_watch_n_learn_04,audio/061_watch_n_learn_04.mp3,lyrics/061_watch_n_learn_04.txt,watch,jazz
061_watch_n_learn_05,audio/061_watch_n_learn_05.mp3,lyrics/061_watch_n_learn_05.txt,watch,jazz
061_watch_n_learn_06,audio/061_watch_n_learn_06.mp3,lyrics/061_watch_n_learn_06.txt,watch,jazz
065_right_now_00,audio/065_right_now_00.mp3,lyrics/065_right_now_00.txt,right,jazz
065_right_now_01,audio/065_right_now_01.mp3,lyrics/065_right_now_01.txt,right,jazz
065_right_now_02,audio/065_right_now_02.mp3,lyrics/065_right_now_02.txt,right,jazz
065_right_now_03,audio/065_right_now_03.mp3,lyrics/065_right_now_03.txt,right,jazz
065_right_now_04,audio/065_right_now_04.mp3,lyrics/065_right_now_04.txt,right,jazz
065_right_now_05,audio/065_right_now_05.mp3,lyrics/065_right_now_05.txt,right,jazz
070_lost_in_paradise_00,audio/070_lost_in_paradise_00.mp3,lyrics/070_lost_in_paradise_00.txt,lost,jazz
070_lost_in_paradise_01,audio/070_lost_in_paradise_01.mp3,lyrics/070_lost_in_paradise_01.txt,lost,jazz
070_lost_in_paradise_02,audio/070_lost_in_paradise_02.mp3,lyrics/070_lost_in_paradise_02.txt,lost,jazz
070_lost_in_paradise_03,audio/070_lost_in_paradise_03.mp3,lyrics/070_lost_in_paradise_03.txt,lost,jazz
070_lost_in_paradise_04,audio/070_lost_in_paradise_04.mp3,lyrics/070_lost_in_paradise_04.txt,lost,jazz
070_lost_in_paradise_05,audio/070_lost_in_paradise_05.mp3,lyrics/070_lost_in_paradise_05.txt,lost,jazz
070_lost_in_paradise_06,audio/070_lost_in_paradise_06.mp3,lyrics/070_lost_in_paradise_06.txt,lost,jazz
074_complicated_00,audio/074_complicated_00.mp3,lyrics/074_complicated_00.txt,complicated,pop
074_complicated_01,audio/074_complicated_01.mp3,lyrics/074_complicated_01.txt,complicated,pop
074_complicated_02,audio/074_complicated_02.mp3,lyrics/074_complicated_02.txt,complicated,pop
074_complicated_03,audio/074_complicated_03.mp3,lyrics/074_complicated_03.txt,complicated,pop
074_complicated_04,audio/074_complicated_04.mp3,lyrics/074_complicated_04.txt,complicated,pop
074_complicated_05,audio/074_complicated_05.mp3,lyrics/074_complicated_05.txt,complicated,pop
074_complicated_06,audio/074_complicated_06.mp3,lyrics/074_complicated_06.txt,complicated,pop
074_complicated_07,audio/074_complicated_07.mp3,lyrics/074_complicated_07.txt,complicated,pop
075_drunk_on_love_00,audio/075_drunk_on_love_00.mp3,lyrics/075_drunk_on_love_00.txt,drunk,pop
075_drunk_on_love_01,audio/075_drunk_on_love_01.mp3,lyrics/075_drunk_on_love_01.txt,drunk,pop
075_drunk_on_love_02,audio/075_drunk_on_love_02.mp3,lyrics/075_drunk_on_love_02.txt,drunk,pop
075_drunk_on_love_03,audio/075_drunk_on_love_03.mp3,lyrics/075_drunk_on_love_03.txt,drunk,pop
075_drunk_on_love_04,audio/075_drunk_on_love_04.mp3,lyrics/075_drunk_on_love_04.txt,drunk,pop
075_drunk_on_love_05,audio/075_drunk_on_love_05.mp3,lyrics/075_drunk_on_love_05.txt,drunk,pop
075_drunk_on_love_06,audio/075_drunk_on_love_06.mp3,lyrics/075_drunk_on_love_06.txt,drunk,pop
080_cold_case_love_00,audio/080_cold_case_love_00.mp3,lyrics/080_cold_case_love_00.txt,cold,electronic
080_cold_case_love_01,audio/080_cold_case_love_01.mp3,lyrics/080_cold_case_love_01.txt,cold,electronic
080_cold_case_love_02,audio/080_cold_case_love_02.mp3,lyrics/080_cold_case_love_02.txt,cold,electronic
080_cold_case_love_03,audio/080_cold_case_love_03.mp3,lyrics/080_cold_case_love_03.txt,cold,electronic
080_cold_case_love_04,audio/080_cold_case_love_04.mp3,lyrics/080_cold_case_love_04.txt,cold,electronic
080_cold_case_love_05,audio/080_cold_case_love_05.mp3,lyrics/080_cold_case_love_05.txt,cold,electronic
080_cold_case_love_06,audio/080_cold_case_love_06.mp3,lyrics/080_cold_case_love_06.txt,cold,electronic
080_cold_case_love_07,audio/080_cold_case_love_07.mp3,lyrics/080_cold_case_love_07.txt,cold,electronic
080_cold_case_love_08,audio/080_cold_case_love_08.mp3,lyrics/080_cold_case_love_08.txt,cold,electronic
080_cold_case_love_09,audio/080_cold_case_love_09.mp3,lyrics/080_cold_case_love_09.txt,cold,electronic
080_cold_case_love_10,audio/080_cold_case_love_10.mp3,lyrics/080_cold_case_love_10.txt,cold,electronic
080_cold_case_love_11,audio/080_cold_case_love_11.mp3,lyrics/080_cold_case_love_11.txt,cold,electronic
083_wait_your_turn_00,audio/083_wait_your_turn_00.mp3,lyrics/083_wait_your_turn_00.txt,wait,pop
083_wait_your_turn_01,audio/083_wait_your_turn_01.mp3,lyrics/083_wait_your_turn_01.txt,wait,pop
083_wait_your_turn_02,audio/083_wait_your_turn_02.mp3,lyrics/083_wait_your_turn_02.txt,wait,pop
083_wait_your_turn_03,audio/083_wait_your_turn_03.mp3,lyrics/083_wait_your_turn_03.txt,wait,pop
083_wait_your_turn_04,audio/083_wait_your_turn_04.mp3,lyrics/083_wait_your_turn_04.txt,wait,pop
083_wait_your_turn_05,audio/083_wait_your_turn_05.mp3,lyrics/083_wait_your_turn_05.txt,wait,pop
083_wait_your_turn_06,audio/083_wait_your_turn_06.mp3,lyrics/083_wait_your_turn_06.txt,wait,pop
083_wait_your_turn_07,audio/083_wait_your_turn_07.mp3,lyrics/083_wait_your_turn_07.txt,wait,pop
084_farewell_00,audio/084_farewell_00.mp3,lyrics/084_farewell_00.txt,farewell,rock
084_farewell_01,audio/084_farewell_01.mp3,lyrics/084_farewell_01.txt,farewell,rock
084_farewell_02,audio/084_farewell_02.mp3,lyrics/084_farewell_02.txt,farewell,rock
084_farewell_03,audio/084_farewell_03.mp3,lyrics/084_farewell_03.txt,farewell,rock
084_farewell_04,audio/084_farewell_04.mp3,lyrics/084_farewell_04.txt,farewell,rock
084_farewell_05,audio/084_farewell_05.mp3,lyrics/084_farewell_05.txt,farewell,rock
084_farewell_06,audio/084_farewell_06.mp3,lyrics/084_farewell_06.txt,farewell,rock
084_farewell_07,audio/084_farewell_07.mp3,lyrics/084_farewell_07.txt,farewell,rock
088_fading_00,audio/088_fading_00.mp3,lyrics/088_fading_00.txt,fading,rock
088_fading_01,audio/088_fading_01.mp3,lyrics/088_fading_01.txt,fading,rock
088_fading_02,audio/088_fading_02.mp3,lyrics/088_fading_02.txt,fading,rock
088_fading_03,audio/088_fading_03.mp3,lyrics/088_fading_03.txt,fading,rock
088_fading_04,audio/088_fading_04.mp3,lyrics/088_fading_04.txt,fading,rock
088_fading_05,audio/088_fading_05.mp3,lyrics/088_fading_05.txt,fading,rock
088_fading_06,audio/088_fading_06.mp3,lyrics/088_fading_06.txt,fading,rock
089_we_all_want_love_00,audio/089_we_all_want_love_00.mp3,lyrics/089_we_all_want_love_00.txt,we,hip_hop
089_we_all_want_love_01,audio/089_we_all_want_love_01.mp3,lyrics/089_we_all_want_love_01.txt,we,hip_hop
089_we_all_want_love_02,audio/089_we_all_want_love_02.mp3,lyrics/089_we_all_want_love_02.txt,we,hip_hop
089_we_all_want_love_03,audio/089_we_all_want_love_03.mp3,lyrics/089_we_all_want_love_03.txt,we,hip_hop
089_we_all_want_love_04,audio/089_we_all_want_love_04.mp3,lyrics/089_we_all_want_love_04.txt,we,hip_hop
089_we_all_want_love_05,audio/089_we_all_want_love_05.mp3,lyrics/089_we_all_want_love_05.txt,we,hip_hop
089_we_all_want_love_06,audio/089_we_all_want_love_06.mp3,lyrics/089_we_all_want_love_06.txt,we,hip_hop
089_we_all_want_love_07,audio/089_we_all_want_love_07.mp3,lyrics/089_we_all_want_love_07.txt,we,hip_hop
090_photographs_00,audio/090_photographs_00.mp3,lyrics/090_photographs_00.txt,photographs,hip_hop
090_photographs_01,audio/090_photographs_01.mp3,lyrics/090_photographs_01.txt,photographs,hip_hop
090_photographs_02,audio/090_photographs_02.mp3,lyrics/090_photographs_02.txt,photographs,hip_hop
090_photographs_03,audio/090_photographs_03.mp3,lyrics/090_photographs_03.txt,photographs,hip_hop
090_photographs_04,audio/090_photographs_04.mp3,lyrics/090_photographs_04.txt,photographs,hip_hop
090_photographs_05,audio/090_photographs_05.mp3,lyrics/090_photographs_05.txt,photographs,hip_hop
090_photographs_06,audio/090_photographs_06.mp3,lyrics/090_photographs_06.txt,photographs,hip_hop
090_photographs_07,audio/090_photographs_07.mp3,lyrics/090_photographs_07.txt,photographs,hip_hop
090_photographs_08,audio/090_photographs_08.mp3,lyrics/090_photographs_08.txt,photographs,hip_hop
092_roc_me_out_00,audio/092_roc_me_out_00.mp3,lyrics/092_roc_me_out_00.txt,roc,hip_hop
092_roc_me_out_01,audio/092_roc_me_out_01.mp3,lyrics/092_roc_me_out_01.txt,roc,hip_hop
092_roc_me_out_02,audio/092_roc_me_out_02.mp3,lyrics/092_roc_me_out_02.txt,roc,hip_hop
092_roc_me_out_03,audio/092_roc_me_out_03.mp3,lyrics/092_roc_me_out_03.txt,roc,hip_hop
092_roc_me_out_04,audio/092_roc_me_out_04.mp3,lyrics/092_roc_me_out_04.txt,roc,hip_hop
092_roc_me_out_05,audio/092_roc_me_out_05.mp3,lyrics/092_roc_me_out_05.txt,roc,hip_hop
092_roc_me_out_06,audio/092_roc_me_out_06.mp3,lyrics/092_roc_me_out_06.txt,roc,hip_hop
099_love_the_way_you_lie_piano_version_00,audio/099_love_the_way_you_lie_piano_version_00.mp3,lyrics/099_love_the_way_you_lie_piano_version_00.txt,love,rock
099_love_the_way_you_lie_piano_version_01,audio/099_love_the_way_you_lie_piano_version_01.mp3,lyrics/099_love_the_way_you_lie_piano_version_01.txt,love,rock
099_love_the_way_you_lie_piano_version_02,audio/099_love_the_way_you_lie_piano_version_02.mp3,lyrics/099_love_the_way_you_lie_piano_version_02.txt,love,rock
099_love_the_way_you_lie_piano_version_03,audio/099_love_the_way_you_lie_piano_version_03.mp3,lyrics/099_love_the_way_you_lie_piano_version_03.txt,love,rock
099_love_the_way_you_lie_piano_version_04,audio/099_love_the_way_you_lie_piano_version_04.mp3,lyrics/099_love_the_way_you_lie_piano_version_04.txt,love,rock
099_love_the_way_you_lie_piano_version_05,audio/099_love_the_way_you_lie_piano_version_05.mp3,lyrics/099_love_the_way_you_lie_piano_version_05.txt,love,rock
099_love_the_way_you_lie_piano_version_06,audio/099_love_the_way_you_lie_piano_version_06.mp3,lyrics/099_love_the_way_you_lie_piano_version_06.txt,love,rock
099_love_the_way_you_lie_piano_version_07,audio/099_love_the_way_you_lie_piano_version_07.mp3,lyrics/099_love_the_way_you_lie_piano_version_07.txt,love,rock
099_love_the_way_you_lie_piano_version_08,audio/099_love_the_way_you_lie_piano_version_08.mp3,lyrics/099_love_the_way_you_lie_piano_version_08.txt,love,rock
099_love_the_way_you_lie_piano_version_09,audio/099_love_the_way_you_lie_piano_version_09.mp3,lyrics/099_love_the_way_you_lie_piano_version_09.txt,love,rock
104_the_last_song_00,audio/104_the_last_song_00.mp3,lyrics/104_the_last_song_00.txt,the,country
104_the_last_song_01,audio/104_the_last_song_01.mp3,lyrics/104_the_last_song_01.txt,the,country
104_the_last_song_02,audio/104_the_last_song_02.mp3,lyrics/104_the_last_song_02.txt,the,country
104_the_last_song_03,audio/104_the_last_song_03.mp3,lyrics/104_the_last_song_03.txt,the,country
104_the_last_song_04,audio/104_the_last_song_04.mp3,lyrics/104_the_last_song_04.txt,the,country
104_the_last_song_05,audio/104_the_last_song_05.mp3,lyrics/104_the_last_song_05.txt,the,country
104_the_last_song_06,audio/104_the_last_song_06.mp3,lyrics/104_the_last_song_06.txt,the,country
104_the_last_song_07,audio/104_the_last_song_07.mp3,lyrics/104_the_last_song_07.txt,the,country
116_mad_house_00,audio/116_mad_house_00.mp3,lyrics/116_mad_house_00.txt,mad,rock
116_mad_house_01,audio/116_mad_house_01.mp3,lyrics/116_mad_house_01.txt,mad,rock
116_mad_house_02,audio/116_mad_house_02.mp3,lyrics/116_mad_house_02.txt,mad,rock
155_should_i_00,audio/155_should_i_00.mp3,lyrics/155_should_i_00.txt,should,pop
155_should_i_01,audio/155_should_i_01.mp3,lyrics/155_should_i_01.txt,should,pop
155_should_i_02,audio/155_should_i_02.mp3,lyrics/155_should_i_02.txt,should,pop
168_needed_me_salva_remix_00,audio/168_needed_me_salva_remix_00.mp3,lyrics/168_needed_me_salva_remix_00.txt,needed,hip_hop
168_needed_me_salva_remix_01,audio/168_needed_me_salva_remix_01.mp3,lyrics/168_needed_me_salva_remix_01.txt,needed,hip_hop
168_needed_me_salva_remix_02,audio/168_needed_me_salva_remix_02.mp3,lyrics/168_needed_me_salva_remix_02.txt,needed,hip_hop
168_needed_me_salva_remix_03,audio/168_needed_me_salva_remix_03.mp3,lyrics/168_needed_me_salva_remix_03.txt,needed,hip_hop
168_needed_me_salva_remix_04,audio/168_needed_me_salva_remix_04.mp3,lyrics/168_needed_me_salva_remix_04.txt,needed,hip_hop
168_needed_me_salva_remix_05,audio/168_needed_me_salva_remix_05.mp3,lyrics/168_needed_me_salva_remix_05.txt,needed,hip_hop
183_work_bad_royale_remix_clean_00,audio/183_work_bad_royale_remix_clean_00.mp3,lyrics/183_work_bad_royale_remix_clean_00.txt,work,rock
183_work_bad_royale_remix_clean_01,audio/183_work_bad_royale_remix_clean_01.mp3,lyrics/183_work_bad_royale_remix_clean_01.txt,work,rock
183_work_bad_royale_remix_clean_02,audio/183_work_bad_royale_remix_clean_02.mp3,lyrics/183_work_bad_royale_remix_clean_02.txt,work,rock
183_work_bad_royale_remix_clean_03,audio/183_work_bad_royale_remix_clean_03.mp3,lyrics/183_work_bad_royale_remix_clean_03.txt,work,rock
183_work_bad_royale_remix_clean_04,audio/183_work_bad_royale_remix_clean_04.mp3,lyrics/183_work_bad_royale_remix_clean_04.txt,work,rock
183_work_bad_royale_remix_clean_05,audio/183_work_bad_royale_remix_clean_05.mp3,lyrics/183_work_bad_royale_remix_clean_05.txt,work,rock
183_work_bad_royale_remix_clean_06,audio/183_work_bad_royale_remix_clean_06.mp3,lyrics/183_work_bad_royale_remix_clean_06.txt,work,rock
183_work_bad_royale_remix_clean_07,audio/183_work_bad_royale_remix_clean_07.mp3,lyrics/183_work_bad_royale_remix_clean_07.txt,work,rock
183_work_bad_royale_remix_clean_08,audio/183_work_bad_royale_remix_clean_08.mp3,lyrics/183_work_bad_royale_remix_clean_08.txt,work,rock
183_work_bad_royale_remix_clean_09,audio/183_work_bad_royale_remix_clean_09.mp3,lyrics/183_work_bad_royale_remix_clean_09.txt,work,rock
183_work_bad_royale_remix_clean_10,audio/183_work_bad_royale_remix_clean_10.mp3,lyrics/183_work_bad_royale_remix_clean_10.txt,work,rock
183_work_bad_royale_remix_clean_11,audio/183_work_bad_royale_remix_clean_11.mp3,lyrics/183_work_bad_royale_remix_clean_11.txt,work,rock
183_work_bad_royale_remix_clean_12,audio/183_work_bad_royale_remix_clean_12.mp3,lyrics/183_work_bad_royale_remix_clean_12.txt,work,rock
183_work_bad_royale_remix_clean_13,audio/183_work_bad_royale_remix_clean_13.mp3,lyrics/183_work_bad_royale_remix_clean_13.txt,work,rock
183_work_bad_royale_remix_clean_14,audio/183_work_bad_royale_remix_clean_14.mp3,lyrics/183_work_bad_royale_remix_clean_14.txt,work,rock
194_russian_roulette_donni_hotwheel_remix_00,audio/194_russian_roulette_donni_hotwheel_remix_00.mp3,lyrics/194_russian_roulette_donni_hotwheel_remix_00.txt,russian,electronic
194_russian_roulette_donni_hotwheel_remix_01,audio/194_russian_roulette_donni_hotwheel_remix_01.mp3,lyrics/194_russian_roulette_donni_hotwheel_remix_01.txt,russian,electronic
194_russian_roulette_donni_hotwheel_remix_02,audio/194_russian_roulette_donni_hotwheel_remix_02.mp3,lyrics/194_russian_roulette_donni_hotwheel_remix_02.txt,russian,electronic
194_russian_roulette_donni_hotwheel_remix_03,audio/194_russian_roulette_donni_hotwheel_remix_03.mp3,lyrics/194_russian_roulette_donni_hotwheel_remix_03.txt,russian,electronic
194_russian_roulette_donni_hotwheel_remix_04,audio/194_russian_roulette_donni_hotwheel_remix_04.mp3,lyrics/194_russian_roulette_donni_hotwheel_remix_04.txt,russian,electronic
194_russian_roulette_donni_hotwheel_remix_05,audio/194_russian_roulette_donni_hotwheel_remix_05.mp3,lyrics/194_russian_roulette_donni_hotwheel_remix_05.txt,russian,electronic
194_russian_roulette_donni_hotwheel_remix_06,audio/194_russian_roulette_donni_hotwheel_remix_06.mp3,lyrics/194_russian_roulette_donni_hotwheel_remix_06.txt,russian,electronic
194_russian_roulette_donni_hotwheel_remix_07,audio/194_russian_roulette_donni_hotwheel_remix_07.mp3,lyrics/194_russian_roulette_donni_hotwheel_remix_07.txt,russian,electronic
194_russian_roulette_donni_hotwheel_remix_08,audio/194_russian_roulette_donni_hotwheel_remix_08.mp3,lyrics/194_russian_roulette_donni_hotwheel_remix_08.txt,russian,electronic
196_consideration_mangal_suvarnan_remix_00,audio/196_consideration_mangal_suvarnan_remix_00.mp3,lyrics/196_consideration_mangal_suvarnan_remix_00.txt,consideration,electronic
196_consideration_mangal_suvarnan_remix_01,audio/196_consideration_mangal_suvarnan_remix_01.mp3,lyrics/196_consideration_mangal_suvarnan_remix_01.txt,consideration,electronic
196_consideration_mangal_suvarnan_remix_02,audio/196_consideration_mangal_suvarnan_remix_02.mp3,lyrics/196_consideration_mangal_suvarnan_remix_02.txt,consideration,electronic
196_consideration_mangal_suvarnan_remix_03,audio/196_consideration_mangal_suvarnan_remix_03.mp3,lyrics/196_consideration_mangal_suvarnan_remix_03.txt,consideration,electronic
196_consideration_mangal_suvarnan_remix_04,audio/196_consideration_mangal_suvarnan_remix_04.mp3,lyrics/196_consideration_mangal_suvarnan_remix_04.txt,consideration,electronic
211_only_girl_in_the_world_extended_club_00,audio/211_only_girl_in_the_world_extended_club_00.mp3,lyrics/211_only_girl_in_the_world_extended_club_00.txt,only,hip_hop
211_only_girl_in_the_world_extended_club_01,audio/211_only_girl_in_the_world_extended_club_01.mp3,lyrics/211_only_girl_in_the_world_extended_club_01.txt,only,hip_hop
211_only_girl_in_the_world_extended_club_02,audio/211_only_girl_in_the_world_extended_club_02.mp3,lyrics/211_only_girl_in_the_world_extended_club_02.txt,only,hip_hop
211_only_girl_in_the_world_extended_club_03,audio/211_only_girl_in_the_world_extended_club_03.mp3,lyrics/211_only_girl_in_the_world_extended_club_03.txt,only,hip_hop
211_only_girl_in_the_world_extended_club_04,audio/211_only_girl_in_the_world_extended_club_04.mp3,lyrics/211_only_girl_in_the_world_extended_club_04.txt,only,hip_hop
211_only_girl_in_the_world_extended_club_05,audio/211_only_girl_in_the_world_extended_club_05.mp3,lyrics/211_only_girl_in_the_world_extended_club_05.txt,only,hip_hop
211_only_girl_in_the_world_extended_club_06,audio/211_only_girl_in_the_world_extended_club_06.mp3,lyrics/211_only_girl_in_the_world_extended_club_06.txt,only,hip_hop
211_only_girl_in_the_world_extended_club_07,audio/211_only_girl_in_the_world_extended_club_07.mp3,lyrics/211_only_girl_in_the_world_extended_club_07.txt,only,hip_hop
223_diamonds_jacob_plant_dubstep_remix_00,audio/223_diamonds_jacob_plant_dubstep_remix_00.mp3,lyrics/223_diamonds_jacob_plant_dubstep_remix_00.txt,diamonds,electronic
223_diamonds_jacob_plant_dubstep_remix_01,audio/223_diamonds_jacob_plant_dubstep_remix_01.mp3,lyrics/223_diamonds_jacob_plant_dubstep_remix_01.txt,diamonds,electronic
223_diamonds_jacob_plant_dubstep_remix_02,audio/223_diamonds_jacob_plant_dubstep_remix_02.mp3,lyrics/223_diamonds_jacob_plant_dubstep_remix_02.txt,diamonds,electronic
223_diamonds_jacob_plant_dubstep_remix_03,audio/223_diamonds_jacob_plant_dubstep_remix_03.mp3,lyrics/223_diamonds_jacob_plant_dubstep_remix_03.txt,diamonds,electronic
223_diamonds_jacob_plant_dubstep_remix_04,audio/223_diamonds_jacob_plant_dubstep_remix_04.mp3,lyrics/223_diamonds_jacob_plant_dubstep_remix_04.txt,diamonds,electronic
223_diamonds_jacob_plant_dubstep_remix_05,audio/223_diamonds_jacob_plant_dubstep_remix_05.mp3,lyrics/223_diamonds_jacob_plant_dubstep_remix_05.txt,diamonds,electronic
223_diamonds_jacob_plant_dubstep_remix_06,audio/223_diamonds_jacob_plant_dubstep_remix_06.mp3,lyrics/223_diamonds_jacob_plant_dubstep_remix_06.txt,diamonds,electronic
223_diamonds_jacob_plant_dubstep_remix_07,audio/223_diamonds_jacob_plant_dubstep_remix_07.mp3,lyrics/223_diamonds_jacob_plant_dubstep_remix_07.txt,diamonds,electronic
223_diamonds_jacob_plant_dubstep_remix_08,audio/223_diamonds_jacob_plant_dubstep_remix_08.mp3,lyrics/223_diamonds_jacob_plant_dubstep_remix_08.txt,diamonds,electronic
237_stupid_in_love_chew_fu_small_room_fix_00,audio/237_stupid_in_love_chew_fu_small_room_fix_00.mp3,lyrics/237_stupid_in_love_chew_fu_small_room_fix_00.txt,stupid,hip_hop
237_stupid_in_love_chew_fu_small_room_fix_01,audio/237_stupid_in_love_chew_fu_small_room_fix_01.mp3,lyrics/237_stupid_in_love_chew_fu_small_room_fix_01.txt,stupid,hip_hop
237_stupid_in_love_chew_fu_small_room_fix_02,audio/237_stupid_in_love_chew_fu_small_room_fix_02.mp3,lyrics/237_stupid_in_love_chew_fu_small_room_fix_02.txt,stupid,hip_hop
237_stupid_in_love_chew_fu_small_room_fix_03,audio/237_stupid_in_love_chew_fu_small_room_fix_03.mp3,lyrics/237_stupid_in_love_chew_fu_small_room_fix_03.txt,stupid,hip_hop
237_stupid_in_love_chew_fu_small_room_fix_04,audio/237_stupid_in_love_chew_fu_small_room_fix_04.mp3,lyrics/237_stupid_in_love_chew_fu_small_room_fix_04.txt,stupid,hip_hop
237_stupid_in_love_chew_fu_small_room_fix_05,audio/237_stupid_in_love_chew_fu_small_room_fix_05.mp3,lyrics/237_stupid_in_love_chew_fu_small_room_fix_05.txt,stupid,hip_hop
237_stupid_in_love_chew_fu_small_room_fix_06,audio/237_stupid_in_love_chew_fu_small_room_fix_06.mp3,lyrics/237_stupid_in_love_chew_fu_small_room_fix_06.txt,stupid,hip_hop
237_stupid_in_love_chew_fu_small_room_fix_07,audio/237_stupid_in_love_chew_fu_small_room_fix_07.mp3,lyrics/237_stupid_in_love_chew_fu_small_room_fix_07.txt,stupid,hip_hop
259_rude_boy_wideboys_stadium_radio_mix_00,audio/259_rude_boy_wideboys_stadium_radio_mix_00.mp3,lyrics/259_rude_boy_wideboys_stadium_radio_mix_00.txt,rude,jazz
259_rude_boy_wideboys_stadium_radio_mix_01,audio/259_rude_boy_wideboys_stadium_radio_mix_01.mp3,lyrics/259_rude_boy_wideboys_stadium_radio_mix_01.txt,rude,jazz
259_rude_boy_wideboys_stadium_radio_mix_02,audio/259_rude_boy_wideboys_stadium_radio_mix_02.mp3,lyrics/259_rude_boy_wideboys_stadium_radio_mix_02.txt,rude,jazz
259_rude_boy_wideboys_stadium_radio_mix_03,audio/259_rude_boy_wideboys_stadium_radio_mix_03.mp3,lyrics/259_rude_boy_wideboys_stadium_radio_mix_03.txt,rude,jazz
259_rude_boy_wideboys_stadium_radio_mix_04,audio/259_rude_boy_wideboys_stadium_radio_mix_04.mp3,lyrics/259_rude_boy_wideboys_stadium_radio_mix_04.txt,rude,jazz
259_rude_boy_wideboys_stadium_radio_mix_05,audio/259_rude_boy_wideboys_stadium_radio_mix_05.mp3,lyrics/259_rude_boy_wideboys_stadium_radio_mix_05.txt,rude,jazz
259_rude_boy_wideboys_stadium_radio_mix_06,audio/259_rude_boy_wideboys_stadium_radio_mix_06.mp3,lyrics/259_rude_boy_wideboys_stadium_radio_mix_06.txt,rude,jazz
282_g4l_chew_fu_guns_in_the_air_fix_00,audio/282_g4l_chew_fu_guns_in_the_air_fix_00.mp3,lyrics/282_g4l_chew_fu_guns_in_the_air_fix_00.txt,g4l,rock
282_g4l_chew_fu_guns_in_the_air_fix_01,audio/282_g4l_chew_fu_guns_in_the_air_fix_01.mp3,lyrics/282_g4l_chew_fu_guns_in_the_air_fix_01.txt,g4l,rock
282_g4l_chew_fu_guns_in_the_air_fix_02,audio/282_g4l_chew_fu_guns_in_the_air_fix_02.mp3,lyrics/282_g4l_chew_fu_guns_in_the_air_fix_02.txt,g4l,rock
282_g4l_chew_fu_guns_in_the_air_fix_03,audio/282_g4l_chew_fu_guns_in_the_air_fix_03.mp3,lyrics/282_g4l_chew_fu_guns_in_the_air_fix_03.txt,g4l,rock
282_g4l_chew_fu_guns_in_the_air_fix_04,audio/282_g4l_chew_fu_guns_in_the_air_fix_04.mp3,lyrics/282_g4l_chew_fu_guns_in_the_air_fix_04.txt,g4l,rock
282_g4l_chew_fu_guns_in_the_air_fix_05,audio/282_g4l_chew_fu_guns_in_the_air_fix_05.mp3,lyrics/282_g4l_chew_fu_guns_in_the_air_fix_05.txt,g4l,rock
282_g4l_chew_fu_guns_in_the_air_fix_06,audio/282_g4l_chew_fu_guns_in_the_air_fix_06.mp3,lyrics/282_g4l_chew_fu_guns_in_the_air_fix_06.txt,g4l,rock
282_g4l_chew_fu_guns_in_the_air_fix_07,audio/282_g4l_chew_fu_guns_in_the_air_fix_07.mp3,lyrics/282_g4l_chew_fu_guns_in_the_air_fix_07.txt,g4l,rock
292_fire_bomb_chew_fu_molotov_fix_00,audio/292_fire_bomb_chew_fu_molotov_fix_00.mp3,lyrics/292_fire_bomb_chew_fu_molotov_fix_00.txt,fire,jazz
292_fire_bomb_chew_fu_molotov_fix_01,audio/292_fire_bomb_chew_fu_molotov_fix_01.mp3,lyrics/292_fire_bomb_chew_fu_molotov_fix_01.txt,fire,jazz
292_fire_bomb_chew_fu_molotov_fix_02,audio/292_fire_bomb_chew_fu_molotov_fix_02.mp3,lyrics/292_fire_bomb_chew_fu_molotov_fix_02.txt,fire,jazz
292_fire_bomb_chew_fu_molotov_fix_03,audio/292_fire_bomb_chew_fu_molotov_fix_03.mp3,lyrics/292_fire_bomb_chew_fu_molotov_fix_03.txt,fire,jazz
292_fire_bomb_chew_fu_molotov_fix_04,audio/292_fire_bomb_chew_fu_molotov_fix_04.mp3,lyrics/292_fire_bomb_chew_fu_molotov_fix_04.txt,fire,jazz
292_fire_bomb_chew_fu_molotov_fix_05,audio/292_fire_bomb_chew_fu_molotov_fix_05.mp3,lyrics/292_fire_bomb_chew_fu_molotov_fix_05.txt,fire,jazz
292_fire_bomb_chew_fu_molotov_fix_06,audio/292_fire_bomb_chew_fu_molotov_fix_06.mp3,lyrics/292_fire_bomb_chew_fu_molotov_fix_06.txt,fire,jazz
292_fire_bomb_chew_fu_molotov_fix_07,audio/292_fire_bomb_chew_fu_molotov_fix_07.mp3,lyrics/292_fire_bomb_chew_fu_molotov_fix_07.txt,fire,jazz
307_where_have_you_been_vice_club_mix_00,audio/307_where_have_you_been_vice_club_mix_00.mp3,lyrics/307_where_have_you_been_vice_club_mix_00.txt,where,hip_hop
307_where_have_you_been_vice_club_mix_01,audio/307_where_have_you_been_vice_club_mix_01.mp3,lyrics/307_where_have_you_been_vice_club_mix_01.txt,where,hip_hop
307_where_have_you_been_vice_club_mix_02,audio/307_where_have_you_been_vice_club_mix_02.mp3,lyrics/307_where_have_you_been_vice_club_mix_02.txt,where,hip_hop
307_where_have_you_been_vice_club_mix_03,audio/307_where_have_you_been_vice_club_mix_03.mp3,lyrics/307_where_have_you_been_vice_club_mix_03.txt,where,hip_hop
307_where_have_you_been_vice_club_mix_04,audio/307_where_have_you_been_vice_club_mix_04.mp3,lyrics/307_where_have_you_been_vice_club_mix_04.txt,where,hip_hop
307_where_have_you_been_vice_club_mix_05,audio/307_where_have_you_been_vice_club_mix_05.mp3,lyrics/307_where_have_you_been_vice_club_mix_05.txt,where,hip_hop
307_where_have_you_been_vice_club_mix_06,audio/307_where_have_you_been_vice_club_mix_06.mp3,lyrics/307_where_have_you_been_vice_club_mix_06.txt,where,hip_hop
307_where_have_you_been_vice_club_mix_07,audio/307_where_have_you_been_vice_club_mix_07.mp3,lyrics/307_where_have_you_been_vice_club_mix_07.txt,where,hip_hop
307_where_have_you_been_vice_club_mix_08,audio/307_where_have_you_been_vice_club_mix_08.mp3,lyrics/307_where_have_you_been_vice_club_mix_08.txt,where,hip_hop
317_california_king_bed_dj_chus_abel_ramos_club_00,audio/317_california_king_bed_dj_chus_abel_ramos_club_00.mp3,lyrics/317_california_king_bed_dj_chus_abel_ramos_club_00.txt,california,folk
317_california_king_bed_dj_chus_abel_ramos_club_01,audio/317_california_king_bed_dj_chus_abel_ramos_club_01.mp3,lyrics/317_california_king_bed_dj_chus_abel_ramos_club_01.txt,california,folk
317_california_king_bed_dj_chus_abel_ramos_club_02,audio/317_california_king_bed_dj_chus_abel_ramos_club_02.mp3,lyrics/317_california_king_bed_dj_chus_abel_ramos_club_02.txt,california,folk
317_california_king_bed_dj_chus_abel_ramos_club_03,audio/317_california_king_bed_dj_chus_abel_ramos_club_03.mp3,lyrics/317_california_king_bed_dj_chus_abel_ramos_club_03.txt,california,folk
317_california_king_bed_dj_chus_abel_ramos_club_04,audio/317_california_king_bed_dj_chus_abel_ramos_club_04.mp3,lyrics/317_california_king_bed_dj_chus_abel_ramos_club_04.txt,california,folk
317_california_king_bed_dj_chus_abel_ramos_club_05,audio/317_california_king_bed_dj_chus_abel_ramos_club_05.mp3,lyrics/317_california_king_bed_dj_chus_abel_ramos_club_05.txt,california,folk
317_california_king_bed_dj_chus_abel_ramos_club_06,audio/317_california_king_bed_dj_chus_abel_ramos_club_06.mp3,lyrics/317_california_king_bed_dj_chus_abel_ramos_club_06.txt,california,folk
317_california_king_bed_dj_chus_abel_ramos_club_07,audio/317_california_king_bed_dj_chus_abel_ramos_club_07.mp3,lyrics/317_california_king_bed_dj_chus_abel_ramos_club_07.txt,california,folk
317_california_king_bed_dj_chus_abel_ramos_club_08,audio/317_california_king_bed_dj_chus_abel_ramos_club_08.mp3,lyrics/317_california_king_bed_dj_chus_abel_ramos_club_08.txt,california,folk
380_you_da_one_gregor_salto_drum_dub_00,audio/380_you_da_one_gregor_salto_drum_dub_00.mp3,lyrics/380_you_da_one_gregor_salto_drum_dub_00.txt,you,R&B
380_you_da_one_gregor_salto_drum_dub_01,audio/380_you_da_one_gregor_salto_drum_dub_01.mp3,lyrics/380_you_da_one_gregor_salto_drum_dub_01.txt,you,R&B
380_you_da_one_gregor_salto_drum_dub_02,audio/380_you_da_one_gregor_salto_drum_dub_02.mp3,lyrics/380_you_da_one_gregor_salto_drum_dub_02.txt,you,R&B
380_you_da_one_gregor_salto_drum_dub_03,audio/380_you_da_one_gregor_salto_drum_dub_03.mp3,lyrics/380_you_da_one_gregor_salto_drum_dub_03.txt,you,R&B
380_you_da_one_gregor_salto_drum_dub_04,audio/380_you_da_one_gregor_salto_drum_dub_04.mp3,lyrics/380_you_da_one_gregor_salto_drum_dub_04.txt,you,R&B
380_you_da_one_gregor_salto_drum_dub_05,audio/380_you_da_one_gregor_salto_drum_dub_05.mp3,lyrics/380_you_da_one_gregor_salto_drum_dub_05.txt,you,R&B
380_you_da_one_gregor_salto_drum_dub_06,audio/380_you_da_one_gregor_salto_drum_dub_06.mp3,lyrics/380_you_da_one_gregor_salto_drum_dub_06.txt,you,R&B
